Threads: 1
***** SPP runtime statistics *****
__spp_extract_tagval_cnt		: 375515515 
__spp_is_pm_ptr_cnt			: 1215228148 
__spp_vol_ptr_check_cnt			: 892802952 
__spp_cleantag_cnt			: 411515517 
USELESS__spp_cleantag_cnt		: 25000002 
__spp_cleantag_external_cnt		: 147773897 
USELESS__spp_cleantag_external_cnt	: 92291948 
__spp_checkbound_cnt			: 762802162 
USELESS__spp_checkbound_cnt		: 601080567 
__spp_updatetag_cnt			: 721557206 
USELESS__spp_updatetag_cnt		: 507065698 
__spp_memintr_check_and_clean_cnt	: 151360233 

***** SPP direct runtime statistics *****
__spp_cleantag_cnt_direct		: 376515515 
__spp_cleantag_external_cnt_direct	: 55391630 
__spp_checkbound_cnt_direct		: 29090319 
__spp_updatetag_cnt_direct		: 53180638 
__spp_memintr_check_and_clean_cnt_direct: 500000 

Threads: 2
***** SPP runtime statistics *****
__spp_extract_tagval_cnt		: 576347152 
__spp_is_pm_ptr_cnt			: 1482060353 
__spp_vol_ptr_check_cnt			: 1182062568 
__spp_cleantag_cnt			: 605362877 
USELESS__spp_cleantag_cnt		: 48506583 
__spp_cleantag_external_cnt		: 232421732 
USELESS__spp_cleantag_external_cnt	: 156957841 
__spp_checkbound_cnt			: 958583391 
USELESS__spp_checkbound_cnt		: 800038427 
__spp_updatetag_cnt			: 891371326 
USELESS__spp_updatetag_cnt		: 692659776 
__spp_memintr_check_and_clean_cnt	: 228644570 

***** SPP direct runtime statistics *****
__spp_cleantag_cnt_direct		: 580312007 
__spp_cleantag_external_cnt_direct	: 97333449 
__spp_checkbound_cnt_direct		: 53970366 
__spp_updatetag_cnt_direct		: 97261862 
__spp_memintr_check_and_clean_cnt_direct: 997667 

Threads: 4
***** SPP runtime statistics *****
__spp_extract_tagval_cnt		: 706429468 
__spp_is_pm_ptr_cnt			: 1267508427 
__spp_vol_ptr_check_cnt			: 1079432099 
__spp_cleantag_cnt			: 706668683 
USELESS__spp_cleantag_cnt		: 82328194 
__spp_cleantag_external_cnt		: 254600092 
USELESS__spp_cleantag_external_cnt	: 189549369 
__spp_checkbound_cnt			: 805217735 
USELESS__spp_checkbound_cnt		: 713686175 
__spp_updatetag_cnt			: 724599139 
USELESS__spp_updatetag_cnt		: 612081732 
__spp_memintr_check_and_clean_cnt	: 270097383 

***** SPP direct runtime statistics *****
__spp_cleantag_cnt_direct		: 712778467 
__spp_cleantag_external_cnt_direct	: 139111076 
__spp_checkbound_cnt_direct		: 88284862 
__spp_updatetag_cnt_direct		: 154892887 
__spp_memintr_check_and_clean_cnt_direct: 1986580 

Threads: 8
***** SPP runtime statistics *****
__spp_extract_tagval_cnt		: 794268189 
__spp_is_pm_ptr_cnt			: 1276954365 
__spp_vol_ptr_check_cnt			: 1111806633 
__spp_cleantag_cnt			: 779559574 
USELESS__spp_cleantag_cnt		: 134309819 
__spp_cleantag_external_cnt		: 294342767 
USELESS__spp_cleantag_external_cnt	: 229112586 
__spp_checkbound_cnt			: 811677565 
USELESS__spp_checkbound_cnt		: 741486164 
__spp_updatetag_cnt			: 728861987 
USELESS__spp_updatetag_cnt		: 630868022 
__spp_memintr_check_and_clean_cnt	: 315667291 

***** SPP direct runtime statistics *****
__spp_cleantag_cnt_direct		: 800905592 
__spp_cleantag_external_cnt_direct	: 185146901 
__spp_checkbound_cnt_direct		: 136688178 
__spp_updatetag_cnt_direct		: 226897773 
__spp_memintr_check_and_clean_cnt_direct: 3950100 

Threads: 16
***** SPP runtime statistics *****
__spp_extract_tagval_cnt		: 880844117 
__spp_is_pm_ptr_cnt			: 1333471164 
__spp_vol_ptr_check_cnt			: 1149191310 
__spp_cleantag_cnt			: 866199540 
USELESS__spp_cleantag_cnt		: 217360122 
__spp_cleantag_external_cnt		: 362427363 
USELESS__spp_cleantag_external_cnt	: 289494930 
__spp_checkbound_cnt			: 876744227 
USELESS__spp_checkbound_cnt		: 796939341 
__spp_updatetag_cnt			: 816487863 
USELESS__spp_updatetag_cnt		: 701570905 
__spp_memintr_check_and_clean_cnt	: 384006491 

***** SPP direct runtime statistics *****
__spp_cleantag_cnt_direct		: 887958626 
__spp_cleantag_external_cnt_direct	: 249256005 
__spp_checkbound_cnt_direct		: 201776661 
__spp_updatetag_cnt_direct		: 311492426 
__spp_memintr_check_and_clean_cnt_direct: 7811837 

Threads: 32
***** SPP runtime statistics *****
__spp_extract_tagval_cnt		: 1325129243 
__spp_is_pm_ptr_cnt			: 1691907815 
__spp_vol_ptr_check_cnt			: 1496067475 
__spp_cleantag_cnt			: 1338475014 
USELESS__spp_cleantag_cnt		: 466851208 
__spp_cleantag_external_cnt		: 808746692 
USELESS__spp_cleantag_external_cnt	: 621693913 
__spp_checkbound_cnt			: 1273026146 
USELESS__spp_checkbound_cnt		: 1166853912 
__spp_updatetag_cnt			: 1298909910 
USELESS__spp_updatetag_cnt		: 1221860741 
__spp_memintr_check_and_clean_cnt	: 916596772 

***** SPP direct runtime statistics *****
__spp_cleantag_cnt_direct		: 1360922141 
__spp_cleantag_external_cnt_direct	: 650258044 
__spp_checkbound_cnt_direct		: 401966124 
__spp_updatetag_cnt_direct		: 594590801 
__spp_memintr_check_and_clean_cnt_direct: 15604891 

