Threads: 1
***** SPP runtime statistics *****
__spp_extract_tagval_cnt		: 1182735135 
__spp_is_pm_ptr_cnt			: 3534512903 
__spp_vol_ptr_check_cnt			: 2311687449 
__spp_cleantag_cnt			: 1277735135 
USELESS__spp_cleantag_cnt		: 60000000 
__spp_cleantag_external_cnt		: 281794843 
USELESS__spp_cleantag_external_cnt	: 185812894 
__spp_checkbound_cnt			: 2229409730 
USELESS__spp_checkbound_cnt		: 1604812928 
__spp_updatetag_cnt			: 1553201474 
USELESS__spp_updatetag_cnt		: 1090636510 
__spp_memintr_check_and_clean_cnt	: 406241944 

***** SPP direct runtime statistics *****
__spp_cleantag_cnt_direct		: 1182735135 
__spp_cleantag_external_cnt_direct	: 90891630 
__spp_checkbound_cnt_direct		: 0 
__spp_updatetag_cnt_direct		: 0 
__spp_memintr_check_and_clean_cnt_direct: 0 

Threads: 2
***** SPP runtime statistics *****
__spp_extract_tagval_cnt		: 1969672130 
__spp_is_pm_ptr_cnt			: 4669047994 
__spp_vol_ptr_check_cnt			: 3355348309 
__spp_cleantag_cnt			: 2095995161 
USELESS__spp_cleantag_cnt		: 118084438 
__spp_cleantag_external_cnt		: 482203996 
USELESS__spp_cleantag_external_cnt	: 327950787 
__spp_checkbound_cnt			: 3028247522 
USELESS__spp_checkbound_cnt		: 2353712534 
__spp_updatetag_cnt			: 2231706924 
USELESS__spp_updatetag_cnt		: 1714428877 
__spp_memintr_check_and_clean_cnt	: 707661840 

***** SPP direct runtime statistics *****
__spp_cleantag_cnt_direct		: 1969454887 
__spp_cleantag_external_cnt_direct	: 172818445 
__spp_checkbound_cnt_direct		: 0 
__spp_updatetag_cnt_direct		: 0 
__spp_memintr_check_and_clean_cnt_direct: 0 

Threads: 4
***** SPP runtime statistics *****
__spp_extract_tagval_cnt		: 2330619340 
__spp_is_pm_ptr_cnt			: 3513161130 
__spp_vol_ptr_check_cnt			: 2858978291 
__spp_cleantag_cnt			: 2428040653 
USELESS__spp_cleantag_cnt		: 211661680 
__spp_cleantag_external_cnt		: 646771517 
USELESS__spp_cleantag_external_cnt	: 461996037 
__spp_checkbound_cnt			: 2319809683 
USELESS__spp_checkbound_cnt		: 2006388099 
__spp_updatetag_cnt			: 1803929193 
USELESS__spp_updatetag_cnt		: 1646915871 
__spp_memintr_check_and_clean_cnt	: 867817100 

***** SPP direct runtime statistics *****
__spp_cleantag_cnt_direct		: 2328900301 
__spp_cleantag_external_cnt_direct	: 292510808 
__spp_checkbound_cnt_direct		: 0 
__spp_updatetag_cnt_direct		: 0 
__spp_memintr_check_and_clean_cnt_direct: 0 

Threads: 8
***** SPP runtime statistics *****
__spp_extract_tagval_cnt		: 2583094889 
__spp_is_pm_ptr_cnt			: 3559259972 
__spp_vol_ptr_check_cnt			: 3013547829 
__spp_cleantag_cnt			: 2665119678 
USELESS__spp_cleantag_cnt		: 361491223 
__spp_cleantag_external_cnt		: 821792461 
USELESS__spp_cleantag_external_cnt	: 609757345 
__spp_checkbound_cnt			: 2336121738 
USELESS__spp_checkbound_cnt		: 2095921110 
__spp_updatetag_cnt			: 1822855659 
USELESS__spp_updatetag_cnt		: 1770131663 
__spp_memintr_check_and_clean_cnt	: 1051675118 

***** SPP direct runtime statistics *****
__spp_cleantag_cnt_direct		: 2577731876 
__spp_cleantag_external_cnt_direct	: 463789873 
__spp_checkbound_cnt_direct		: 0 
__spp_updatetag_cnt_direct		: 0 
__spp_memintr_check_and_clean_cnt_direct: 0 

Threads: 16
***** SPP runtime statistics *****
__spp_extract_tagval_cnt		: 2986735559 
__spp_is_pm_ptr_cnt			: 3816908040 
__spp_vol_ptr_check_cnt			: 3166505414 
__spp_cleantag_cnt			: 3074738527 
USELESS__spp_cleantag_cnt		: 609753244 
__spp_cleantag_external_cnt		: 1055008844 
USELESS__spp_cleantag_external_cnt	: 787324910 
__spp_checkbound_cnt			: 2577548405 
USELESS__spp_checkbound_cnt		: 2230766614 
__spp_updatetag_cnt			: 2003277048 
USELESS__spp_updatetag_cnt		: 1905756313 
__spp_memintr_check_and_clean_cnt	: 1380771870 

***** SPP direct runtime statistics *****
__spp_cleantag_cnt_direct		: 2974621800 
__spp_cleantag_external_cnt_direct	: 742488649 
__spp_checkbound_cnt_direct		: 0 
__spp_updatetag_cnt_direct		: 0 
__spp_memintr_check_and_clean_cnt_direct: 0 

Threads: 32
***** SPP runtime statistics *****
__spp_extract_tagval_cnt		: 4824627823 
__spp_is_pm_ptr_cnt			: 5057318525 
__spp_vol_ptr_check_cnt			: 4380650115 
__spp_cleantag_cnt			: 4955431054 
USELESS__spp_cleantag_cnt		: 1315801056 
__spp_cleantag_external_cnt		: 2728887724 
USELESS__spp_cleantag_external_cnt	: 1945723658 
__spp_checkbound_cnt			: 4131348151 
USELESS__spp_checkbound_cnt		: 3499154200 
__spp_updatetag_cnt			: 3565068027 
USELESS__spp_updatetag_cnt		: 3192473898 
__spp_memintr_check_and_clean_cnt	: 3161575978 

***** SPP direct runtime statistics *****
__spp_cleantag_cnt_direct		: 4741172143 
__spp_cleantag_external_cnt_direct	: 1735471847 
__spp_checkbound_cnt_direct		: 0 
__spp_updatetag_cnt_direct		: 0 
__spp_memintr_check_and_clean_cnt_direct: 0 

