id,Benchmark,CPU,CPU model,CPUCache,Date:,Engine,Entries,Keys [bytes each],Median [micros/op],Open [millis/op],Path,Percentilie P50.000000 [micros/op],Percentilie P75.000000 [micros/op],Percentilie P90.000000 [micros/op],Percentilie P99.900000 [micros/op],Percentilie P99.990000 [micros/op],RawSize [MB (estimated)],Values [bytes each],extra_data,micros/op (avarage),ops/sec,throughput [MB/s],Threads
2,readrandomwriterandom,64,Intel(R) Xeon(R) Gold 6326 CPU @ 2.90GHz,24576 KB,10/29/22 15:04:20,cmap,1000000,16,2.837539,,/mnt/pmem0/pmemkv,2.837539,3.580952,4.388826,10.186728,13.834657,991.821289,1024,(reads:9500000 writes:500000 total:10000000 found:9500000),2.560036,390622.260417,387.427480,1
2,readrandomwriterandom,64,Intel(R) Xeon(R) Gold 6326 CPU @ 2.90GHz,24576 KB,10/29/22 15:05:01,cmap,1000000,16,2.868320,,/mnt/pmem0/pmemkv,2.868320,3.618794,4.471196,9.294579,13.580567,991.821289,1024,(reads:9500000 writes:500000 total:10000000 found:9500000),2.600318,768520.958333,762.235474,2
2,readrandomwriterandom,64,Intel(R) Xeon(R) Gold 6326 CPU @ 2.90GHz,24576 KB,10/29/22 15:05:41,cmap,1000000,16,2.956921,,/mnt/pmem0/pmemkv,2.956921,3.720878,4.594993,8.447485,12.332696,991.821289,1024,(reads:9500000 writes:500000 total:10000000 found:9500000),2.673248,1494242.708333,1482.021688,4
2,readrandomwriterandom,64,Intel(R) Xeon(R) Gold 6326 CPU @ 2.90GHz,24576 KB,10/29/22 15:06:25,cmap,1000000,16,3.229037,,/mnt/pmem0/pmemkv,3.229037,3.935284,4.910313,9.003132,12.194050,991.821289,1024,(reads:9500000 writes:500000 total:10000000 found:9500000),2.915753,2734545.583333,2712.180501,8
2,readrandomwriterandom,64,Intel(R) Xeon(R) Gold 6326 CPU @ 2.90GHz,24576 KB,10/29/22 15:07:10,cmap,1000000,16,3.780838,,/mnt/pmem0/pmemkv,3.780838,4.785451,5.909413,10.942315,13.582059,991.821289,1024,(reads:9500000 writes:500000 total:10000000 found:9500000),3.525773,4522844.833333,4485.853841,16
2,readrandomwriterandom,64,Intel(R) Xeon(R) Gold 6326 CPU @ 2.90GHz,24576 KB,10/29/22 15:08:11,cmap,1000000,16,5.583892,,/mnt/pmem0/pmemkv,5.583892,7.213682,9.327670,25.559445,40.206930,991.821289,1024,(reads:9500000 writes:500000 total:10000000 found:9500000),5.627140,5656984.166667,5610.717122,32
