readrandomwriterandom_threads_1.csv
id,Benchmark,CPU,CPU model,CPUCache,Date:,Engine,Entries,Keys [bytes each],Median [micros/op],Open [millis/op],Path,Percentilie P50.000000 [micros/op],Percentilie P75.000000 [micros/op],Percentilie P90.000000 [micros/op],Percentilie P99.900000 [micros/op],Percentilie P99.990000 [micros/op],RawSize [MB (estimated)],Values [bytes each],extra_data,micros/op (avarage),ops/sec,throughput [MB/s],Threads
2,readrandomwriterandom,64,Intel(R) Xeon(R) Gold 6326 CPU @ 2.90GHz,24576 KB,10/29/22 14:54:22,cmap,1000000,16,2.833857,,/mnt/pmem0/pmemkv,2.833857,3.576945,4.383386,10.090615,13.773672,991.821289,1024,(reads:9500000 writes:500000 total:10000000 found:9500000),2.555302,391343.156250,388.142487,1
2,readrandomwriterandom,64,Intel(R) Xeon(R) Gold 6326 CPU @ 2.90GHz,24576 KB,10/29/22 14:55:04,cmap,1000000,16,2.868107,,/mnt/pmem0/pmemkv,2.868107,3.618177,4.485673,9.496385,13.805727,991.821289,1024,(reads:9500000 writes:500000 total:10000000 found:9500000),2.608076,765743.250000,759.480469,2
2,readrandomwriterandom,64,Intel(R) Xeon(R) Gold 6326 CPU @ 2.90GHz,24576 KB,10/29/22 14:55:45,cmap,1000000,16,2.948899,,/mnt/pmem0/pmemkv,2.948899,3.713690,4.588834,8.460799,12.300190,991.821289,1024,(reads:9500000 writes:500000 total:10000000 found:9500000),2.666285,1499219.750000,1486.958008,4
2,readrandomwriterandom,64,Intel(R) Xeon(R) Gold 6326 CPU @ 2.90GHz,24576 KB,10/29/22 14:56:29,cmap,1000000,16,3.223792,,/mnt/pmem0/pmemkv,3.223792,3.931792,4.916083,9.115567,12.364325,991.821289,1024,(reads:9500000 writes:500000 total:10000000 found:9500000),2.918543,2733025.000000,2710.672363,8
2,readrandomwriterandom,64,Intel(R) Xeon(R) Gold 6326 CPU @ 2.90GHz,24576 KB,10/29/22 14:57:14,cmap,1000000,16,3.781271,,/mnt/pmem0/pmemkv,3.781271,4.789398,5.918912,11.005055,13.636405,991.821289,1024,(reads:9500000 writes:500000 total:10000000 found:9500000),3.528889,4519811.500000,4482.845215,16
2,readrandomwriterandom,64,Intel(R) Xeon(R) Gold 6326 CPU @ 2.90GHz,24576 KB,10/29/22 14:58:11,cmap,1000000,16,5.596586,,/mnt/pmem0/pmemkv,5.596586,7.207571,9.245418,24.054011,37.409491,991.821289,1024,(reads:9500000 writes:500000 total:10000000 found:9500000),5.603855,5667452.000000,5621.099121,32
readrandomwriterandom_threads_2.csv
id,Benchmark,CPU,CPU model,CPUCache,Date:,Engine,Entries,Keys [bytes each],Median [micros/op],Open [millis/op],Path,Percentilie P50.000000 [micros/op],Percentilie P75.000000 [micros/op],Percentilie P90.000000 [micros/op],Percentilie P99.900000 [micros/op],Percentilie P99.990000 [micros/op],RawSize [MB (estimated)],Values [bytes each],extra_data,micros/op (avarage),ops/sec,throughput [MB/s],Threads
2,readrandomwriterandom,64,Intel(R) Xeon(R) Gold 6326 CPU @ 2.90GHz,24576 KB,10/29/22 14:59:20,cmap,1000000,16,2.835663,,/mnt/pmem0/pmemkv,2.835663,3.577414,4.374730,10.117146,13.788497,991.821289,1024,(reads:9500000 writes:500000 total:10000000 found:9500000),2.555321,391340.343750,388.139679,1
2,readrandomwriterandom,64,Intel(R) Xeon(R) Gold 6326 CPU @ 2.90GHz,24576 KB,10/29/22 15:00:03,cmap,1000000,16,2.868695,,/mnt/pmem0/pmemkv,2.868695,3.619351,4.486233,9.480270,13.839628,991.821289,1024,(reads:9500000 writes:500000 total:10000000 found:9500000),2.607327,766418.937500,760.150635,2
2,readrandomwriterandom,64,Intel(R) Xeon(R) Gold 6326 CPU @ 2.90GHz,24576 KB,10/29/22 15:00:44,cmap,1000000,16,2.960182,,/mnt/pmem0/pmemkv,2.960182,3.724582,4.598727,8.437898,12.333436,991.821289,1024,(reads:9500000 writes:500000 total:10000000 found:9500000),2.676287,1491706.000000,1479.505737,4
2,readrandomwriterandom,64,Intel(R) Xeon(R) Gold 6326 CPU @ 2.90GHz,24576 KB,10/29/22 15:01:26,cmap,1000000,16,3.226358,,/mnt/pmem0/pmemkv,3.226358,3.934710,4.894804,8.827102,11.844187,991.821289,1024,(reads:9500000 writes:500000 total:10000000 found:9500000),2.901138,2750009.250000,2727.517822,8
2,readrandomwriterandom,64,Intel(R) Xeon(R) Gold 6326 CPU @ 2.90GHz,24576 KB,10/29/22 15:02:10,cmap,1000000,16,3.779587,,/mnt/pmem0/pmemkv,3.779587,4.780743,5.899910,10.883887,13.541019,991.821289,1024,(reads:9500000 writes:500000 total:10000000 found:9500000),3.521950,4526296.000000,4489.276855,16
2,readrandomwriterandom,64,Intel(R) Xeon(R) Gold 6326 CPU @ 2.90GHz,24576 KB,10/29/22 15:03:11,cmap,1000000,16,5.585028,,/mnt/pmem0/pmemkv,5.585028,7.225334,9.384550,26.430060,41.702855,991.821289,1024,(reads:9500000 writes:500000 total:10000000 found:9500000),5.649607,5647296.000000,5601.108398,32
readrandomwriterandom_threads_3.csv
id,Benchmark,CPU,CPU model,CPUCache,Date:,Engine,Entries,Keys [bytes each],Median [micros/op],Open [millis/op],Path,Percentilie P50.000000 [micros/op],Percentilie P75.000000 [micros/op],Percentilie P90.000000 [micros/op],Percentilie P99.900000 [micros/op],Percentilie P99.990000 [micros/op],RawSize [MB (estimated)],Values [bytes each],extra_data,micros/op (avarage),ops/sec,throughput [MB/s],Threads
2,readrandomwriterandom,64,Intel(R) Xeon(R) Gold 6326 CPU @ 2.90GHz,24576 KB,10/29/22 15:04:20,cmap,1000000,16,2.843097,,/mnt/pmem0/pmemkv,2.843097,3.588498,4.408362,10.352422,13.941801,991.821289,1024,(reads:9500000 writes:500000 total:10000000 found:9500000),2.569484,389183.281250,386.000275,1
2,readrandomwriterandom,64,Intel(R) Xeon(R) Gold 6326 CPU @ 2.90GHz,24576 KB,10/29/22 15:05:01,cmap,1000000,16,2.868158,,/mnt/pmem0/pmemkv,2.868158,3.618854,4.441683,8.907083,13.096346,991.821289,1024,(reads:9500000 writes:500000 total:10000000 found:9500000),2.585550,773400.687500,767.075317,2
2,readrandomwriterandom,64,Intel(R) Xeon(R) Gold 6326 CPU @ 2.90GHz,24576 KB,10/29/22 15:05:41,cmap,1000000,16,2.961682,,/mnt/pmem0/pmemkv,2.961682,3.724362,4.597418,8.443759,12.364463,991.821289,1024,(reads:9500000 writes:500000 total:10000000 found:9500000),2.677173,1491802.375000,1479.601318,4
2,readrandomwriterandom,64,Intel(R) Xeon(R) Gold 6326 CPU @ 2.90GHz,24576 KB,10/29/22 15:06:25,cmap,1000000,16,3.236961,,/mnt/pmem0/pmemkv,3.236961,3.939351,4.920053,9.066727,12.373637,991.821289,1024,(reads:9500000 writes:500000 total:10000000 found:9500000),2.927578,2720602.500000,2698.351318,8
2,readrandomwriterandom,64,Intel(R) Xeon(R) Gold 6326 CPU @ 2.90GHz,24576 KB,10/29/22 15:07:10,cmap,1000000,16,3.781657,,/mnt/pmem0/pmemkv,3.781657,4.786213,5.909417,10.938002,13.568752,991.821289,1024,(reads:9500000 writes:500000 total:10000000 found:9500000),3.526479,4522427.000000,4485.439453,16
2,readrandomwriterandom,64,Intel(R) Xeon(R) Gold 6326 CPU @ 2.90GHz,24576 KB,10/29/22 15:08:11,cmap,1000000,16,5.570063,,/mnt/pmem0/pmemkv,5.570063,7.208140,9.353041,26.194265,41.508444,991.821289,1024,(reads:9500000 writes:500000 total:10000000 found:9500000),5.627958,5656204.500000,5609.943848,32
