id,Benchmark,CPU,CPU model,CPUCache,Date:,Engine,Entries,Keys [bytes each],Median [micros/op],Open [millis/op],Path,Percentilie P50.000000 [micros/op],Percentilie P75.000000 [micros/op],Percentilie P90.000000 [micros/op],Percentilie P99.900000 [micros/op],Percentilie P99.990000 [micros/op],RawSize [MB (estimated)],Values [bytes each],extra_data,micros/op (avarage),ops/sec,throughput [MB/s],Threads
2,readrandomwriterandom,64,Intel(R) Xeon(R) Gold 6326 CPU @ 2.90GHz,24576 KB,10/29/22 01:42:16,cmap,1000000,16,3.729672,,/mnt/pmem0/pmemkv,3.729672,4.465165,5.366936,18.481785,27.817560,991.821289,1024,(reads:9500000 writes:500000 total:10000000 found:9500000),3.816791,262001.500000,259.858663,1
2,readrandomwriterandom,64,Intel(R) Xeon(R) Gold 6326 CPU @ 2.90GHz,24576 KB,10/29/22 01:43:18,cmap,1000000,16,3.789100,,/mnt/pmem0/pmemkv,3.789100,4.550756,5.468203,17.671135,26.893663,991.821289,1024,(reads:9500000 writes:500000 total:10000000 found:9500000),3.939742,507594.635417,503.443166,2
2,readrandomwriterandom,64,Intel(R) Xeon(R) Gold 6326 CPU @ 2.90GHz,24576 KB,10/29/22 01:44:23,cmap,1000000,16,3.888294,,/mnt/pmem0/pmemkv,3.888294,4.676156,5.625388,16.919533,24.605370,991.821289,1024,(reads:9500000 writes:500000 total:10000000 found:9500000),4.052163,965346.145833,957.450867,4
2,readrandomwriterandom,64,Intel(R) Xeon(R) Gold 6326 CPU @ 2.90GHz,24576 KB,10/29/22 01:45:31,cmap,1000000,16,4.138328,,/mnt/pmem0/pmemkv,4.138328,4.888146,5.866197,17.208594,23.536069,991.821289,1024,(reads:9500000 writes:500000 total:10000000 found:9500000),4.271120,1823879.708333,1808.962769,8
2,readrandomwriterandom,64,Intel(R) Xeon(R) Gold 6326 CPU @ 2.90GHz,24576 KB,10/29/22 01:46:40,cmap,1000000,16,4.683651,,/mnt/pmem0/pmemkv,4.683651,5.633904,6.805489,17.898393,23.672041,991.821289,1024,(reads:9500000 writes:500000 total:10000000 found:9500000),4.841758,3187948.833333,3161.875570,16
2,readrandomwriterandom,64,Intel(R) Xeon(R) Gold 6326 CPU @ 2.90GHz,24576 KB,10/29/22 01:48:08,cmap,1000000,16,6.820367,,/mnt/pmem0/pmemkv,6.820367,8.201402,9.939092,28.971205,33.869248,991.821289,1024,(reads:9500000 writes:500000 total:10000000 found:9500000),7.351306,4274482.666667,4239.523112,32
