readrandomwriterandom_threads_1.csv
id,Benchmark,CPU,CPU model,CPUCache,Date:,Engine,Entries,Keys [bytes each],Median [micros/op],Open [millis/op],Path,Percentilie P50.000000 [micros/op],Percentilie P75.000000 [micros/op],Percentilie P90.000000 [micros/op],Percentilie P99.900000 [micros/op],Percentilie P99.990000 [micros/op],RawSize [MB (estimated)],Values [bytes each],extra_data,micros/op (avarage),ops/sec,throughput [MB/s],Threads
2,readrandomwriterandom,64,Intel(R) Xeon(R) Gold 6326 CPU @ 2.90GHz,24576 KB,10/29/22 01:27:19,cmap,1000000,16,3.735208,,/mnt/pmem0/pmemkv,3.735208,4.473480,5.376114,18.562023,27.880317,991.821289,1024,(reads:9500000 writes:500000 total:10000000 found:9500000),3.826860,261310.859375,259.173676,1
2,readrandomwriterandom,64,Intel(R) Xeon(R) Gold 6326 CPU @ 2.90GHz,24576 KB,10/29/22 01:28:22,cmap,1000000,16,3.788846,,/mnt/pmem0/pmemkv,3.788846,4.550818,5.469720,17.677483,26.972318,991.821289,1024,(reads:9500000 writes:500000 total:10000000 found:9500000),3.939770,507636.375000,503.484558,2
2,readrandomwriterandom,64,Intel(R) Xeon(R) Gold 6326 CPU @ 2.90GHz,24576 KB,10/29/22 01:29:27,cmap,1000000,16,3.891555,,/mnt/pmem0/pmemkv,3.891555,4.678952,5.627621,16.833401,24.592233,991.821289,1024,(reads:9500000 writes:500000 total:10000000 found:9500000),4.052373,966115.187500,958.213623,4
2,readrandomwriterandom,64,Intel(R) Xeon(R) Gold 6326 CPU @ 2.90GHz,24576 KB,10/29/22 01:30:34,cmap,1000000,16,4.129590,,/mnt/pmem0/pmemkv,4.129590,4.882785,5.861193,17.260020,23.505539,991.821289,1024,(reads:9500000 writes:500000 total:10000000 found:9500000),4.265960,1821454.000000,1806.556885,8
2,readrandomwriterandom,64,Intel(R) Xeon(R) Gold 6326 CPU @ 2.90GHz,24576 KB,10/29/22 01:31:43,cmap,1000000,16,4.684678,,/mnt/pmem0/pmemkv,4.684678,5.633152,6.802861,17.892347,23.892154,991.821289,1024,(reads:9500000 writes:500000 total:10000000 found:9500000),4.841016,3202730.250000,3176.536133,16
2,readrandomwriterandom,64,Intel(R) Xeon(R) Gold 6326 CPU @ 2.90GHz,24576 KB,10/29/22 01:33:11,cmap,1000000,16,6.828912,,/mnt/pmem0/pmemkv,6.828912,8.216060,9.953418,29.208259,34.342333,991.821289,1024,(reads:9500000 writes:500000 total:10000000 found:9500000),7.371919,4267028.500000,4232.129883,32
readrandomwriterandom_threads_2.csv
id,Benchmark,CPU,CPU model,CPUCache,Date:,Engine,Entries,Keys [bytes each],Median [micros/op],Open [millis/op],Path,Percentilie P50.000000 [micros/op],Percentilie P75.000000 [micros/op],Percentilie P90.000000 [micros/op],Percentilie P99.900000 [micros/op],Percentilie P99.990000 [micros/op],RawSize [MB (estimated)],Values [bytes each],extra_data,micros/op (avarage),ops/sec,throughput [MB/s],Threads
2,readrandomwriterandom,64,Intel(R) Xeon(R) Gold 6326 CPU @ 2.90GHz,24576 KB,10/29/22 01:34:47,cmap,1000000,16,3.726059,,/mnt/pmem0/pmemkv,3.726059,4.459364,5.358405,18.175230,27.571663,991.821289,1024,(reads:9500000 writes:500000 total:10000000 found:9500000),3.805990,262743.718750,260.594788,1
2,readrandomwriterandom,64,Intel(R) Xeon(R) Gold 6326 CPU @ 2.90GHz,24576 KB,10/29/22 01:35:50,cmap,1000000,16,3.792372,,/mnt/pmem0/pmemkv,3.792372,4.555144,5.473859,17.658942,26.824364,991.821289,1024,(reads:9500000 writes:500000 total:10000000 found:9500000),3.939646,507553.437500,503.402313,2
2,readrandomwriterandom,64,Intel(R) Xeon(R) Gold 6326 CPU @ 2.90GHz,24576 KB,10/29/22 01:36:54,cmap,1000000,16,3.883258,,/mnt/pmem0/pmemkv,3.883258,4.670630,5.618798,16.850655,24.614512,991.821289,1024,(reads:9500000 writes:500000 total:10000000 found:9500000),4.045264,973035.750000,965.077576,4
2,readrandomwriterandom,64,Intel(R) Xeon(R) Gold 6326 CPU @ 2.90GHz,24576 KB,10/29/22 01:38:01,cmap,1000000,16,4.143547,,/mnt/pmem0/pmemkv,4.143547,4.891556,5.869614,17.089990,23.504260,991.821289,1024,(reads:9500000 writes:500000 total:10000000 found:9500000),4.270577,1825050.750000,1810.124268,8
2,readrandomwriterandom,64,Intel(R) Xeon(R) Gold 6326 CPU @ 2.90GHz,24576 KB,10/29/22 01:39:11,cmap,1000000,16,4.681855,,/mnt/pmem0/pmemkv,4.681855,5.632581,6.805111,17.893847,23.463633,991.821289,1024,(reads:9500000 writes:500000 total:10000000 found:9500000),4.839722,3184369.750000,3158.325684,16
2,readrandomwriterandom,64,Intel(R) Xeon(R) Gold 6326 CPU @ 2.90GHz,24576 KB,10/29/22 01:40:39,cmap,1000000,16,6.825897,,/mnt/pmem0/pmemkv,6.825897,8.209636,9.945645,28.863497,33.658649,991.821289,1024,(reads:9500000 writes:500000 total:10000000 found:9500000),7.345264,4245218.000000,4210.498047,32
readrandomwriterandom_threads_3.csv
id,Benchmark,CPU,CPU model,CPUCache,Date:,Engine,Entries,Keys [bytes each],Median [micros/op],Open [millis/op],Path,Percentilie P50.000000 [micros/op],Percentilie P75.000000 [micros/op],Percentilie P90.000000 [micros/op],Percentilie P99.900000 [micros/op],Percentilie P99.990000 [micros/op],RawSize [MB (estimated)],Values [bytes each],extra_data,micros/op (avarage),ops/sec,throughput [MB/s],Threads
2,readrandomwriterandom,64,Intel(R) Xeon(R) Gold 6326 CPU @ 2.90GHz,24576 KB,10/29/22 01:42:16,cmap,1000000,16,3.727750,,/mnt/pmem0/pmemkv,3.727750,4.462651,5.366288,18.708102,28.000700,991.821289,1024,(reads:9500000 writes:500000 total:10000000 found:9500000),3.817523,261949.921875,259.807526,1
2,readrandomwriterandom,64,Intel(R) Xeon(R) Gold 6326 CPU @ 2.90GHz,24576 KB,10/29/22 01:43:18,cmap,1000000,16,3.786081,,/mnt/pmem0/pmemkv,3.786081,4.546305,5.461031,17.676980,26.884307,991.821289,1024,(reads:9500000 writes:500000 total:10000000 found:9500000),3.939810,507594.093750,503.442627,2
2,readrandomwriterandom,64,Intel(R) Xeon(R) Gold 6326 CPU @ 2.90GHz,24576 KB,10/29/22 01:44:23,cmap,1000000,16,3.890068,,/mnt/pmem0/pmemkv,3.890068,4.678885,5.629745,17.074542,24.609364,991.821289,1024,(reads:9500000 writes:500000 total:10000000 found:9500000),4.058853,956887.500000,949.061401,4
2,readrandomwriterandom,64,Intel(R) Xeon(R) Gold 6326 CPU @ 2.90GHz,24576 KB,10/29/22 01:45:31,cmap,1000000,16,4.141846,,/mnt/pmem0/pmemkv,4.141846,4.890098,5.867785,17.275771,23.598409,991.821289,1024,(reads:9500000 writes:500000 total:10000000 found:9500000),4.276824,1825134.375000,1810.207153,8
2,readrandomwriterandom,64,Intel(R) Xeon(R) Gold 6326 CPU @ 2.90GHz,24576 KB,10/29/22 01:46:40,cmap,1000000,16,4.684420,,/mnt/pmem0/pmemkv,4.684420,5.635978,6.808496,17.908986,23.660336,991.821289,1024,(reads:9500000 writes:500000 total:10000000 found:9500000),4.844537,3176746.500000,3150.764893,16
2,readrandomwriterandom,64,Intel(R) Xeon(R) Gold 6326 CPU @ 2.90GHz,24576 KB,10/29/22 01:48:08,cmap,1000000,16,6.806292,,/mnt/pmem0/pmemkv,6.806292,8.178510,9.918212,28.841860,33.606761,991.821289,1024,(reads:9500000 writes:500000 total:10000000 found:9500000),7.336734,4311201.500000,4275.941406,32
