id,Benchmark,CPU,CPU model,CPUCache,Date:,Engine,Entries,Keys [bytes each],Median [micros/op],Open [millis/op],Path,Percentilie P50.000000 [micros/op],Percentilie P75.000000 [micros/op],Percentilie P90.000000 [micros/op],Percentilie P99.900000 [micros/op],Percentilie P99.990000 [micros/op],RawSize [MB (estimated)],Values [bytes each],extra_data,micros/op (avarage),ops/sec,throughput [MB/s],Threads
2,deleteseq,64,Intel(R) Xeon(R) Gold 6326 CPU @ 2.90GHz,24576 KB,10/29/22 16:48:20,cmap,1000000,16,26.931789,,/mnt/pmem0/pmemkv,26.931789,28.604301,29.607809,39.276842,81.497047,991.821289,1024,,25.746382,38840.563802,0.000000,1
2,deleteseq,64,Intel(R) Xeon(R) Gold 6326 CPU @ 2.90GHz,24576 KB,10/29/22 16:49:07,cmap,1000000,16,28.041516,,/mnt/pmem0/pmemkv,28.041516,29.798751,31.147595,40.352002,91.561990,991.821289,1024,,27.395236,73053.981771,0.000000,2
2,deleteseq,64,Intel(R) Xeon(R) Gold 6326 CPU @ 2.90GHz,24576 KB,10/29/22 16:49:55,cmap,1000000,16,27.646315,,/mnt/pmem0/pmemkv,27.646315,29.043557,29.881903,39.716849,92.468531,991.821289,1024,,26.773562,149402.244792,0.000000,4
2,deleteseq,64,Intel(R) Xeon(R) Gold 6326 CPU @ 2.90GHz,24576 KB,10/29/22 16:50:44,cmap,1000000,16,32.148722,,/mnt/pmem0/pmemkv,32.148722,34.121449,36.088960,49.113129,89.875980,991.821289,1024,,31.090266,257608.531250,0.000000,8
2,deleteseq,64,Intel(R) Xeon(R) Gold 6326 CPU @ 2.90GHz,24576 KB,10/29/22 16:51:38,cmap,1000000,16,33.023594,,/mnt/pmem0/pmemkv,33.023594,42.556364,53.107395,83.164479,101.581138,991.821289,1024,,29.441145,543998.791667,0.000000,16
2,deleteseq,64,Intel(R) Xeon(R) Gold 6326 CPU @ 2.90GHz,24576 KB,10/29/22 16:52:41,cmap,1000000,16,34.165306,,/mnt/pmem0/pmemkv,34.165306,47.733503,69.553698,139.521891,159.766792,991.821289,1024,,31.718555,1009225.479167,0.000000,32
