deleteseq_threads_1.csv
id,Benchmark,CPU,CPU model,CPUCache,Date:,Engine,Entries,Keys [bytes each],Median [micros/op],Open [millis/op],Path,Percentilie P50.000000 [micros/op],Percentilie P75.000000 [micros/op],Percentilie P90.000000 [micros/op],Percentilie P99.900000 [micros/op],Percentilie P99.990000 [micros/op],RawSize [MB (estimated)],Values [bytes each],extra_data,micros/op (avarage),ops/sec,throughput [MB/s],Threads
2,deleteseq,64,Intel(R) Xeon(R) Gold 6326 CPU @ 2.90GHz,24576 KB,10/29/22 16:37:52,cmap,1000000,16,26.883841,,/mnt/pmem0/pmemkv,26.883841,28.583580,29.603424,39.253150,82.352941,991.821289,1024,,25.707827,38898.660156,0.000000,1
2,deleteseq,64,Intel(R) Xeon(R) Gold 6326 CPU @ 2.90GHz,24576 KB,10/29/22 16:38:39,cmap,1000000,16,28.717313,,/mnt/pmem0/pmemkv,28.717313,31.238040,33.633984,39.932487,91.475410,991.821289,1024,,28.398029,70427.421875,0.000000,2
2,deleteseq,64,Intel(R) Xeon(R) Gold 6326 CPU @ 2.90GHz,24576 KB,10/29/22 16:39:29,cmap,1000000,16,27.674307,,/mnt/pmem0/pmemkv,27.674307,29.059423,29.890493,39.742323,93.304843,991.821289,1024,,26.878504,148817.781250,0.000000,4
2,deleteseq,64,Intel(R) Xeon(R) Gold 6326 CPU @ 2.90GHz,24576 KB,10/29/22 16:40:18,cmap,1000000,16,32.021605,,/mnt/pmem0/pmemkv,32.021605,33.903673,35.240864,49.382610,89.104478,991.821289,1024,,30.649248,261017.671875,0.000000,8
2,deleteseq,64,Intel(R) Xeon(R) Gold 6326 CPU @ 2.90GHz,24576 KB,10/29/22 16:41:11,cmap,1000000,16,33.048555,,/mnt/pmem0/pmemkv,33.048555,42.588928,53.286799,83.449466,99.771151,991.821289,1024,,29.428539,543689.187500,0.000000,16
2,deleteseq,64,Intel(R) Xeon(R) Gold 6326 CPU @ 2.90GHz,24576 KB,10/29/22 16:42:16,cmap,1000000,16,35.156177,,/mnt/pmem0/pmemkv,35.156177,48.858646,71.290654,139.790479,160.205778,991.821289,1024,,32.559399,982816.812500,0.000000,32
deleteseq_threads_2.csv
id,Benchmark,CPU,CPU model,CPUCache,Date:,Engine,Entries,Keys [bytes each],Median [micros/op],Open [millis/op],Path,Percentilie P50.000000 [micros/op],Percentilie P75.000000 [micros/op],Percentilie P90.000000 [micros/op],Percentilie P99.900000 [micros/op],Percentilie P99.990000 [micros/op],RawSize [MB (estimated)],Values [bytes each],extra_data,micros/op (avarage),ops/sec,throughput [MB/s],Threads
2,deleteseq,64,Intel(R) Xeon(R) Gold 6326 CPU @ 2.90GHz,24576 KB,10/29/22 16:43:08,cmap,1000000,16,26.858457,,/mnt/pmem0/pmemkv,26.858457,28.569384,29.595941,39.297891,79.830508,991.821289,1024,,25.712305,38891.882812,0.000000,1
2,deleteseq,64,Intel(R) Xeon(R) Gold 6326 CPU @ 2.90GHz,24576 KB,10/29/22 16:43:55,cmap,1000000,16,27.683183,,/mnt/pmem0/pmemkv,27.683183,29.060881,29.887500,41.246291,91.111111,991.821289,1024,,26.805878,74610.492188,0.000000,2
2,deleteseq,64,Intel(R) Xeon(R) Gold 6326 CPU @ 2.90GHz,24576 KB,10/29/22 16:44:43,cmap,1000000,16,27.640600,,/mnt/pmem0/pmemkv,27.640600,29.042315,29.883344,39.742248,92.213333,991.821289,1024,,26.730377,149642.453125,0.000000,4
2,deleteseq,64,Intel(R) Xeon(R) Gold 6326 CPU @ 2.90GHz,24576 KB,10/29/22 16:45:34,cmap,1000000,16,32.866416,,/mnt/pmem0/pmemkv,32.866416,34.778726,38.069786,48.463208,88.721137,991.821289,1024,,32.550247,245773.734375,0.000000,8
2,deleteseq,64,Intel(R) Xeon(R) Gold 6326 CPU @ 2.90GHz,24576 KB,10/29/22 16:46:29,cmap,1000000,16,31.980520,,/mnt/pmem0/pmemkv,31.980520,40.920158,51.018379,81.548828,99.375305,991.821289,1024,,28.308926,565192.250000,0.000000,16
2,deleteseq,64,Intel(R) Xeon(R) Gold 6326 CPU @ 2.90GHz,24576 KB,10/29/22 16:47:29,cmap,1000000,16,33.806197,,/mnt/pmem0/pmemkv,33.806197,47.326491,68.780413,139.189533,159.514813,991.821289,1024,,31.375988,1019886.937500,0.000000,32
deleteseq_threads_3.csv
id,Benchmark,CPU,CPU model,CPUCache,Date:,Engine,Entries,Keys [bytes each],Median [micros/op],Open [millis/op],Path,Percentilie P50.000000 [micros/op],Percentilie P75.000000 [micros/op],Percentilie P90.000000 [micros/op],Percentilie P99.900000 [micros/op],Percentilie P99.990000 [micros/op],RawSize [MB (estimated)],Values [bytes each],extra_data,micros/op (avarage),ops/sec,throughput [MB/s],Threads
2,deleteseq,64,Intel(R) Xeon(R) Gold 6326 CPU @ 2.90GHz,24576 KB,10/29/22 16:48:20,cmap,1000000,16,27.053068,,/mnt/pmem0/pmemkv,27.053068,28.659940,29.624063,39.279486,82.307692,991.821289,1024,,25.819014,38731.148438,0.000000,1
2,deleteseq,64,Intel(R) Xeon(R) Gold 6326 CPU @ 2.90GHz,24576 KB,10/29/22 16:49:07,cmap,1000000,16,27.724052,,/mnt/pmem0/pmemkv,27.724052,29.097332,29.921300,39.877229,92.099448,991.821289,1024,,26.981800,74124.031250,0.000000,2
2,deleteseq,64,Intel(R) Xeon(R) Gold 6326 CPU @ 2.90GHz,24576 KB,10/29/22 16:49:55,cmap,1000000,16,27.624037,,/mnt/pmem0/pmemkv,27.624037,29.028934,29.871872,39.665976,91.887417,991.821289,1024,,26.711805,149746.500000,0.000000,4
2,deleteseq,64,Intel(R) Xeon(R) Gold 6326 CPU @ 2.90GHz,24576 KB,10/29/22 16:50:44,cmap,1000000,16,31.558145,,/mnt/pmem0/pmemkv,31.558145,33.681949,34.956231,49.493570,91.802326,991.821289,1024,,30.071304,266034.187500,0.000000,8
2,deleteseq,64,Intel(R) Xeon(R) Gold 6326 CPU @ 2.90GHz,24576 KB,10/29/22 16:51:38,cmap,1000000,16,34.041708,,/mnt/pmem0/pmemkv,34.041708,44.160006,55.017008,84.495144,105.596958,991.821289,1024,,30.585970,523114.937500,0.000000,16
2,deleteseq,64,Intel(R) Xeon(R) Gold 6326 CPU @ 2.90GHz,24576 KB,10/29/22 16:52:41,cmap,1000000,16,33.533545,,/mnt/pmem0/pmemkv,33.533545,47.015373,68.590026,139.585660,159.579786,991.821289,1024,,31.220278,1024972.687500,0.000000,32
