deleterandom_threads_1.csv
id,Benchmark,CPU,CPU model,CPUCache,Date:,Engine,Entries,Keys [bytes each],Median [micros/op],Open [millis/op],Path,Percentilie P50.000000 [micros/op],Percentilie P75.000000 [micros/op],Percentilie P90.000000 [micros/op],Percentilie P99.900000 [micros/op],Percentilie P99.990000 [micros/op],RawSize [MB (estimated)],Values [bytes each],extra_data,micros/op (avarage),ops/sec,throughput [MB/s],Threads
2,deleterandom,64,Intel(R) Xeon(R) Gold 6326 CPU @ 2.90GHz,24576 KB,10/29/22 16:53:37,cmap,1000000,16,26.197753,,/mnt/pmem0/pmemkv,26.197753,28.481555,29.851836,39.936354,96.140351,991.821289,1024,,18.015678,55507.207031,0.000000,1
2,deleterandom,64,Intel(R) Xeon(R) Gold 6326 CPU @ 2.90GHz,24576 KB,10/29/22 16:54:16,cmap,1000000,16,2.883552,,/mnt/pmem0/pmemkv,2.883552,27.308135,29.226206,39.443624,92.777778,991.821289,1024,,12.428327,160865.828125,0.000000,2
2,deleterandom,64,Intel(R) Xeon(R) Gold 6326 CPU @ 2.90GHz,24576 KB,10/29/22 16:54:52,cmap,1000000,16,1.722332,,/mnt/pmem0/pmemkv,1.722332,3.987334,28.450428,39.781959,88.148148,991.821289,1024,,7.689928,519863.875000,0.000000,4
2,deleterandom,64,Intel(R) Xeon(R) Gold 6326 CPU @ 2.90GHz,24576 KB,10/29/22 16:55:22,cmap,1000000,16,1.429499,,/mnt/pmem0/pmemkv,1.429499,1.890117,26.027108,37.601991,82.004717,991.821289,1024,,4.060696,1963035.125000,0.000000,8
2,deleterandom,64,Intel(R) Xeon(R) Gold 6326 CPU @ 2.90GHz,24576 KB,10/29/22 16:55:48,cmap,1000000,16,1.287198,,/mnt/pmem0/pmemkv,1.287198,1.732594,1.999831,37.486213,70.130719,991.821289,1024,,2.361888,6759880.000000,0.000000,16
2,deleterandom,64,Intel(R) Xeon(R) Gold 6326 CPU @ 2.90GHz,24576 KB,10/29/22 16:56:22,cmap,1000000,16,1.575146,,/mnt/pmem0/pmemkv,1.575146,1.899976,2.561255,62.460145,72.624069,991.821289,1024,,2.699064,11746861.000000,0.000000,32
deleterandom_threads_2.csv
id,Benchmark,CPU,CPU model,CPUCache,Date:,Engine,Entries,Keys [bytes each],Median [micros/op],Open [millis/op],Path,Percentilie P50.000000 [micros/op],Percentilie P75.000000 [micros/op],Percentilie P90.000000 [micros/op],Percentilie P99.900000 [micros/op],Percentilie P99.990000 [micros/op],RawSize [MB (estimated)],Values [bytes each],extra_data,micros/op (avarage),ops/sec,throughput [MB/s],Threads
2,deleterandom,64,Intel(R) Xeon(R) Gold 6326 CPU @ 2.90GHz,24576 KB,10/29/22 16:56:44,cmap,1000000,16,26.166532,,/mnt/pmem0/pmemkv,26.166532,28.403549,29.745759,39.815902,95.795455,991.821289,1024,,17.875263,55943.234375,0.000000,1
2,deleterandom,64,Intel(R) Xeon(R) Gold 6326 CPU @ 2.90GHz,24576 KB,10/29/22 16:57:23,cmap,1000000,16,2.871193,,/mnt/pmem0/pmemkv,2.871193,27.310431,29.225755,39.468300,92.796610,991.821289,1024,,12.433760,160712.343750,0.000000,2
2,deleterandom,64,Intel(R) Xeon(R) Gold 6326 CPU @ 2.90GHz,24576 KB,10/29/22 16:57:57,cmap,1000000,16,1.719522,,/mnt/pmem0/pmemkv,1.719522,4.030645,28.252727,39.014268,89.002770,991.821289,1024,,7.369524,542479.437500,0.000000,4
2,deleterandom,64,Intel(R) Xeon(R) Gold 6326 CPU @ 2.90GHz,24576 KB,10/29/22 16:58:26,cmap,1000000,16,1.414509,,/mnt/pmem0/pmemkv,1.414509,1.884317,26.076254,37.791880,82.414579,991.821289,1024,,4.064341,1966733.250000,0.000000,8
2,deleterandom,64,Intel(R) Xeon(R) Gold 6326 CPU @ 2.90GHz,24576 KB,10/29/22 16:58:52,cmap,1000000,16,1.282585,,/mnt/pmem0/pmemkv,1.282585,1.731200,2.006874,36.549268,66.937269,991.821289,1024,,2.364066,6755895.000000,0.000000,16
2,deleterandom,64,Intel(R) Xeon(R) Gold 6326 CPU @ 2.90GHz,24576 KB,10/29/22 16:59:30,cmap,1000000,16,1.564247,,/mnt/pmem0/pmemkv,1.564247,1.891045,2.537771,62.945026,73.842708,991.821289,1024,,2.682258,11737804.000000,0.000000,32
deleterandom_threads_3.csv
id,Benchmark,CPU,CPU model,CPUCache,Date:,Engine,Entries,Keys [bytes each],Median [micros/op],Open [millis/op],Path,Percentilie P50.000000 [micros/op],Percentilie P75.000000 [micros/op],Percentilie P90.000000 [micros/op],Percentilie P99.900000 [micros/op],Percentilie P99.990000 [micros/op],RawSize [MB (estimated)],Values [bytes each],extra_data,micros/op (avarage),ops/sec,throughput [MB/s],Threads
2,deleterandom,64,Intel(R) Xeon(R) Gold 6326 CPU @ 2.90GHz,24576 KB,10/29/22 16:59:55,cmap,1000000,16,26.265696,,/mnt/pmem0/pmemkv,26.265696,28.672676,30.655421,42.588598,93.388430,991.821289,1024,,18.637602,53654.972656,0.000000,1
2,deleterandom,64,Intel(R) Xeon(R) Gold 6326 CPU @ 2.90GHz,24576 KB,10/29/22 17:00:35,cmap,1000000,16,2.880799,,/mnt/pmem0/pmemkv,2.880799,27.296776,29.210793,39.359003,93.039648,991.821289,1024,,12.402299,161191.937500,0.000000,2
2,deleterandom,64,Intel(R) Xeon(R) Gold 6326 CPU @ 2.90GHz,24576 KB,10/29/22 17:01:09,cmap,1000000,16,1.717915,,/mnt/pmem0/pmemkv,1.717915,3.980166,28.222462,38.865127,88.813559,991.821289,1024,,7.351721,543949.500000,0.000000,4
2,deleterandom,64,Intel(R) Xeon(R) Gold 6326 CPU @ 2.90GHz,24576 KB,10/29/22 17:01:37,cmap,1000000,16,1.416227,,/mnt/pmem0/pmemkv,1.416227,1.885726,26.076847,38.161614,81.382488,991.821289,1024,,4.068878,1964826.125000,0.000000,8
2,deleterandom,64,Intel(R) Xeon(R) Gold 6326 CPU @ 2.90GHz,24576 KB,10/29/22 17:02:03,cmap,1000000,16,1.282351,,/mnt/pmem0/pmemkv,1.282351,1.730144,1.998820,36.525840,68.987342,991.821289,1024,,2.361587,6762757.000000,0.000000,16
2,deleterandom,64,Intel(R) Xeon(R) Gold 6326 CPU @ 2.90GHz,24576 KB,10/29/22 17:02:38,cmap,1000000,16,1.548646,,/mnt/pmem0/pmemkv,1.548646,1.878196,2.499688,62.166017,72.791971,991.821289,1024,,2.653319,11932458.000000,0.000000,32
