id,Benchmark,CPU,CPU model,CPUCache,Date:,Engine,Entries,Keys [bytes each],Median [micros/op],Open [millis/op],Path,Percentilie P50.000000 [micros/op],Percentilie P75.000000 [micros/op],Percentilie P90.000000 [micros/op],Percentilie P99.900000 [micros/op],Percentilie P99.990000 [micros/op],RawSize [MB (estimated)],Values [bytes each],extra_data,micros/op (avarage),ops/sec,throughput [MB/s],Threads
2,deleterandom,64,Intel(R) Xeon(R) Gold 6326 CPU @ 2.90GHz,24576 KB,10/29/22 16:59:55,cmap,1000000,16,26.209994,,/mnt/pmem0/pmemkv,26.209994,28.519260,30.084339,40.780285,95.108079,991.821289,1024,,18.176181,55035.138021,0.000000,1
2,deleterandom,64,Intel(R) Xeon(R) Gold 6326 CPU @ 2.90GHz,24576 KB,10/29/22 17:00:35,cmap,1000000,16,2.878515,,/mnt/pmem0/pmemkv,2.878515,27.305114,29.220918,39.423642,92.871345,991.821289,1024,,12.421462,160923.369792,0.000000,2
2,deleterandom,64,Intel(R) Xeon(R) Gold 6326 CPU @ 2.90GHz,24576 KB,10/29/22 17:01:09,cmap,1000000,16,1.719923,,/mnt/pmem0/pmemkv,1.719923,3.999382,28.308539,39.220451,88.654826,991.821289,1024,,7.470391,535430.937500,0.000000,4
2,deleterandom,64,Intel(R) Xeon(R) Gold 6326 CPU @ 2.90GHz,24576 KB,10/29/22 17:01:37,cmap,1000000,16,1.420078,,/mnt/pmem0/pmemkv,1.420078,1.886720,26.060070,37.851828,81.933928,991.821289,1024,,4.064638,1964864.833333,0.000000,8
2,deleterandom,64,Intel(R) Xeon(R) Gold 6326 CPU @ 2.90GHz,24576 KB,10/29/22 17:02:03,cmap,1000000,16,1.284045,,/mnt/pmem0/pmemkv,1.284045,1.731313,2.001842,36.853774,68.685110,991.821289,1024,,2.362514,6759510.666667,0.000000,16
2,deleterandom,64,Intel(R) Xeon(R) Gold 6326 CPU @ 2.90GHz,24576 KB,10/29/22 17:02:38,cmap,1000000,16,1.562680,,/mnt/pmem0/pmemkv,1.562680,1.889739,2.532905,62.523729,73.086249,991.821289,1024,,2.678214,11805707.666667,0.000000,32
