id,Benchmark,CPU,CPU model,CPUCache,Date:,Engine,Entries,Keys [bytes each],Median [micros/op],Open [millis/op],Path,Percentilie P50.000000 [micros/op],Percentilie P75.000000 [micros/op],Percentilie P90.000000 [micros/op],Percentilie P99.900000 [micros/op],Percentilie P99.990000 [micros/op],RawSize [MB (estimated)],Values [bytes each],extra_data,micros/op (avarage),ops/sec,throughput [MB/s],Threads
2,readrandomwriterandom,64,Intel(R) Xeon(R) Gold 6326 CPU @ 2.90GHz,24576 KB,10/29/22 09:09:11,cmap,1000000,16,3.562040,,/mnt/pmem0/pmemkv,3.562040,4.380114,5.436544,11.414888,15.310010,991.821289,1024,(reads:9500000 writes:500000 total:10000000 found:9500000),3.283979,304508.697917,302.018219,1
2,readrandomwriterandom,64,Intel(R) Xeon(R) Gold 6326 CPU @ 2.90GHz,24576 KB,10/29/22 09:10:03,cmap,1000000,16,3.581465,,/mnt/pmem0/pmemkv,3.581465,4.396508,5.449621,10.549708,14.245212,991.821289,1024,(reads:9500000 writes:500000 total:10000000 found:9500000),3.297915,605824.208333,600.869344,2
2,readrandomwriterandom,64,Intel(R) Xeon(R) Gold 6326 CPU @ 2.90GHz,24576 KB,10/29/22 09:10:55,cmap,1000000,16,3.646938,,/mnt/pmem0/pmemkv,3.646938,4.507848,5.573861,9.940113,13.582047,991.821289,1024,(reads:9500000 writes:500000 total:10000000 found:9500000),3.372112,1183781.750000,1174.099935,4
2,readrandomwriterandom,64,Intel(R) Xeon(R) Gold 6326 CPU @ 2.90GHz,24576 KB,10/29/22 09:11:49,cmap,1000000,16,3.771701,,/mnt/pmem0/pmemkv,3.771701,4.710413,5.794538,10.284400,13.078983,991.821289,1024,(reads:9500000 writes:500000 total:10000000 found:9500000),3.527638,2259184.916667,2240.707601,8
2,readrandomwriterandom,64,Intel(R) Xeon(R) Gold 6326 CPU @ 2.90GHz,24576 KB,10/29/22 09:12:44,cmap,1000000,16,4.202019,,/mnt/pmem0/pmemkv,4.202019,5.284438,6.561472,11.731818,13.908332,991.821289,1024,(reads:9500000 writes:500000 total:10000000 found:9500000),3.978224,3998366.250000,3965.664795,16
2,readrandomwriterandom,64,Intel(R) Xeon(R) Gold 6326 CPU @ 2.90GHz,24576 KB,10/29/22 09:13:51,cmap,1000000,16,5.962484,,/mnt/pmem0/pmemkv,5.962484,7.555470,9.532775,19.122092,25.539198,991.821289,1024,(reads:9500000 writes:500000 total:10000000 found:9500000),5.970549,5341214.500000,5297.530273,32
