readrandomwriterandom_threads_1.csv
id,Benchmark,CPU,CPU model,CPUCache,Date:,Engine,Entries,Keys [bytes each],Median [micros/op],Open [millis/op],Path,Percentilie P50.000000 [micros/op],Percentilie P75.000000 [micros/op],Percentilie P90.000000 [micros/op],Percentilie P99.900000 [micros/op],Percentilie P99.990000 [micros/op],RawSize [MB (estimated)],Values [bytes each],extra_data,micros/op (avarage),ops/sec,throughput [MB/s],Threads
2,readrandomwriterandom,64,Intel(R) Xeon(R) Gold 6326 CPU @ 2.90GHz,24576 KB,10/29/22 08:57:16,cmap,1000000,16,3.560008,,/mnt/pmem0/pmemkv,3.560008,4.377494,5.434913,11.468764,15.375399,991.821289,1024,(reads:9500000 writes:500000 total:10000000 found:9500000),3.282155,304677.875000,302.186005,1
2,readrandomwriterandom,64,Intel(R) Xeon(R) Gold 6326 CPU @ 2.90GHz,24576 KB,10/29/22 08:58:08,cmap,1000000,16,3.578985,,/mnt/pmem0/pmemkv,3.578985,4.393501,5.443866,10.540988,14.147039,991.821289,1024,(reads:9500000 writes:500000 total:10000000 found:9500000),3.294388,607046.500000,602.081604,2
2,readrandomwriterandom,64,Intel(R) Xeon(R) Gold 6326 CPU @ 2.90GHz,24576 KB,10/29/22 08:59:01,cmap,1000000,16,3.637615,,/mnt/pmem0/pmemkv,3.637615,4.494104,5.568792,9.988388,13.592156,991.821289,1024,(reads:9500000 writes:500000 total:10000000 found:9500000),3.365890,1186952.125000,1177.244385,4
2,readrandomwriterandom,64,Intel(R) Xeon(R) Gold 6326 CPU @ 2.90GHz,24576 KB,10/29/22 08:59:54,cmap,1000000,16,3.772809,,/mnt/pmem0/pmemkv,3.772809,4.709835,5.788112,10.268494,13.072911,991.821289,1024,(reads:9500000 writes:500000 total:10000000 found:9500000),3.527790,2257543.000000,2239.079102,8
2,readrandomwriterandom,64,Intel(R) Xeon(R) Gold 6326 CPU @ 2.90GHz,24576 KB,10/29/22 09:00:49,cmap,1000000,16,4.203328,,/mnt/pmem0/pmemkv,4.203328,5.280639,6.552673,11.719458,13.882108,991.821289,1024,(reads:9500000 writes:500000 total:10000000 found:9500000),3.976138,4010817.500000,3978.014160,16
2,readrandomwriterandom,64,Intel(R) Xeon(R) Gold 6326 CPU @ 2.90GHz,24576 KB,10/29/22 09:01:56,cmap,1000000,16,5.908840,,/mnt/pmem0/pmemkv,5.908840,7.515828,9.524656,19.487551,26.715381,991.821289,1024,(reads:9500000 writes:500000 total:10000000 found:9500000),5.931104,5379941.000000,5335.940430,32
readrandomwriterandom_threads_2.csv
id,Benchmark,CPU,CPU model,CPUCache,Date:,Engine,Entries,Keys [bytes each],Median [micros/op],Open [millis/op],Path,Percentilie P50.000000 [micros/op],Percentilie P75.000000 [micros/op],Percentilie P90.000000 [micros/op],Percentilie P99.900000 [micros/op],Percentilie P99.990000 [micros/op],RawSize [MB (estimated)],Values [bytes each],extra_data,micros/op (avarage),ops/sec,throughput [MB/s],Threads
2,readrandomwriterandom,64,Intel(R) Xeon(R) Gold 6326 CPU @ 2.90GHz,24576 KB,10/29/22 09:03:13,cmap,1000000,16,3.560395,,/mnt/pmem0/pmemkv,3.560395,4.378802,5.443948,11.433895,15.316535,991.821289,1024,(reads:9500000 writes:500000 total:10000000 found:9500000),3.286264,304296.906250,301.808167,1
2,readrandomwriterandom,64,Intel(R) Xeon(R) Gold 6326 CPU @ 2.90GHz,24576 KB,10/29/22 09:04:05,cmap,1000000,16,3.584811,,/mnt/pmem0/pmemkv,3.584811,4.401007,5.458007,10.640178,14.313500,991.821289,1024,(reads:9500000 writes:500000 total:10000000 found:9500000),3.302915,604534.875000,599.590576,2
2,readrandomwriterandom,64,Intel(R) Xeon(R) Gold 6326 CPU @ 2.90GHz,24576 KB,10/29/22 09:04:57,cmap,1000000,16,3.636803,,/mnt/pmem0/pmemkv,3.636803,4.496858,5.556158,9.893341,13.536667,991.821289,1024,(reads:9500000 writes:500000 total:10000000 found:9500000),3.356275,1188755.625000,1179.033081,4
2,readrandomwriterandom,64,Intel(R) Xeon(R) Gold 6326 CPU @ 2.90GHz,24576 KB,10/29/22 09:05:51,cmap,1000000,16,3.770950,,/mnt/pmem0/pmemkv,3.770950,4.707982,5.797539,10.283659,13.049988,991.821289,1024,(reads:9500000 writes:500000 total:10000000 found:9500000),3.527032,2260131.500000,2241.646484,8
2,readrandomwriterandom,64,Intel(R) Xeon(R) Gold 6326 CPU @ 2.90GHz,24576 KB,10/29/22 09:06:46,cmap,1000000,16,4.201972,,/mnt/pmem0/pmemkv,4.201972,5.287690,6.561812,11.726603,13.917387,991.821289,1024,(reads:9500000 writes:500000 total:10000000 found:9500000),3.978590,4004197.000000,3971.447754,16
2,readrandomwriterandom,64,Intel(R) Xeon(R) Gold 6326 CPU @ 2.90GHz,24576 KB,10/29/22 09:07:53,cmap,1000000,16,5.985520,,/mnt/pmem0/pmemkv,5.985520,7.571214,9.533882,18.932586,24.944564,991.821289,1024,(reads:9500000 writes:500000 total:10000000 found:9500000),5.986708,5324181.500000,5280.636230,32
readrandomwriterandom_threads_3.csv
id,Benchmark,CPU,CPU model,CPUCache,Date:,Engine,Entries,Keys [bytes each],Median [micros/op],Open [millis/op],Path,Percentilie P50.000000 [micros/op],Percentilie P75.000000 [micros/op],Percentilie P90.000000 [micros/op],Percentilie P99.900000 [micros/op],Percentilie P99.990000 [micros/op],RawSize [MB (estimated)],Values [bytes each],extra_data,micros/op (avarage),ops/sec,throughput [MB/s],Threads
2,readrandomwriterandom,64,Intel(R) Xeon(R) Gold 6326 CPU @ 2.90GHz,24576 KB,10/29/22 09:09:11,cmap,1000000,16,3.565717,,/mnt/pmem0/pmemkv,3.565717,4.384045,5.430772,11.342004,15.238095,991.821289,1024,(reads:9500000 writes:500000 total:10000000 found:9500000),3.283519,304551.312500,302.060486,1
2,readrandomwriterandom,64,Intel(R) Xeon(R) Gold 6326 CPU @ 2.90GHz,24576 KB,10/29/22 09:10:03,cmap,1000000,16,3.580600,,/mnt/pmem0/pmemkv,3.580600,4.395017,5.446991,10.467959,14.275098,991.821289,1024,(reads:9500000 writes:500000 total:10000000 found:9500000),3.296443,605891.250000,600.935852,2
2,readrandomwriterandom,64,Intel(R) Xeon(R) Gold 6326 CPU @ 2.90GHz,24576 KB,10/29/22 09:10:55,cmap,1000000,16,3.666397,,/mnt/pmem0/pmemkv,3.666397,4.532581,5.596633,9.938611,13.617318,991.821289,1024,(reads:9500000 writes:500000 total:10000000 found:9500000),3.394172,1175637.500000,1166.022339,4
2,readrandomwriterandom,64,Intel(R) Xeon(R) Gold 6326 CPU @ 2.90GHz,24576 KB,10/29/22 09:11:49,cmap,1000000,16,3.771344,,/mnt/pmem0/pmemkv,3.771344,4.713421,5.797963,10.301046,13.114049,991.821289,1024,(reads:9500000 writes:500000 total:10000000 found:9500000),3.528091,2259880.250000,2241.397217,8
2,readrandomwriterandom,64,Intel(R) Xeon(R) Gold 6326 CPU @ 2.90GHz,24576 KB,10/29/22 09:12:44,cmap,1000000,16,4.200757,,/mnt/pmem0/pmemkv,4.200757,5.284986,6.569931,11.749392,13.925500,991.821289,1024,(reads:9500000 writes:500000 total:10000000 found:9500000),3.979944,3980084.250000,3947.532471,16
2,readrandomwriterandom,64,Intel(R) Xeon(R) Gold 6326 CPU @ 2.90GHz,24576 KB,10/29/22 09:13:51,cmap,1000000,16,5.993093,,/mnt/pmem0/pmemkv,5.993093,7.579367,9.539788,18.946139,24.957649,991.821289,1024,(reads:9500000 writes:500000 total:10000000 found:9500000),5.993834,5319521.000000,5276.014160,32
