readseq_threads_1.csv
id,Benchmark,CPU,CPU model,CPUCache,Date:,Engine,Entries,Keys [bytes each],Median [micros/op],Open [millis/op],Path,Percentilie P50.000000 [micros/op],Percentilie P75.000000 [micros/op],Percentilie P90.000000 [micros/op],Percentilie P99.900000 [micros/op],Percentilie P99.990000 [micros/op],RawSize [MB (estimated)],Values [bytes each],extra_data,micros/op (avarage),ops/sec,throughput [MB/s],Threads
2,readseq,64,Intel(R) Xeon(R) Gold 6326 CPU @ 2.90GHz,24576 KB,10/29/22 08:09:14,cmap,1000000,16,1.685479,,/mnt/pmem0/pmemkv,1.685479,2.596862,3.816339,10.027401,13.826166,991.821289,1024,(1000000 of 10000000 found by one thread),1.496247,668338.687500,75.465492,1
2,readseq,64,Intel(R) Xeon(R) Gold 6326 CPU @ 2.90GHz,24576 KB,10/29/22 08:09:48,cmap,1000000,16,1.553849,,/mnt/pmem0/pmemkv,1.553849,2.185074,3.664840,12.773633,16.473715,991.821289,1024,(1000000 of 10000000 found by one thread),1.410992,1417439.875000,160.050278,2
2,readseq,64,Intel(R) Xeon(R) Gold 6326 CPU @ 2.90GHz,24576 KB,10/29/22 08:10:22,cmap,1000000,16,1.502888,,/mnt/pmem0/pmemkv,1.502888,1.994254,3.616620,14.620893,18.089463,991.821289,1024,(1000000 of 10000000 found by one thread),1.428478,2800174.500000,316.181824,4
2,readseq,64,Intel(R) Xeon(R) Gold 6326 CPU @ 2.90GHz,24576 KB,10/29/22 08:10:56,cmap,1000000,16,1.512114,,/mnt/pmem0/pmemkv,1.512114,2.055620,3.493178,17.146104,21.912746,991.821289,1024,(1000000 of 10000000 found by one thread),1.465850,5457567.000000,616.241394,8
2,readseq,64,Intel(R) Xeon(R) Gold 6326 CPU @ 2.90GHz,24576 KB,10/29/22 08:11:31,cmap,1000000,16,1.528360,,/mnt/pmem0/pmemkv,1.528360,2.112119,3.358804,21.966545,27.048433,991.821289,1024,(1000000 of 10000000 found by one thread),1.449369,11039224.000000,1246.494385,16
2,readseq,64,Intel(R) Xeon(R) Gold 6326 CPU @ 2.90GHz,24576 KB,10/29/22 08:12:12,cmap,1000000,16,1.749574,,/mnt/pmem0/pmemkv,1.749574,2.553841,3.793751,28.986282,38.786903,991.821289,1024,(1000000 of 10000000 found by one thread),1.800074,17776844.000000,2007.273071,32
readseq_threads_2.csv
id,Benchmark,CPU,CPU model,CPUCache,Date:,Engine,Entries,Keys [bytes each],Median [micros/op],Open [millis/op],Path,Percentilie P50.000000 [micros/op],Percentilie P75.000000 [micros/op],Percentilie P90.000000 [micros/op],Percentilie P99.900000 [micros/op],Percentilie P99.990000 [micros/op],RawSize [MB (estimated)],Values [bytes each],extra_data,micros/op (avarage),ops/sec,throughput [MB/s],Threads
2,readseq,64,Intel(R) Xeon(R) Gold 6326 CPU @ 2.90GHz,24576 KB,10/29/22 08:12:47,cmap,1000000,16,1.682948,,/mnt/pmem0/pmemkv,1.682948,2.589359,3.807928,9.944423,13.688259,991.821289,1024,(1000000 of 10000000 found by one thread),1.489862,671203.187500,75.788933,1
2,readseq,64,Intel(R) Xeon(R) Gold 6326 CPU @ 2.90GHz,24576 KB,10/29/22 08:13:22,cmap,1000000,16,1.552398,,/mnt/pmem0/pmemkv,1.552398,2.181825,3.663836,12.614083,16.240152,991.821289,1024,(1000000 of 10000000 found by one thread),1.405858,1422615.500000,160.634689,2
2,readseq,64,Intel(R) Xeon(R) Gold 6326 CPU @ 2.90GHz,24576 KB,10/29/22 08:13:55,cmap,1000000,16,1.509374,,/mnt/pmem0/pmemkv,1.509374,2.002016,3.622527,14.776288,18.510711,991.821289,1024,(1000000 of 10000000 found by one thread),1.439267,2779183.750000,313.811646,4
2,readseq,64,Intel(R) Xeon(R) Gold 6326 CPU @ 2.90GHz,24576 KB,10/29/22 08:14:29,cmap,1000000,16,1.514412,,/mnt/pmem0/pmemkv,1.514412,2.058236,3.496648,17.103831,21.800384,991.821289,1024,(1000000 of 10000000 found by one thread),1.470664,5439700.500000,614.223999,8
2,readseq,64,Intel(R) Xeon(R) Gold 6326 CPU @ 2.90GHz,24576 KB,10/29/22 08:15:04,cmap,1000000,16,1.523543,,/mnt/pmem0/pmemkv,1.523543,2.104684,3.364124,21.801263,26.610865,991.821289,1024,(1000000 of 10000000 found by one thread),1.445015,11072512.000000,1250.253052,16
2,readseq,64,Intel(R) Xeon(R) Gold 6326 CPU @ 2.90GHz,24576 KB,10/29/22 08:15:45,cmap,1000000,16,1.753224,,/mnt/pmem0/pmemkv,1.753224,2.553367,3.782748,29.216866,39.133200,991.821289,1024,(1000000 of 10000000 found by one thread),1.809987,17679530.000000,1996.284912,32
readseq_threads_3.csv
id,Benchmark,CPU,CPU model,CPUCache,Date:,Engine,Entries,Keys [bytes each],Median [micros/op],Open [millis/op],Path,Percentilie P50.000000 [micros/op],Percentilie P75.000000 [micros/op],Percentilie P90.000000 [micros/op],Percentilie P99.900000 [micros/op],Percentilie P99.990000 [micros/op],RawSize [MB (estimated)],Values [bytes each],extra_data,micros/op (avarage),ops/sec,throughput [MB/s],Threads
2,readseq,64,Intel(R) Xeon(R) Gold 6326 CPU @ 2.90GHz,24576 KB,10/29/22 08:16:20,cmap,1000000,16,1.681097,,/mnt/pmem0/pmemkv,1.681097,2.584021,3.801428,9.920562,13.715170,991.821289,1024,(1000000 of 10000000 found by one thread),1.486010,672943.187500,75.985405,1
2,readseq,64,Intel(R) Xeon(R) Gold 6326 CPU @ 2.90GHz,24576 KB,10/29/22 08:16:54,cmap,1000000,16,1.546930,,/mnt/pmem0/pmemkv,1.546930,2.166055,3.641852,12.556893,16.191816,991.821289,1024,(1000000 of 10000000 found by one thread),1.394668,1434031.750000,161.923752,2
2,readseq,64,Intel(R) Xeon(R) Gold 6326 CPU @ 2.90GHz,24576 KB,10/29/22 08:17:28,cmap,1000000,16,1.502467,,/mnt/pmem0/pmemkv,1.502467,1.994773,3.615293,14.761927,18.404697,991.821289,1024,(1000000 of 10000000 found by one thread),1.428807,2799531.500000,316.109222,4
2,readseq,64,Intel(R) Xeon(R) Gold 6326 CPU @ 2.90GHz,24576 KB,10/29/22 08:18:02,cmap,1000000,16,1.511645,,/mnt/pmem0/pmemkv,1.511645,2.054498,3.489863,17.100648,21.872798,991.821289,1024,(1000000 of 10000000 found by one thread),1.465538,5458724.000000,616.372009,8
2,readseq,64,Intel(R) Xeon(R) Gold 6326 CPU @ 2.90GHz,24576 KB,10/29/22 08:18:37,cmap,1000000,16,1.528956,,/mnt/pmem0/pmemkv,1.528956,2.118300,3.367248,21.835682,26.853623,991.821289,1024,(1000000 of 10000000 found by one thread),1.450312,11032080.000000,1245.687744,16
2,readseq,64,Intel(R) Xeon(R) Gold 6326 CPU @ 2.90GHz,24576 KB,10/29/22 08:19:18,cmap,1000000,16,1.751202,,/mnt/pmem0/pmemkv,1.751202,2.547177,3.773531,29.367225,39.520104,991.821289,1024,(1000000 of 10000000 found by one thread),1.809638,17682908.000000,1996.666260,32
