readrandom_threads_1.csv
id,Benchmark,CPU,CPU model,CPUCache,Date:,Engine,Entries,Keys [bytes each],Median [micros/op],Open [millis/op],Path,Percentilie P50.000000 [micros/op],Percentilie P75.000000 [micros/op],Percentilie P90.000000 [micros/op],Percentilie P99.900000 [micros/op],Percentilie P99.990000 [micros/op],RawSize [MB (estimated)],Values [bytes each],extra_data,micros/op (avarage),ops/sec,throughput [MB/s],Threads
2,readrandom,64,Intel(R) Xeon(R) Gold 6326 CPU @ 2.90GHz,24576 KB,10/29/22 08:19:55,cmap,1000000,16,1.818084,,/mnt/pmem0/pmemkv,1.818084,2.997409,4.222633,9.902532,13.334448,991.821289,1024,(1002361 of 10000000 found by one thread),1.729755,578116.625000,65.411362,1
2,readrandom,64,Intel(R) Xeon(R) Gold 6326 CPU @ 2.90GHz,24576 KB,10/29/22 08:20:32,cmap,1000000,16,1.772467,,/mnt/pmem0/pmemkv,1.772467,2.869618,4.043733,9.177984,12.703002,991.821289,1024,(1002361 of 10000000 found by one thread),1.638644,1217225.625000,137.559509,2
2,readrandom,64,Intel(R) Xeon(R) Gold 6326 CPU @ 2.90GHz,24576 KB,10/29/22 08:21:08,cmap,1000000,16,1.756575,,/mnt/pmem0/pmemkv,1.756575,2.823581,3.989541,8.090319,11.841308,991.821289,1024,(1002361 of 10000000 found by one thread),1.607180,2471552.750000,279.419128,4
2,readrandom,64,Intel(R) Xeon(R) Gold 6326 CPU @ 2.90GHz,24576 KB,10/29/22 08:21:44,cmap,1000000,16,1.743443,,/mnt/pmem0/pmemkv,1.743443,2.830160,4.024869,7.673812,11.288087,991.821289,1024,(1002361 of 10000000 found by one thread),1.602825,4983886.000000,563.501160,8
2,readrandom,64,Intel(R) Xeon(R) Gold 6326 CPU @ 2.90GHz,24576 KB,10/29/22 08:22:20,cmap,1000000,16,1.758266,,/mnt/pmem0/pmemkv,1.758266,2.980089,4.292299,7.896636,11.206784,991.821289,1024,(1002361 of 10000000 found by one thread),1.687607,9448175.000000,1068.092529,16
2,readrandom,64,Intel(R) Xeon(R) Gold 6326 CPU @ 2.90GHz,24576 KB,10/29/22 08:23:04,cmap,1000000,16,1.963795,,/mnt/pmem0/pmemkv,1.963795,3.607648,5.159985,9.783352,13.287935,991.821289,1024,(1002361 of 10000000 found by one thread),2.172191,14635029.000000,1654.218872,32
readrandom_threads_2.csv
id,Benchmark,CPU,CPU model,CPUCache,Date:,Engine,Entries,Keys [bytes each],Median [micros/op],Open [millis/op],Path,Percentilie P50.000000 [micros/op],Percentilie P75.000000 [micros/op],Percentilie P90.000000 [micros/op],Percentilie P99.900000 [micros/op],Percentilie P99.990000 [micros/op],RawSize [MB (estimated)],Values [bytes each],extra_data,micros/op (avarage),ops/sec,throughput [MB/s],Threads
2,readrandom,64,Intel(R) Xeon(R) Gold 6326 CPU @ 2.90GHz,24576 KB,10/29/22 08:23:43,cmap,1000000,16,1.817619,,/mnt/pmem0/pmemkv,1.817619,3.004745,4.236696,9.933450,13.345836,991.821289,1024,(1002361 of 10000000 found by one thread),1.734062,576680.625000,65.248878,1
2,readrandom,64,Intel(R) Xeon(R) Gold 6326 CPU @ 2.90GHz,24576 KB,10/29/22 08:24:19,cmap,1000000,16,1.770985,,/mnt/pmem0/pmemkv,1.770985,2.864282,4.013735,9.053256,12.551165,991.821289,1024,(1002361 of 10000000 found by one thread),1.633108,1223756.000000,138.297501,2
2,readrandom,64,Intel(R) Xeon(R) Gold 6326 CPU @ 2.90GHz,24576 KB,10/29/22 08:24:55,cmap,1000000,16,1.748943,,/mnt/pmem0/pmemkv,1.748943,2.808209,3.965722,8.118030,11.833762,991.821289,1024,(1002361 of 10000000 found by one thread),1.592269,2509049.250000,283.658264,4
2,readrandom,64,Intel(R) Xeon(R) Gold 6326 CPU @ 2.90GHz,24576 KB,10/29/22 08:25:31,cmap,1000000,16,1.744343,,/mnt/pmem0/pmemkv,1.744343,2.841275,4.051099,7.707814,11.380993,991.821289,1024,(1002361 of 10000000 found by one thread),1.607864,4957171.500000,560.480713,8
2,readrandom,64,Intel(R) Xeon(R) Gold 6326 CPU @ 2.90GHz,24576 KB,10/29/22 08:26:07,cmap,1000000,16,1.758690,,/mnt/pmem0/pmemkv,1.758690,2.981450,4.295290,7.901319,11.266492,991.821289,1024,(1002361 of 10000000 found by one thread),1.688664,9437511.000000,1066.887085,16
2,readrandom,64,Intel(R) Xeon(R) Gold 6326 CPU @ 2.90GHz,24576 KB,10/29/22 08:26:51,cmap,1000000,16,1.967356,,/mnt/pmem0/pmemkv,1.967356,3.612396,5.159803,9.770356,13.418979,991.821289,1024,(1002361 of 10000000 found by one thread),2.172730,14491589.000000,1638.005615,32
readrandom_threads_3.csv
id,Benchmark,CPU,CPU model,CPUCache,Date:,Engine,Entries,Keys [bytes each],Median [micros/op],Open [millis/op],Path,Percentilie P50.000000 [micros/op],Percentilie P75.000000 [micros/op],Percentilie P90.000000 [micros/op],Percentilie P99.900000 [micros/op],Percentilie P99.990000 [micros/op],RawSize [MB (estimated)],Values [bytes each],extra_data,micros/op (avarage),ops/sec,throughput [MB/s],Threads
2,readrandom,64,Intel(R) Xeon(R) Gold 6326 CPU @ 2.90GHz,24576 KB,10/29/22 08:27:30,cmap,1000000,16,1.817587,,/mnt/pmem0/pmemkv,1.817587,3.002521,4.234626,9.966133,13.437793,991.821289,1024,(1002361 of 10000000 found by one thread),1.733978,576708.687500,65.252052,1
2,readrandom,64,Intel(R) Xeon(R) Gold 6326 CPU @ 2.90GHz,24576 KB,10/29/22 08:28:07,cmap,1000000,16,1.771584,,/mnt/pmem0/pmemkv,1.771584,2.861182,4.028206,9.194649,12.694955,991.821289,1024,(1002361 of 10000000 found by one thread),1.634704,1222838.500000,138.193832,2
2,readrandom,64,Intel(R) Xeon(R) Gold 6326 CPU @ 2.90GHz,24576 KB,10/29/22 08:28:43,cmap,1000000,16,1.748849,,/mnt/pmem0/pmemkv,1.748849,2.806060,3.977278,8.203037,11.885194,991.821289,1024,(1002361 of 10000000 found by one thread),1.591962,2508074.750000,283.548065,4
2,readrandom,64,Intel(R) Xeon(R) Gold 6326 CPU @ 2.90GHz,24576 KB,10/29/22 08:29:18,cmap,1000000,16,1.742469,,/mnt/pmem0/pmemkv,1.742469,2.828913,4.033677,7.724273,11.350687,991.821289,1024,(1002361 of 10000000 found by one thread),1.600893,4980392.000000,563.106201,8
2,readrandom,64,Intel(R) Xeon(R) Gold 6326 CPU @ 2.90GHz,24576 KB,10/29/22 08:29:54,cmap,1000000,16,1.760099,,/mnt/pmem0/pmemkv,1.760099,2.983439,4.298240,7.924940,11.238520,991.821289,1024,(1002361 of 10000000 found by one thread),1.691192,9367637.000000,1058.987915,16
2,readrandom,64,Intel(R) Xeon(R) Gold 6326 CPU @ 2.90GHz,24576 KB,10/29/22 08:30:38,cmap,1000000,16,1.974962,,/mnt/pmem0/pmemkv,1.974962,3.610710,5.157069,9.802135,13.420755,991.821289,1024,(1002361 of 10000000 found by one thread),2.178797,14597009.000000,1649.921387,32
