id,Benchmark,CPU,CPU model,CPUCache,Date:,Engine,Entries,Keys [bytes each],Median [micros/op],Open [millis/op],Path,Percentilie P50.000000 [micros/op],Percentilie P75.000000 [micros/op],Percentilie P90.000000 [micros/op],Percentilie P99.900000 [micros/op],Percentilie P99.990000 [micros/op],RawSize [MB (estimated)],Values [bytes each],extra_data,micros/op (avarage),ops/sec,throughput [MB/s],Threads
2,readseq,64,Intel(R) Xeon(R) Gold 6326 CPU @ 2.90GHz,24576 KB,10/29/22 08:16:20,cmap,1000000,16,1.683175,,/mnt/pmem0/pmemkv,1.683175,2.590081,3.808565,9.964129,13.743198,991.821289,1024,(1000000 of 10000000 found by one thread),1.490706,670828.354167,75.746610,1
2,readseq,64,Intel(R) Xeon(R) Gold 6326 CPU @ 2.90GHz,24576 KB,10/29/22 08:16:54,cmap,1000000,16,1.551059,,/mnt/pmem0/pmemkv,1.551059,2.177651,3.656843,12.648203,16.301894,991.821289,1024,(1000000 of 10000000 found by one thread),1.403839,1424695.708333,160.869573,2
2,readseq,64,Intel(R) Xeon(R) Gold 6326 CPU @ 2.90GHz,24576 KB,10/29/22 08:17:28,cmap,1000000,16,1.504910,,/mnt/pmem0/pmemkv,1.504910,1.997014,3.618147,14.719703,18.334957,991.821289,1024,(1000000 of 10000000 found by one thread),1.432184,2792963.250000,315.367564,4
2,readseq,64,Intel(R) Xeon(R) Gold 6326 CPU @ 2.90GHz,24576 KB,10/29/22 08:18:02,cmap,1000000,16,1.512724,,/mnt/pmem0/pmemkv,1.512724,2.056118,3.493230,17.116861,21.861976,991.821289,1024,(1000000 of 10000000 found by one thread),1.467351,5451997.166667,615.612467,8
2,readseq,64,Intel(R) Xeon(R) Gold 6326 CPU @ 2.90GHz,24576 KB,10/29/22 08:18:37,cmap,1000000,16,1.526953,,/mnt/pmem0/pmemkv,1.526953,2.111701,3.363392,21.867830,26.837640,991.821289,1024,(1000000 of 10000000 found by one thread),1.448232,11047938.666667,1247.478394,16
2,readseq,64,Intel(R) Xeon(R) Gold 6326 CPU @ 2.90GHz,24576 KB,10/29/22 08:19:18,cmap,1000000,16,1.751333,,/mnt/pmem0/pmemkv,1.751333,2.551462,3.783343,29.190124,39.146736,991.821289,1024,(1000000 of 10000000 found by one thread),1.806566,17713094.000000,2000.074748,32
