id,Benchmark,CPU,CPU model,CPUCache,Date:,Engine,Entries,Keys [bytes each],Median [micros/op],Open [millis/op],Path,Percentilie P50.000000 [micros/op],Percentilie P75.000000 [micros/op],Percentilie P90.000000 [micros/op],Percentilie P99.900000 [micros/op],Percentilie P99.990000 [micros/op],RawSize [MB (estimated)],Values [bytes each],extra_data,micros/op (avarage),ops/sec,throughput [MB/s],Threads
2,readrandom,64,Intel(R) Xeon(R) Gold 6326 CPU @ 2.90GHz,24576 KB,10/29/22 08:27:30,cmap,1000000,16,1.817763,,/mnt/pmem0/pmemkv,1.817763,3.001558,4.231318,9.934038,13.372692,991.821289,1024,(1002361 of 10000000 found by one thread),1.732598,577168.645833,65.304097,1
2,readrandom,64,Intel(R) Xeon(R) Gold 6326 CPU @ 2.90GHz,24576 KB,10/29/22 08:28:07,cmap,1000000,16,1.771679,,/mnt/pmem0/pmemkv,1.771679,2.865027,4.028558,9.141963,12.649707,991.821289,1024,(1002361 of 10000000 found by one thread),1.635485,1221273.375000,138.016947,2
2,readrandom,64,Intel(R) Xeon(R) Gold 6326 CPU @ 2.90GHz,24576 KB,10/29/22 08:28:43,cmap,1000000,16,1.751456,,/mnt/pmem0/pmemkv,1.751456,2.812617,3.977514,8.137129,11.853421,991.821289,1024,(1002361 of 10000000 found by one thread),1.597137,2496225.583333,282.208486,4
2,readrandom,64,Intel(R) Xeon(R) Gold 6326 CPU @ 2.90GHz,24576 KB,10/29/22 08:29:18,cmap,1000000,16,1.743418,,/mnt/pmem0/pmemkv,1.743418,2.833449,4.036548,7.701966,11.339922,991.821289,1024,(1002361 of 10000000 found by one thread),1.603861,4973816.500000,562.362691,8
2,readrandom,64,Intel(R) Xeon(R) Gold 6326 CPU @ 2.90GHz,24576 KB,10/29/22 08:29:54,cmap,1000000,16,1.759018,,/mnt/pmem0/pmemkv,1.759018,2.981659,4.295276,7.907632,11.237265,991.821289,1024,(1002361 of 10000000 found by one thread),1.689154,9417774.333333,1064.655843,16
2,readrandom,64,Intel(R) Xeon(R) Gold 6326 CPU @ 2.90GHz,24576 KB,10/29/22 08:30:38,cmap,1000000,16,1.968704,,/mnt/pmem0/pmemkv,1.968704,3.610251,5.158952,9.785281,13.375890,991.821289,1024,(1002361 of 10000000 found by one thread),2.174573,14574542.333333,1647.381958,32
