readseq_threads_1.csv
id,Benchmark,CPU,CPU model,CPUCache,Date:,Engine,Entries,Keys [bytes each],Median [micros/op],Open [millis/op],Path,Percentilie P50.000000 [micros/op],Percentilie P75.000000 [micros/op],Percentilie P90.000000 [micros/op],Percentilie P99.900000 [micros/op],Percentilie P99.990000 [micros/op],RawSize [MB (estimated)],Values [bytes each],extra_data,micros/op (avarage),ops/sec,throughput [MB/s],Threads
2,readseq,64,Intel(R) Xeon(R) Gold 6326 CPU @ 2.90GHz,24576 KB,10/28/22 23:07:45,cmap,1000000,16,1.508504,,/mnt/pmem0/pmemkv,1.508504,2.185040,3.240957,8.873263,12.226969,991.821289,1024,(1000000 of 10000000 found by one thread),1.193407,837936.937500,94.615685,1
2,readseq,64,Intel(R) Xeon(R) Gold 6326 CPU @ 2.90GHz,24576 KB,10/28/22 23:08:12,cmap,1000000,16,1.313137,,/mnt/pmem0/pmemkv,1.313137,1.889561,2.974281,11.649797,15.308923,991.821289,1024,(1000000 of 10000000 found by one thread),1.084176,1844718.250000,208.296432,2
2,readseq,64,Intel(R) Xeon(R) Gold 6326 CPU @ 2.90GHz,24576 KB,10/28/22 23:08:38,cmap,1000000,16,1.274923,,/mnt/pmem0/pmemkv,1.274923,1.860818,2.974928,13.363643,16.801046,991.821289,1024,(1000000 of 10000000 found by one thread),1.135171,3523699.500000,397.878662,4
2,readseq,64,Intel(R) Xeon(R) Gold 6326 CPU @ 2.90GHz,24576 KB,10/28/22 23:09:07,cmap,1000000,16,1.263992,,/mnt/pmem0/pmemkv,1.263992,1.866250,2.930898,15.999472,19.953702,991.821289,1024,(1000000 of 10000000 found by one thread),1.167436,6852604.500000,773.762146,8
2,readseq,64,Intel(R) Xeon(R) Gold 6326 CPU @ 2.90GHz,24576 KB,10/28/22 23:09:35,cmap,1000000,16,1.265419,,/mnt/pmem0/pmemkv,1.265419,1.873780,2.910197,19.245462,24.602455,991.821289,1024,(1000000 of 10000000 found by one thread),1.123697,14238681.000000,1607.761230,16
2,readseq,64,Intel(R) Xeon(R) Gold 6326 CPU @ 2.90GHz,24576 KB,10/28/22 23:10:09,cmap,1000000,16,1.504085,,/mnt/pmem0/pmemkv,1.504085,1.977693,3.282825,26.303055,35.368469,991.821289,1024,(1000000 of 10000000 found by one thread),1.405593,22765882.000000,2570.610596,32
readseq_threads_2.csv
id,Benchmark,CPU,CPU model,CPUCache,Date:,Engine,Entries,Keys [bytes each],Median [micros/op],Open [millis/op],Path,Percentilie P50.000000 [micros/op],Percentilie P75.000000 [micros/op],Percentilie P90.000000 [micros/op],Percentilie P99.900000 [micros/op],Percentilie P99.990000 [micros/op],RawSize [MB (estimated)],Values [bytes each],extra_data,micros/op (avarage),ops/sec,throughput [MB/s],Threads
2,readseq,64,Intel(R) Xeon(R) Gold 6326 CPU @ 2.90GHz,24576 KB,10/28/22 23:10:36,cmap,1000000,16,1.505466,,/mnt/pmem0/pmemkv,1.505466,2.179582,3.239503,8.964051,12.495370,991.821289,1024,(1000000 of 10000000 found by one thread),1.191887,839006.062500,94.736404,1
2,readseq,64,Intel(R) Xeon(R) Gold 6326 CPU @ 2.90GHz,24576 KB,10/28/22 23:11:03,cmap,1000000,16,1.321018,,/mnt/pmem0/pmemkv,1.321018,1.895980,2.975627,11.682448,15.316473,991.821289,1024,(1000000 of 10000000 found by one thread),1.093194,1829498.875000,206.577942,2
2,readseq,64,Intel(R) Xeon(R) Gold 6326 CPU @ 2.90GHz,24576 KB,10/28/22 23:11:29,cmap,1000000,16,1.272196,,/mnt/pmem0/pmemkv,1.272196,1.860093,2.968490,13.291610,16.727719,991.821289,1024,(1000000 of 10000000 found by one thread),1.128044,3545947.500000,400.390808,4
2,readseq,64,Intel(R) Xeon(R) Gold 6326 CPU @ 2.90GHz,24576 KB,10/28/22 23:11:56,cmap,1000000,16,1.257777,,/mnt/pmem0/pmemkv,1.257777,1.862391,2.919169,15.499145,19.092846,991.821289,1024,(1000000 of 10000000 found by one thread),1.143314,6997201.000000,790.089233,8
2,readseq,64,Intel(R) Xeon(R) Gold 6326 CPU @ 2.90GHz,24576 KB,10/28/22 23:12:23,cmap,1000000,16,1.258859,,/mnt/pmem0/pmemkv,1.258859,1.874250,2.917949,19.122790,24.510838,991.821289,1024,(1000000 of 10000000 found by one thread),1.121248,14269769.000000,1611.271484,16
2,readseq,64,Intel(R) Xeon(R) Gold 6326 CPU @ 2.90GHz,24576 KB,10/28/22 23:12:57,cmap,1000000,16,1.508207,,/mnt/pmem0/pmemkv,1.508207,1.979643,3.283363,26.474857,35.607404,991.821289,1024,(1000000 of 10000000 found by one thread),1.412178,22659634.000000,2558.613281,32
readseq_threads_3.csv
id,Benchmark,CPU,CPU model,CPUCache,Date:,Engine,Entries,Keys [bytes each],Median [micros/op],Open [millis/op],Path,Percentilie P50.000000 [micros/op],Percentilie P75.000000 [micros/op],Percentilie P90.000000 [micros/op],Percentilie P99.900000 [micros/op],Percentilie P99.990000 [micros/op],RawSize [MB (estimated)],Values [bytes each],extra_data,micros/op (avarage),ops/sec,throughput [MB/s],Threads
2,readseq,64,Intel(R) Xeon(R) Gold 6326 CPU @ 2.90GHz,24576 KB,10/28/22 23:13:25,cmap,1000000,16,1.509752,,/mnt/pmem0/pmemkv,1.509752,2.192004,3.263992,9.074669,12.731327,991.821289,1024,(1000000 of 10000000 found by one thread),1.200808,832772.312500,94.032516,1
2,readseq,64,Intel(R) Xeon(R) Gold 6326 CPU @ 2.90GHz,24576 KB,10/28/22 23:13:52,cmap,1000000,16,1.315030,,/mnt/pmem0/pmemkv,1.315030,1.891548,2.972272,11.558399,15.119018,991.821289,1024,(1000000 of 10000000 found by one thread),1.084991,1843333.125000,208.140030,2
2,readseq,64,Intel(R) Xeon(R) Gold 6326 CPU @ 2.90GHz,24576 KB,10/28/22 23:14:18,cmap,1000000,16,1.271820,,/mnt/pmem0/pmemkv,1.271820,1.859185,2.967296,13.365668,16.863450,991.821289,1024,(1000000 of 10000000 found by one thread),1.128464,3544636.250000,400.242737,4
2,readseq,64,Intel(R) Xeon(R) Gold 6326 CPU @ 2.90GHz,24576 KB,10/28/22 23:14:44,cmap,1000000,16,1.259344,,/mnt/pmem0/pmemkv,1.259344,1.861767,2.919954,15.581349,19.224201,991.821289,1024,(1000000 of 10000000 found by one thread),1.145225,6985516.000000,788.769775,8
2,readseq,64,Intel(R) Xeon(R) Gold 6326 CPU @ 2.90GHz,24576 KB,10/28/22 23:15:14,cmap,1000000,16,1.252374,,/mnt/pmem0/pmemkv,1.252374,1.867636,2.905168,19.757301,24.799360,991.821289,1024,(1000000 of 10000000 found by one thread),1.132750,14124822.000000,1594.904907,16
2,readseq,64,Intel(R) Xeon(R) Gold 6326 CPU @ 2.90GHz,24576 KB,10/28/22 23:15:48,cmap,1000000,16,1.505289,,/mnt/pmem0/pmemkv,1.505289,1.978201,3.277836,26.289249,35.340387,991.821289,1024,(1000000 of 10000000 found by one thread),1.405957,22760004.000000,2569.946533,32
