id,Benchmark,CPU,CPU model,CPUCache,Date:,Engine,Entries,Keys [bytes each],Median [micros/op],Open [millis/op],Path,Percentilie P50.000000 [micros/op],Percentilie P75.000000 [micros/op],Percentilie P90.000000 [micros/op],Percentilie P99.900000 [micros/op],Percentilie P99.990000 [micros/op],RawSize [MB (estimated)],Values [bytes each],extra_data,micros/op (avarage),ops/sec,throughput [MB/s],Threads
2,readrandom,64,Intel(R) Xeon(R) Gold 6326 CPU @ 2.90GHz,24576 KB,10/28/22 23:22:30,cmap,1000000,16,1.679004,,/mnt/pmem0/pmemkv,1.679004,2.597777,3.621590,8.943960,11.920008,991.821289,1024,(1002361 of 10000000 found by one thread),1.416319,706060.666667,79.887660,1
2,readrandom,64,Intel(R) Xeon(R) Gold 6326 CPU @ 2.90GHz,24576 KB,10/28/22 23:22:59,cmap,1000000,16,1.633926,,/mnt/pmem0/pmemkv,1.633926,2.492138,3.500110,8.182536,11.559237,991.821289,1024,(1002361 of 10000000 found by one thread),1.338142,1492292.041667,168.644958,2
2,readrandom,64,Intel(R) Xeon(R) Gold 6326 CPU @ 2.90GHz,24576 KB,10/28/22 23:23:28,cmap,1000000,16,1.617157,,/mnt/pmem0/pmemkv,1.617157,2.457255,3.475322,7.497256,11.208488,991.821289,1024,(1002361 of 10000000 found by one thread),1.313279,3039010.666667,343.572540,4
2,readrandom,64,Intel(R) Xeon(R) Gold 6326 CPU @ 2.90GHz,24576 KB,10/28/22 23:23:56,cmap,1000000,16,1.623987,,/mnt/pmem0/pmemkv,1.623987,2.486890,3.556309,6.910035,10.167676,991.821289,1024,(1002361 of 10000000 found by one thread),1.337896,5951592.666667,672.914571,8
2,readrandom,64,Intel(R) Xeon(R) Gold 6326 CPU @ 2.90GHz,24576 KB,10/28/22 23:24:26,cmap,1000000,16,1.660202,,/mnt/pmem0/pmemkv,1.660202,2.622347,3.811590,7.388896,10.120544,991.821289,1024,(1002361 of 10000000 found by one thread),1.443441,11036947.333333,1247.699300,16
2,readrandom,64,Intel(R) Xeon(R) Gold 6326 CPU @ 2.90GHz,24576 KB,10/28/22 23:25:03,cmap,1000000,16,1.843893,,/mnt/pmem0/pmemkv,1.843893,3.287089,4.790383,9.526729,13.063558,991.821289,1024,(1002361 of 10000000 found by one thread),1.917339,16608644.666667,1877.299642,32
