readrandom_threads_1.csv
id,Benchmark,CPU,CPU model,CPUCache,Date:,Engine,Entries,Keys [bytes each],Median [micros/op],Open [millis/op],Path,Percentilie P50.000000 [micros/op],Percentilie P75.000000 [micros/op],Percentilie P90.000000 [micros/op],Percentilie P99.900000 [micros/op],Percentilie P99.990000 [micros/op],RawSize [MB (estimated)],Values [bytes each],extra_data,micros/op (avarage),ops/sec,throughput [MB/s],Threads
2,readrandom,64,Intel(R) Xeon(R) Gold 6326 CPU @ 2.90GHz,24576 KB,10/28/22 23:16:17,cmap,1000000,16,1.677967,,/mnt/pmem0/pmemkv,1.677967,2.593643,3.615219,8.926709,11.907077,991.821289,1024,(1002361 of 10000000 found by one thread),1.413491,707468.062500,80.046898,1
2,readrandom,64,Intel(R) Xeon(R) Gold 6326 CPU @ 2.90GHz,24576 KB,10/28/22 23:16:46,cmap,1000000,16,1.632882,,/mnt/pmem0/pmemkv,1.632882,2.490411,3.499925,8.170299,11.535084,991.821289,1024,(1002361 of 10000000 found by one thread),1.337104,1492710.875000,168.692291,2
2,readrandom,64,Intel(R) Xeon(R) Gold 6326 CPU @ 2.90GHz,24576 KB,10/28/22 23:17:18,cmap,1000000,16,1.616519,,/mnt/pmem0/pmemkv,1.616519,2.455840,3.478551,7.717459,11.561877,991.821289,1024,(1002361 of 10000000 found by one thread),1.314872,3033472.000000,342.946381,4
2,readrandom,64,Intel(R) Xeon(R) Gold 6326 CPU @ 2.90GHz,24576 KB,10/28/22 23:17:46,cmap,1000000,16,1.621884,,/mnt/pmem0/pmemkv,1.621884,2.483275,3.554066,6.903528,10.172083,991.821289,1024,(1002361 of 10000000 found by one thread),1.335300,5962452.000000,674.142395,8
2,readrandom,64,Intel(R) Xeon(R) Gold 6326 CPU @ 2.90GHz,24576 KB,10/28/22 23:18:15,cmap,1000000,16,1.659316,,/mnt/pmem0/pmemkv,1.659316,2.621253,3.811158,7.394323,10.130942,991.821289,1024,(1002361 of 10000000 found by one thread),1.443015,11038683.000000,1247.895508,16
2,readrandom,64,Intel(R) Xeon(R) Gold 6326 CPU @ 2.90GHz,24576 KB,10/28/22 23:18:52,cmap,1000000,16,1.846173,,/mnt/pmem0/pmemkv,1.846173,3.286329,4.793158,9.570465,13.105338,991.821289,1024,(1002361 of 10000000 found by one thread),1.921337,16560325.000000,1871.838013,32
readrandom_threads_2.csv
id,Benchmark,CPU,CPU model,CPUCache,Date:,Engine,Entries,Keys [bytes each],Median [micros/op],Open [millis/op],Path,Percentilie P50.000000 [micros/op],Percentilie P75.000000 [micros/op],Percentilie P90.000000 [micros/op],Percentilie P99.900000 [micros/op],Percentilie P99.990000 [micros/op],RawSize [MB (estimated)],Values [bytes each],extra_data,micros/op (avarage),ops/sec,throughput [MB/s],Threads
2,readrandom,64,Intel(R) Xeon(R) Gold 6326 CPU @ 2.90GHz,24576 KB,10/28/22 23:19:25,cmap,1000000,16,1.678215,,/mnt/pmem0/pmemkv,1.678215,2.595025,3.617401,8.908643,11.877440,991.821289,1024,(1002361 of 10000000 found by one thread),1.413825,707301.000000,80.028000,1
2,readrandom,64,Intel(R) Xeon(R) Gold 6326 CPU @ 2.90GHz,24576 KB,10/28/22 23:19:54,cmap,1000000,16,1.636194,,/mnt/pmem0/pmemkv,1.636194,2.496339,3.503327,8.201161,11.587339,991.821289,1024,(1002361 of 10000000 found by one thread),1.341076,1487551.375000,168.109207,2
2,readrandom,64,Intel(R) Xeon(R) Gold 6326 CPU @ 2.90GHz,24576 KB,10/28/22 23:20:23,cmap,1000000,16,1.619243,,/mnt/pmem0/pmemkv,1.619243,2.460862,3.469624,7.373299,11.030632,991.821289,1024,(1002361 of 10000000 found by one thread),1.312745,3040081.000000,343.693542,4
2,readrandom,64,Intel(R) Xeon(R) Gold 6326 CPU @ 2.90GHz,24576 KB,10/28/22 23:20:51,cmap,1000000,16,1.626491,,/mnt/pmem0/pmemkv,1.626491,2.492478,3.555883,6.901531,10.165607,991.821289,1024,(1002361 of 10000000 found by one thread),1.339566,5942861.000000,671.927307,8
2,readrandom,64,Intel(R) Xeon(R) Gold 6326 CPU @ 2.90GHz,24576 KB,10/28/22 23:21:20,cmap,1000000,16,1.660846,,/mnt/pmem0/pmemkv,1.660846,2.622775,3.810714,7.396607,10.114467,991.821289,1024,(1002361 of 10000000 found by one thread),1.443492,11034007.000000,1247.366943,16
2,readrandom,64,Intel(R) Xeon(R) Gold 6326 CPU @ 2.90GHz,24576 KB,10/28/22 23:21:58,cmap,1000000,16,1.841623,,/mnt/pmem0/pmemkv,1.841623,3.283483,4.781619,9.419603,12.877488,991.821289,1024,(1002361 of 10000000 found by one thread),1.911344,16661916.000000,1883.321045,32
readrandom_threads_3.csv
id,Benchmark,CPU,CPU model,CPUCache,Date:,Engine,Entries,Keys [bytes each],Median [micros/op],Open [millis/op],Path,Percentilie P50.000000 [micros/op],Percentilie P75.000000 [micros/op],Percentilie P90.000000 [micros/op],Percentilie P99.900000 [micros/op],Percentilie P99.990000 [micros/op],RawSize [MB (estimated)],Values [bytes each],extra_data,micros/op (avarage),ops/sec,throughput [MB/s],Threads
2,readrandom,64,Intel(R) Xeon(R) Gold 6326 CPU @ 2.90GHz,24576 KB,10/28/22 23:22:30,cmap,1000000,16,1.680830,,/mnt/pmem0/pmemkv,1.680830,2.604663,3.632151,8.996527,11.975508,991.821289,1024,(1002361 of 10000000 found by one thread),1.421640,703412.937500,79.588081,1
2,readrandom,64,Intel(R) Xeon(R) Gold 6326 CPU @ 2.90GHz,24576 KB,10/28/22 23:22:59,cmap,1000000,16,1.632703,,/mnt/pmem0/pmemkv,1.632703,2.489664,3.497079,8.176147,11.555287,991.821289,1024,(1002361 of 10000000 found by one thread),1.336246,1496613.875000,169.133377,2
2,readrandom,64,Intel(R) Xeon(R) Gold 6326 CPU @ 2.90GHz,24576 KB,10/28/22 23:23:28,cmap,1000000,16,1.615709,,/mnt/pmem0/pmemkv,1.615709,2.455063,3.477790,7.401010,11.032955,991.821289,1024,(1002361 of 10000000 found by one thread),1.312221,3043479.000000,344.077698,4
2,readrandom,64,Intel(R) Xeon(R) Gold 6326 CPU @ 2.90GHz,24576 KB,10/28/22 23:23:56,cmap,1000000,16,1.623587,,/mnt/pmem0/pmemkv,1.623587,2.484916,3.558977,6.925045,10.165338,991.821289,1024,(1002361 of 10000000 found by one thread),1.338823,5949465.000000,672.674011,8
2,readrandom,64,Intel(R) Xeon(R) Gold 6326 CPU @ 2.90GHz,24576 KB,10/28/22 23:24:26,cmap,1000000,16,1.660445,,/mnt/pmem0/pmemkv,1.660445,2.623012,3.812899,7.375758,10.116222,991.821289,1024,(1002361 of 10000000 found by one thread),1.443816,11038152.000000,1247.835449,16
2,readrandom,64,Intel(R) Xeon(R) Gold 6326 CPU @ 2.90GHz,24576 KB,10/28/22 23:25:03,cmap,1000000,16,1.843883,,/mnt/pmem0/pmemkv,1.843883,3.291456,4.796371,9.590120,13.207849,991.821289,1024,(1002361 of 10000000 found by one thread),1.919336,16603693.000000,1876.739868,32
