id,Benchmark,CPU,CPU model,CPUCache,Date:,Engine,Entries,Keys [bytes each],Median [micros/op],Open [millis/op],Path,Percentilie P50.000000 [micros/op],Percentilie P75.000000 [micros/op],Percentilie P90.000000 [micros/op],Percentilie P99.900000 [micros/op],Percentilie P99.990000 [micros/op],RawSize [MB (estimated)],Values [bytes each],extra_data,micros/op (avarage),ops/sec,throughput [MB/s],Threads
2,readseq,64,Intel(R) Xeon(R) Gold 6326 CPU @ 2.90GHz,24576 KB,10/28/22 23:13:25,cmap,1000000,16,1.507907,,/mnt/pmem0/pmemkv,1.507907,2.185542,3.248151,8.970661,12.484555,991.821289,1024,(1000000 of 10000000 found by one thread),1.195367,836571.770833,94.461535,1
2,readseq,64,Intel(R) Xeon(R) Gold 6326 CPU @ 2.90GHz,24576 KB,10/28/22 23:13:52,cmap,1000000,16,1.316395,,/mnt/pmem0/pmemkv,1.316395,1.892363,2.974060,11.630215,15.248138,991.821289,1024,(1000000 of 10000000 found by one thread),1.087454,1839183.416667,207.671468,2
2,readseq,64,Intel(R) Xeon(R) Gold 6326 CPU @ 2.90GHz,24576 KB,10/28/22 23:14:18,cmap,1000000,16,1.272980,,/mnt/pmem0/pmemkv,1.272980,1.860032,2.970238,13.340307,16.797405,991.821289,1024,(1000000 of 10000000 found by one thread),1.130560,3538094.416667,399.504069,4
2,readseq,64,Intel(R) Xeon(R) Gold 6326 CPU @ 2.90GHz,24576 KB,10/28/22 23:14:44,cmap,1000000,16,1.260371,,/mnt/pmem0/pmemkv,1.260371,1.863469,2.923340,15.693322,19.423583,991.821289,1024,(1000000 of 10000000 found by one thread),1.151992,6945107.166667,784.207051,8
2,readseq,64,Intel(R) Xeon(R) Gold 6326 CPU @ 2.90GHz,24576 KB,10/28/22 23:15:14,cmap,1000000,16,1.258884,,/mnt/pmem0/pmemkv,1.258884,1.871889,2.911105,19.375184,24.637551,991.821289,1024,(1000000 of 10000000 found by one thread),1.125898,14211090.666667,1604.645874,16
2,readseq,64,Intel(R) Xeon(R) Gold 6326 CPU @ 2.90GHz,24576 KB,10/28/22 23:15:48,cmap,1000000,16,1.505860,,/mnt/pmem0/pmemkv,1.505860,1.978512,3.281341,26.355720,35.438753,991.821289,1024,(1000000 of 10000000 found by one thread),1.407909,22728506.666667,2566.390137,32
