readrandomwriterandom_threads_1.csv
id,Benchmark,CPU,CPU model,CPUCache,Date:,Engine,Entries,Keys [bytes each],Median [micros/op],Open [millis/op],Path,Percentilie P50.000000 [micros/op],Percentilie P75.000000 [micros/op],Percentilie P90.000000 [micros/op],Percentilie P99.900000 [micros/op],Percentilie P99.990000 [micros/op],RawSize [MB (estimated)],Values [bytes each],extra_data,micros/op (avarage),ops/sec,throughput [MB/s],Threads
2,readrandomwriterandom,64,Intel(R) Xeon(R) Gold 6326 CPU @ 2.90GHz,24576 KB,10/28/22 23:25:38,cmap,1000000,16,4.469289,,/mnt/pmem0/pmemkv,4.469289,5.654121,6.506126,11.755588,17.664042,991.821289,1024,(reads:5000000 writes:5000000 total:10000000 found:5000000),3.947831,253303.625000,251.231934,1
2,readrandomwriterandom,64,Intel(R) Xeon(R) Gold 6326 CPU @ 2.90GHz,24576 KB,10/28/22 23:26:32,cmap,1000000,16,4.566614,,/mnt/pmem0/pmemkv,4.566614,5.743965,6.635834,11.192352,70.187970,991.821289,1024,(reads:5000000 writes:5000000 total:10000000 found:5000000),4.031327,495956.937500,491.900665,2
2,readrandomwriterandom,64,Intel(R) Xeon(R) Gold 6326 CPU @ 2.90GHz,24576 KB,10/28/22 23:27:27,cmap,1000000,16,4.770833,,/mnt/pmem0/pmemkv,4.770833,5.921925,6.850644,11.317018,75.055290,991.821289,1024,(reads:5000000 writes:5000000 total:10000000 found:5000000),4.215168,946508.312500,938.767151,4
2,readrandomwriterandom,64,Intel(R) Xeon(R) Gold 6326 CPU @ 2.90GHz,24576 KB,10/28/22 23:28:25,cmap,1000000,16,5.170884,,/mnt/pmem0/pmemkv,5.170884,6.492735,7.559770,15.160727,78.615906,991.821289,1024,(reads:5000000 writes:5000000 total:10000000 found:5000000),4.669337,1700817.625000,1686.907227,8
2,readrandomwriterandom,64,Intel(R) Xeon(R) Gold 6326 CPU @ 2.90GHz,24576 KB,10/28/22 23:29:28,cmap,1000000,16,6.240575,,/mnt/pmem0/pmemkv,6.240575,8.621815,11.361464,69.391217,88.214686,991.821289,1024,(reads:5000000 writes:5000000 total:10000000 found:5000000),6.425920,2448976.500000,2428.947021,16
2,readrandomwriterandom,64,Intel(R) Xeon(R) Gold 6326 CPU @ 2.90GHz,24576 KB,10/28/22 23:30:56,cmap,1000000,16,8.943832,,/mnt/pmem0/pmemkv,8.943832,20.052110,28.249012,77.735881,96.530378,991.821289,1024,(reads:5000000 writes:5000000 total:10000000 found:5000000),12.936860,2318110.500000,2299.151367,32
readrandomwriterandom_threads_2.csv
id,Benchmark,CPU,CPU model,CPUCache,Date:,Engine,Entries,Keys [bytes each],Median [micros/op],Open [millis/op],Path,Percentilie P50.000000 [micros/op],Percentilie P75.000000 [micros/op],Percentilie P90.000000 [micros/op],Percentilie P99.900000 [micros/op],Percentilie P99.990000 [micros/op],RawSize [MB (estimated)],Values [bytes each],extra_data,micros/op (avarage),ops/sec,throughput [MB/s],Threads
2,readrandomwriterandom,64,Intel(R) Xeon(R) Gold 6326 CPU @ 2.90GHz,24576 KB,10/28/22 23:33:27,cmap,1000000,16,4.459481,,/mnt/pmem0/pmemkv,4.459481,5.643440,6.493594,11.664470,17.256484,991.821289,1024,(reads:5000000 writes:5000000 total:10000000 found:5000000),3.940560,253771.031250,251.695511,1
2,readrandomwriterandom,64,Intel(R) Xeon(R) Gold 6326 CPU @ 2.90GHz,24576 KB,10/28/22 23:34:24,cmap,1000000,16,4.954059,,/mnt/pmem0/pmemkv,4.954059,6.137112,6.956022,11.759658,71.165854,991.821289,1024,(reads:5000000 writes:5000000 total:10000000 found:5000000),4.233530,470151.750000,466.306519,2
2,readrandomwriterandom,64,Intel(R) Xeon(R) Gold 6326 CPU @ 2.90GHz,24576 KB,10/28/22 23:35:22,cmap,1000000,16,4.755889,,/mnt/pmem0/pmemkv,4.755889,5.911274,6.833530,11.210609,75.106640,991.821289,1024,(reads:5000000 writes:5000000 total:10000000 found:5000000),4.205861,948327.312500,940.571228,4
2,readrandomwriterandom,64,Intel(R) Xeon(R) Gold 6326 CPU @ 2.90GHz,24576 KB,10/28/22 23:36:19,cmap,1000000,16,5.163631,,/mnt/pmem0/pmemkv,5.163631,6.481398,7.544122,15.303862,78.638966,991.821289,1024,(reads:5000000 writes:5000000 total:10000000 found:5000000),4.663898,1706764.250000,1692.805176,8
2,readrandomwriterandom,64,Intel(R) Xeon(R) Gold 6326 CPU @ 2.90GHz,24576 KB,10/28/22 23:37:22,cmap,1000000,16,6.241272,,/mnt/pmem0/pmemkv,6.241272,8.600212,11.273817,69.651647,88.109626,991.821289,1024,(reads:5000000 writes:5000000 total:10000000 found:5000000),6.394270,2465762.750000,2445.596191,16
2,readrandomwriterandom,64,Intel(R) Xeon(R) Gold 6326 CPU @ 2.90GHz,24576 KB,10/28/22 23:38:53,cmap,1000000,16,9.038756,,/mnt/pmem0/pmemkv,9.038756,20.860846,29.468171,81.996544,99.903590,991.821289,1024,(reads:5000000 writes:5000000 total:10000000 found:5000000),13.477227,2236279.750000,2217.989990,32
readrandomwriterandom_threads_3.csv
id,Benchmark,CPU,CPU model,CPUCache,Date:,Engine,Entries,Keys [bytes each],Median [micros/op],Open [millis/op],Path,Percentilie P50.000000 [micros/op],Percentilie P75.000000 [micros/op],Percentilie P90.000000 [micros/op],Percentilie P99.900000 [micros/op],Percentilie P99.990000 [micros/op],RawSize [MB (estimated)],Values [bytes each],extra_data,micros/op (avarage),ops/sec,throughput [MB/s],Threads
2,readrandomwriterandom,64,Intel(R) Xeon(R) Gold 6326 CPU @ 2.90GHz,24576 KB,10/28/22 23:41:29,cmap,1000000,16,4.512378,,/mnt/pmem0/pmemkv,4.512378,5.700241,6.562805,11.728285,17.573333,991.821289,1024,(reads:5000000 writes:5000000 total:10000000 found:5000000),3.976076,251504.250000,249.447266,1
2,readrandomwriterandom,64,Intel(R) Xeon(R) Gold 6326 CPU @ 2.90GHz,24576 KB,10/28/22 23:42:24,cmap,1000000,16,4.583909,,/mnt/pmem0/pmemkv,4.583909,5.764300,6.656052,11.095374,70.246849,991.821289,1024,(reads:5000000 writes:5000000 total:10000000 found:5000000),4.040447,492914.000000,488.882599,2
2,readrandomwriterandom,64,Intel(R) Xeon(R) Gold 6326 CPU @ 2.90GHz,24576 KB,10/28/22 23:43:19,cmap,1000000,16,4.744286,,/mnt/pmem0/pmemkv,4.744286,5.902461,6.825261,11.047820,75.074873,991.821289,1024,(reads:5000000 writes:5000000 total:10000000 found:5000000),4.195573,952084.375000,944.297546,4
2,readrandomwriterandom,64,Intel(R) Xeon(R) Gold 6326 CPU @ 2.90GHz,24576 KB,10/28/22 23:44:17,cmap,1000000,16,5.169796,,/mnt/pmem0/pmemkv,5.169796,6.493642,7.586882,18.905779,78.759757,991.821289,1024,(reads:5000000 writes:5000000 total:10000000 found:5000000),4.687923,1696529.375000,1682.653931,8
2,readrandomwriterandom,64,Intel(R) Xeon(R) Gold 6326 CPU @ 2.90GHz,24576 KB,10/28/22 23:45:21,cmap,1000000,16,6.271276,,/mnt/pmem0/pmemkv,6.271276,8.660512,11.300653,69.330997,87.862522,991.821289,1024,(reads:5000000 writes:5000000 total:10000000 found:5000000),6.425375,2453858.750000,2433.789307,16
2,readrandomwriterandom,64,Intel(R) Xeon(R) Gold 6326 CPU @ 2.90GHz,24576 KB,10/28/22 23:46:49,cmap,1000000,16,9.079618,,/mnt/pmem0/pmemkv,9.079618,20.116488,28.297419,78.070818,97.865440,991.821289,1024,(reads:5000000 writes:5000000 total:10000000 found:5000000),13.043909,2319856.250000,2300.882812,32
