id,Benchmark,CPU,CPU model,CPUCache,Date:,Engine,Entries,Keys [bytes each],Median [micros/op],Open [millis/op],Path,Percentilie P50.000000 [micros/op],Percentilie P75.000000 [micros/op],Percentilie P90.000000 [micros/op],Percentilie P99.900000 [micros/op],Percentilie P99.990000 [micros/op],RawSize [MB (estimated)],Values [bytes each],extra_data,micros/op (avarage),ops/sec,throughput [MB/s],Threads
2,readrandomwriterandom,64,Intel(R) Xeon(R) Gold 6326 CPU @ 2.90GHz,24576 KB,10/28/22 23:41:29,cmap,1000000,16,4.480383,,/mnt/pmem0/pmemkv,4.480383,5.665934,6.520842,11.716114,17.497953,991.821289,1024,(reads:5000000 writes:5000000 total:10000000 found:5000000),3.954822,252859.635417,250.791570,1
2,readrandomwriterandom,64,Intel(R) Xeon(R) Gold 6326 CPU @ 2.90GHz,24576 KB,10/28/22 23:42:24,cmap,1000000,16,4.701527,,/mnt/pmem0/pmemkv,4.701527,5.881792,6.749303,11.349128,70.533558,991.821289,1024,(reads:5000000 writes:5000000 total:10000000 found:5000000),4.101768,486340.895833,482.363261,2
2,readrandomwriterandom,64,Intel(R) Xeon(R) Gold 6326 CPU @ 2.90GHz,24576 KB,10/28/22 23:43:19,cmap,1000000,16,4.757003,,/mnt/pmem0/pmemkv,4.757003,5.911887,6.836478,11.191816,75.078934,991.821289,1024,(reads:5000000 writes:5000000 total:10000000 found:5000000),4.205534,948973.333333,941.211975,4
2,readrandomwriterandom,64,Intel(R) Xeon(R) Gold 6326 CPU @ 2.90GHz,24576 KB,10/28/22 23:44:17,cmap,1000000,16,5.168104,,/mnt/pmem0/pmemkv,5.168104,6.489258,7.563591,16.456789,78.671543,991.821289,1024,(reads:5000000 writes:5000000 total:10000000 found:5000000),4.673719,1701370.416667,1687.455445,8
2,readrandomwriterandom,64,Intel(R) Xeon(R) Gold 6326 CPU @ 2.90GHz,24576 KB,10/28/22 23:45:21,cmap,1000000,16,6.251041,,/mnt/pmem0/pmemkv,6.251041,8.627513,11.311978,69.457954,88.062278,991.821289,1024,(reads:5000000 writes:5000000 total:10000000 found:5000000),6.415188,2456199.333333,2436.110840,16
2,readrandomwriterandom,64,Intel(R) Xeon(R) Gold 6326 CPU @ 2.90GHz,24576 KB,10/28/22 23:46:49,cmap,1000000,16,9.020735,,/mnt/pmem0/pmemkv,9.020735,20.343148,28.671534,79.267748,98.099803,991.821289,1024,(reads:5000000 writes:5000000 total:10000000 found:5000000),13.152665,2291415.500000,2272.674723,32
