deleteseq_threads_1.csv
id,Benchmark,CPU,CPU model,CPUCache,Date:,Engine,Entries,Keys [bytes each],Median [micros/op],Open [millis/op],Path,Percentilie P50.000000 [micros/op],Percentilie P75.000000 [micros/op],Percentilie P90.000000 [micros/op],Percentilie P99.900000 [micros/op],Percentilie P99.990000 [micros/op],RawSize [MB (estimated)],Values [bytes each],extra_data,micros/op (avarage),ops/sec,throughput [MB/s],Threads
2,deleteseq,64,Intel(R) Xeon(R) Gold 6326 CPU @ 2.90GHz,24576 KB,10/29/22 10:50:42,cmap,1000000,16,27.793174,,/mnt/pmem0/pmemkv,27.793174,29.189762,30.287135,42.206101,91.881188,991.821289,1024,,27.663986,36148.082031,0.000000,1
2,deleteseq,64,Intel(R) Xeon(R) Gold 6326 CPU @ 2.90GHz,24576 KB,10/29/22 10:51:31,cmap,1000000,16,27.759197,,/mnt/pmem0/pmemkv,27.759197,29.139199,29.967200,39.826026,93.043478,991.821289,1024,,27.136936,73700.289062,0.000000,2
2,deleteseq,64,Intel(R) Xeon(R) Gold 6326 CPU @ 2.90GHz,24576 KB,10/29/22 10:52:19,cmap,1000000,16,27.730758,,/mnt/pmem0/pmemkv,27.730758,29.126438,29.963846,39.832466,92.567568,991.821289,1024,,27.024189,148015.515625,0.000000,4
2,deleteseq,64,Intel(R) Xeon(R) Gold 6326 CPU @ 2.90GHz,24576 KB,10/29/22 10:53:08,cmap,1000000,16,28.905232,,/mnt/pmem0/pmemkv,28.905232,31.940360,34.173716,46.994832,93.821138,991.821289,1024,,27.786829,287906.031250,0.000000,8
2,deleteseq,64,Intel(R) Xeon(R) Gold 6326 CPU @ 2.90GHz,24576 KB,10/29/22 10:53:58,cmap,1000000,16,32.696460,,/mnt/pmem0/pmemkv,32.696460,42.037366,52.572405,83.736400,99.525610,991.821289,1024,,29.098713,549852.000000,0.000000,16
2,deleteseq,64,Intel(R) Xeon(R) Gold 6326 CPU @ 2.90GHz,24576 KB,10/29/22 10:55:00,cmap,1000000,16,33.746684,,/mnt/pmem0/pmemkv,33.746684,47.231636,69.057668,139.156412,159.034187,991.821289,1024,,31.451891,1017423.937500,0.000000,32
deleteseq_threads_2.csv
id,Benchmark,CPU,CPU model,CPUCache,Date:,Engine,Entries,Keys [bytes each],Median [micros/op],Open [millis/op],Path,Percentilie P50.000000 [micros/op],Percentilie P75.000000 [micros/op],Percentilie P90.000000 [micros/op],Percentilie P99.900000 [micros/op],Percentilie P99.990000 [micros/op],RawSize [MB (estimated)],Values [bytes each],extra_data,micros/op (avarage),ops/sec,throughput [MB/s],Threads
2,deleteseq,64,Intel(R) Xeon(R) Gold 6326 CPU @ 2.90GHz,24576 KB,10/29/22 10:55:54,cmap,1000000,16,27.744490,,/mnt/pmem0/pmemkv,27.744490,29.116735,29.940082,40.925342,92.884615,991.821289,1024,,27.215691,36743.507812,0.000000,1
2,deleteseq,64,Intel(R) Xeon(R) Gold 6326 CPU @ 2.90GHz,24576 KB,10/29/22 10:56:43,cmap,1000000,16,27.779018,,/mnt/pmem0/pmemkv,27.779018,29.168972,30.029868,39.898336,92.119565,991.821289,1024,,27.261686,73363.023438,0.000000,2
2,deleteseq,64,Intel(R) Xeon(R) Gold 6326 CPU @ 2.90GHz,24576 KB,10/29/22 10:57:32,cmap,1000000,16,27.783449,,/mnt/pmem0/pmemkv,27.783449,29.190897,30.330059,39.862940,92.957746,991.821289,1024,,27.280092,146627.046875,0.000000,4
2,deleteseq,64,Intel(R) Xeon(R) Gold 6326 CPU @ 2.90GHz,24576 KB,10/29/22 10:58:21,cmap,1000000,16,29.176271,,/mnt/pmem0/pmemkv,29.176271,32.262017,34.319427,46.816740,93.763441,991.821289,1024,,28.072948,284971.656250,0.000000,8
2,deleteseq,64,Intel(R) Xeon(R) Gold 6326 CPU @ 2.90GHz,24576 KB,10/29/22 10:59:14,cmap,1000000,16,33.192021,,/mnt/pmem0/pmemkv,33.192021,42.927493,53.542833,82.920916,99.722992,991.821289,1024,,29.721523,538330.062500,0.000000,16
2,deleteseq,64,Intel(R) Xeon(R) Gold 6326 CPU @ 2.90GHz,24576 KB,10/29/22 11:00:16,cmap,1000000,16,33.934412,,/mnt/pmem0/pmemkv,33.934412,47.441931,69.117463,139.400066,159.264554,991.821289,1024,,31.548445,1014310.375000,0.000000,32
deleteseq_threads_3.csv
id,Benchmark,CPU,CPU model,CPUCache,Date:,Engine,Entries,Keys [bytes each],Median [micros/op],Open [millis/op],Path,Percentilie P50.000000 [micros/op],Percentilie P75.000000 [micros/op],Percentilie P90.000000 [micros/op],Percentilie P99.900000 [micros/op],Percentilie P99.990000 [micros/op],RawSize [MB (estimated)],Values [bytes each],extra_data,micros/op (avarage),ops/sec,throughput [MB/s],Threads
2,deleteseq,64,Intel(R) Xeon(R) Gold 6326 CPU @ 2.90GHz,24576 KB,10/29/22 11:01:08,cmap,1000000,16,27.207761,,/mnt/pmem0/pmemkv,27.207761,28.734803,29.651028,39.469579,87.692308,991.821289,1024,,25.878702,38641.812500,0.000000,1
2,deleteseq,64,Intel(R) Xeon(R) Gold 6326 CPU @ 2.90GHz,24576 KB,10/29/22 11:01:55,cmap,1000000,16,27.750514,,/mnt/pmem0/pmemkv,27.750514,29.126912,29.952751,39.787364,91.675978,991.821289,1024,,27.084343,73843.398438,0.000000,2
2,deleteseq,64,Intel(R) Xeon(R) Gold 6326 CPU @ 2.90GHz,24576 KB,10/29/22 11:02:44,cmap,1000000,16,27.766188,,/mnt/pmem0/pmemkv,27.766188,29.168973,30.104550,39.892998,93.083900,991.821289,1024,,27.218204,146960.437500,0.000000,4
2,deleteseq,64,Intel(R) Xeon(R) Gold 6326 CPU @ 2.90GHz,24576 KB,10/29/22 11:03:33,cmap,1000000,16,28.478851,,/mnt/pmem0/pmemkv,28.478851,31.220429,33.962421,47.138294,92.749245,991.821289,1024,,27.282911,293223.656250,0.000000,8
2,deleteseq,64,Intel(R) Xeon(R) Gold 6326 CPU @ 2.90GHz,24576 KB,10/29/22 11:04:22,cmap,1000000,16,32.553074,,/mnt/pmem0/pmemkv,32.553074,41.866372,52.311299,81.592649,98.561082,991.821289,1024,,28.937866,552908.187500,0.000000,16
2,deleteseq,64,Intel(R) Xeon(R) Gold 6326 CPU @ 2.90GHz,24576 KB,10/29/22 11:05:24,cmap,1000000,16,33.584702,,/mnt/pmem0/pmemkv,33.584702,47.057007,68.936153,138.969088,158.779796,991.821289,1024,,31.332397,1021305.625000,0.000000,32
