id,Benchmark,CPU,CPU model,CPUCache,Date:,Engine,Entries,Keys [bytes each],Median [micros/op],Open [millis/op],Path,Percentilie P50.000000 [micros/op],Percentilie P75.000000 [micros/op],Percentilie P90.000000 [micros/op],Percentilie P99.900000 [micros/op],Percentilie P99.990000 [micros/op],RawSize [MB (estimated)],Values [bytes each],extra_data,micros/op (avarage),ops/sec,throughput [MB/s],Threads
2,deleteseq,64,Intel(R) Xeon(R) Gold 6326 CPU @ 2.90GHz,24576 KB,10/29/22 11:01:08,cmap,1000000,16,27.581808,,/mnt/pmem0/pmemkv,27.581808,29.013767,29.959415,40.867007,90.819370,991.821289,1024,,26.919460,37177.800781,0.000000,1
2,deleteseq,64,Intel(R) Xeon(R) Gold 6326 CPU @ 2.90GHz,24576 KB,10/29/22 11:01:55,cmap,1000000,16,27.762910,,/mnt/pmem0/pmemkv,27.762910,29.145028,29.983273,39.837242,92.279674,991.821289,1024,,27.160988,73635.570313,0.000000,2
2,deleteseq,64,Intel(R) Xeon(R) Gold 6326 CPU @ 2.90GHz,24576 KB,10/29/22 11:02:44,cmap,1000000,16,27.760132,,/mnt/pmem0/pmemkv,27.760132,29.162103,30.132818,39.862801,92.869738,991.821289,1024,,27.174162,147201.000000,0.000000,4
2,deleteseq,64,Intel(R) Xeon(R) Gold 6326 CPU @ 2.90GHz,24576 KB,10/29/22 11:03:33,cmap,1000000,16,28.853451,,/mnt/pmem0/pmemkv,28.853451,31.807602,34.151855,46.983289,93.444608,991.821289,1024,,27.714229,288700.447917,0.000000,8
2,deleteseq,64,Intel(R) Xeon(R) Gold 6326 CPU @ 2.90GHz,24576 KB,10/29/22 11:04:22,cmap,1000000,16,32.813852,,/mnt/pmem0/pmemkv,32.813852,42.277077,52.808846,82.749988,99.269895,991.821289,1024,,29.252701,547030.083333,0.000000,16
2,deleteseq,64,Intel(R) Xeon(R) Gold 6326 CPU @ 2.90GHz,24576 KB,10/29/22 11:05:24,cmap,1000000,16,33.755266,,/mnt/pmem0/pmemkv,33.755266,47.243525,69.037095,139.175189,159.026179,991.821289,1024,,31.444244,1017679.979167,0.000000,32
