id,Benchmark,CPU,CPU model,CPUCache,Date:,Engine,Entries,Keys [bytes each],Median [micros/op],Open [millis/op],Path,Percentilie P50.000000 [micros/op],Percentilie P75.000000 [micros/op],Percentilie P90.000000 [micros/op],Percentilie P99.900000 [micros/op],Percentilie P99.990000 [micros/op],RawSize [MB (estimated)],Values [bytes each],extra_data,micros/op (avarage),ops/sec,throughput [MB/s],Threads
2,deleterandom,64,Intel(R) Xeon(R) Gold 6326 CPU @ 2.90GHz,24576 KB,10/29/22 11:12:51,cmap,1000000,16,26.226227,,/mnt/pmem0/pmemkv,26.226227,28.558663,30.243751,40.999480,94.525072,991.821289,1024,,18.349028,54514.847657,0.000000,1
2,deleterandom,64,Intel(R) Xeon(R) Gold 6326 CPU @ 2.90GHz,24576 KB,10/29/22 11:13:30,cmap,1000000,16,2.872047,,/mnt/pmem0/pmemkv,2.872047,27.395896,29.368963,40.019474,92.237357,991.821289,1024,,12.730778,157035.208333,0.000000,2
2,deleterandom,64,Intel(R) Xeon(R) Gold 6326 CPU @ 2.90GHz,24576 KB,10/29/22 11:14:05,cmap,1000000,16,1.724553,,/mnt/pmem0/pmemkv,1.724553,3.969983,28.357315,39.418207,88.283836,991.821289,1024,,7.532234,530978.416667,0.000000,4
2,deleterandom,64,Intel(R) Xeon(R) Gold 6326 CPU @ 2.90GHz,24576 KB,10/29/22 11:14:34,cmap,1000000,16,1.429401,,/mnt/pmem0/pmemkv,1.429401,1.889597,26.150817,38.513902,80.477075,991.821289,1024,,4.163926,1920940.541667,0.000000,8
2,deleterandom,64,Intel(R) Xeon(R) Gold 6326 CPU @ 2.90GHz,24576 KB,10/29/22 11:15:03,cmap,1000000,16,1.302389,,/mnt/pmem0/pmemkv,1.302389,1.738443,2.005010,38.286877,65.165177,991.821289,1024,,2.452924,6516111.166667,0.000000,16
2,deleterandom,64,Intel(R) Xeon(R) Gold 6326 CPU @ 2.90GHz,24576 KB,10/29/22 11:15:38,cmap,1000000,16,1.573030,,/mnt/pmem0/pmemkv,1.573030,1.898204,2.556204,66.728609,77.194570,991.821289,1024,,2.775615,11321803.666667,0.000000,32
