deleterandom_threads_1.csv
id,Benchmark,CPU,CPU model,CPUCache,Date:,Engine,Entries,Keys [bytes each],Median [micros/op],Open [millis/op],Path,Percentilie P50.000000 [micros/op],Percentilie P75.000000 [micros/op],Percentilie P90.000000 [micros/op],Percentilie P99.900000 [micros/op],Percentilie P99.990000 [micros/op],RawSize [MB (estimated)],Values [bytes each],extra_data,micros/op (avarage),ops/sec,throughput [MB/s],Threads
2,deleterandom,64,Intel(R) Xeon(R) Gold 6326 CPU @ 2.90GHz,24576 KB,10/29/22 11:06:23,cmap,1000000,16,26.286414,,/mnt/pmem0/pmemkv,26.286414,28.732775,31.057467,43.105740,92.129630,991.821289,1024,,18.779303,53250.117188,0.000000,1
2,deleterandom,64,Intel(R) Xeon(R) Gold 6326 CPU @ 2.90GHz,24576 KB,10/29/22 11:07:05,cmap,1000000,16,2.877007,,/mnt/pmem0/pmemkv,2.877007,27.499541,29.556392,40.829356,91.256545,991.821289,1024,,13.082344,152777.625000,0.000000,2
2,deleterandom,64,Intel(R) Xeon(R) Gold 6326 CPU @ 2.90GHz,24576 KB,10/29/22 11:07:40,cmap,1000000,16,1.717417,,/mnt/pmem0/pmemkv,1.717417,3.958728,28.266174,39.230986,88.446328,991.821289,1024,,7.411719,539323.812500,0.000000,4
2,deleterandom,64,Intel(R) Xeon(R) Gold 6326 CPU @ 2.90GHz,24576 KB,10/29/22 11:08:10,cmap,1000000,16,1.426604,,/mnt/pmem0/pmemkv,1.426604,1.887063,26.106039,38.047458,81.954023,991.821289,1024,,4.102679,1948653.500000,0.000000,8
2,deleterandom,64,Intel(R) Xeon(R) Gold 6326 CPU @ 2.90GHz,24576 KB,10/29/22 11:08:39,cmap,1000000,16,1.304467,,/mnt/pmem0/pmemkv,1.304467,1.739297,2.003752,39.352637,69.242928,991.821289,1024,,2.489153,6420813.500000,0.000000,16
2,deleterandom,64,Intel(R) Xeon(R) Gold 6326 CPU @ 2.90GHz,24576 KB,10/29/22 11:09:14,cmap,1000000,16,1.573478,,/mnt/pmem0/pmemkv,1.573478,1.898360,2.556793,66.874266,77.172185,991.821289,1024,,2.778614,11310382.000000,0.000000,32
deleterandom_threads_2.csv
id,Benchmark,CPU,CPU model,CPUCache,Date:,Engine,Entries,Keys [bytes each],Median [micros/op],Open [millis/op],Path,Percentilie P50.000000 [micros/op],Percentilie P75.000000 [micros/op],Percentilie P90.000000 [micros/op],Percentilie P99.900000 [micros/op],Percentilie P99.990000 [micros/op],RawSize [MB (estimated)],Values [bytes each],extra_data,micros/op (avarage),ops/sec,throughput [MB/s],Threads
2,deleterandom,64,Intel(R) Xeon(R) Gold 6326 CPU @ 2.90GHz,24576 KB,10/29/22 11:09:37,cmap,1000000,16,26.204591,,/mnt/pmem0/pmemkv,26.204591,28.495420,29.869918,39.986685,95.771429,991.821289,1024,,18.238962,54827.679688,0.000000,1
2,deleterandom,64,Intel(R) Xeon(R) Gold 6326 CPU @ 2.90GHz,24576 KB,10/29/22 11:10:17,cmap,1000000,16,2.869328,,/mnt/pmem0/pmemkv,2.869328,27.343855,29.275311,39.590937,92.991071,991.821289,1024,,12.554323,159064.921875,0.000000,2
2,deleterandom,64,Intel(R) Xeon(R) Gold 6326 CPU @ 2.90GHz,24576 KB,10/29/22 11:10:54,cmap,1000000,16,1.734715,,/mnt/pmem0/pmemkv,1.734715,3.976447,28.543066,39.880506,87.299035,991.821289,1024,,7.768775,514511.750000,0.000000,4
2,deleterandom,64,Intel(R) Xeon(R) Gold 6326 CPU @ 2.90GHz,24576 KB,10/29/22 11:11:26,cmap,1000000,16,1.432062,,/mnt/pmem0/pmemkv,1.432062,1.891809,26.238876,39.344473,78.054608,991.821289,1024,,4.278841,1868851.500000,0.000000,8
2,deleterandom,64,Intel(R) Xeon(R) Gold 6326 CPU @ 2.90GHz,24576 KB,10/29/22 11:11:53,cmap,1000000,16,1.300116,,/mnt/pmem0/pmemkv,1.300116,1.737175,1.999410,36.800021,60.954357,991.821289,1024,,2.389596,6686794.000000,0.000000,16
2,deleterandom,64,Intel(R) Xeon(R) Gold 6326 CPU @ 2.90GHz,24576 KB,10/29/22 11:12:28,cmap,1000000,16,1.572554,,/mnt/pmem0/pmemkv,1.572554,1.898042,2.555842,66.700756,77.431373,991.821289,1024,,2.772915,11315385.000000,0.000000,32
deleterandom_threads_3.csv
id,Benchmark,CPU,CPU model,CPUCache,Date:,Engine,Entries,Keys [bytes each],Median [micros/op],Open [millis/op],Path,Percentilie P50.000000 [micros/op],Percentilie P75.000000 [micros/op],Percentilie P90.000000 [micros/op],Percentilie P99.900000 [micros/op],Percentilie P99.990000 [micros/op],RawSize [MB (estimated)],Values [bytes each],extra_data,micros/op (avarage),ops/sec,throughput [MB/s],Threads
2,deleterandom,64,Intel(R) Xeon(R) Gold 6326 CPU @ 2.90GHz,24576 KB,10/29/22 11:12:51,cmap,1000000,16,26.187675,,/mnt/pmem0/pmemkv,26.187675,28.447795,29.803867,39.906015,95.674157,991.821289,1024,,18.028820,55466.746094,0.000000,1
2,deleterandom,64,Intel(R) Xeon(R) Gold 6326 CPU @ 2.90GHz,24576 KB,10/29/22 11:13:30,cmap,1000000,16,2.869807,,/mnt/pmem0/pmemkv,2.869807,27.344293,29.275187,39.638128,92.464455,991.821289,1024,,12.555667,159263.078125,0.000000,2
2,deleterandom,64,Intel(R) Xeon(R) Gold 6326 CPU @ 2.90GHz,24576 KB,10/29/22 11:14:05,cmap,1000000,16,1.721527,,/mnt/pmem0/pmemkv,1.721527,3.974775,28.262706,39.143128,89.106145,991.821289,1024,,7.416208,539099.687500,0.000000,4
2,deleterandom,64,Intel(R) Xeon(R) Gold 6326 CPU @ 2.90GHz,24576 KB,10/29/22 11:14:34,cmap,1000000,16,1.429536,,/mnt/pmem0/pmemkv,1.429536,1.889919,26.107536,38.149774,81.422594,991.821289,1024,,4.110258,1945316.625000,0.000000,8
2,deleterandom,64,Intel(R) Xeon(R) Gold 6326 CPU @ 2.90GHz,24576 KB,10/29/22 11:15:03,cmap,1000000,16,1.302585,,/mnt/pmem0/pmemkv,1.302585,1.738858,2.011868,38.707974,65.298246,991.821289,1024,,2.480022,6440726.000000,0.000000,16
2,deleterandom,64,Intel(R) Xeon(R) Gold 6326 CPU @ 2.90GHz,24576 KB,10/29/22 11:15:38,cmap,1000000,16,1.573057,,/mnt/pmem0/pmemkv,1.573057,1.898211,2.555976,66.610805,76.980151,991.821289,1024,,2.775317,11339644.000000,0.000000,32
