readrandomwriterandom_threads_1.csv
id,Benchmark,CPU,CPU model,CPUCache,Date:,Engine,Entries,Keys [bytes each],Median [micros/op],Open [millis/op],Path,Percentilie P50.000000 [micros/op],Percentilie P75.000000 [micros/op],Percentilie P90.000000 [micros/op],Percentilie P99.900000 [micros/op],Percentilie P99.990000 [micros/op],RawSize [MB (estimated)],Values [bytes each],extra_data,micros/op (avarage),ops/sec,throughput [MB/s],Threads
2,readrandomwriterandom,64,Intel(R) Xeon(R) Gold 6326 CPU @ 2.90GHz,24576 KB,10/29/22 08:31:19,cmap,1000000,16,5.480545,,/mnt/pmem0/pmemkv,5.480545,6.866781,7.857894,13.529003,21.515957,991.821289,1024,(reads:5000000 writes:5000000 total:10000000 found:5000000),4.846237,206345.656250,204.658020,1
2,readrandomwriterandom,64,Intel(R) Xeon(R) Gold 6326 CPU @ 2.90GHz,24576 KB,10/29/22 08:32:27,cmap,1000000,16,5.446543,,/mnt/pmem0/pmemkv,5.446543,6.833847,7.832831,12.517308,69.447236,991.821289,1024,(reads:5000000 writes:5000000 total:10000000 found:5000000),4.840065,412582.156250,409.207764,2
2,readrandomwriterandom,64,Intel(R) Xeon(R) Gold 6326 CPU @ 2.90GHz,24576 KB,10/29/22 08:33:35,cmap,1000000,16,5.537615,,/mnt/pmem0/pmemkv,5.537615,6.913190,7.921581,12.771427,74.365294,991.821289,1024,(reads:5000000 writes:5000000 total:10000000 found:5000000),4.943254,804442.125000,797.862854,4
2,readrandomwriterandom,64,Intel(R) Xeon(R) Gold 6326 CPU @ 2.90GHz,24576 KB,10/29/22 08:34:44,cmap,1000000,16,5.891144,,/mnt/pmem0/pmemkv,5.891144,7.301970,8.428858,16.896042,78.152777,991.821289,1024,(reads:5000000 writes:5000000 total:10000000 found:5000000),5.268004,1512659.750000,1500.288086,8
2,readrandomwriterandom,64,Intel(R) Xeon(R) Gold 6326 CPU @ 2.90GHz,24576 KB,10/29/22 08:35:57,cmap,1000000,16,6.700732,,/mnt/pmem0/pmemkv,6.700732,8.700224,10.724998,69.293793,86.454163,991.821289,1024,(reads:5000000 writes:5000000 total:10000000 found:5000000),6.487079,2440255.500000,2420.297363,16
2,readrandomwriterandom,64,Intel(R) Xeon(R) Gold 6326 CPU @ 2.90GHz,24576 KB,10/29/22 08:37:30,cmap,1000000,16,10.393391,,/mnt/pmem0/pmemkv,10.393391,18.829723,24.963500,75.191902,90.232224,991.821289,1024,(reads:5000000 writes:5000000 total:10000000 found:5000000),12.701733,2407807.750000,2388.114990,32
readrandomwriterandom_threads_2.csv
id,Benchmark,CPU,CPU model,CPUCache,Date:,Engine,Entries,Keys [bytes each],Median [micros/op],Open [millis/op],Path,Percentilie P50.000000 [micros/op],Percentilie P75.000000 [micros/op],Percentilie P90.000000 [micros/op],Percentilie P99.900000 [micros/op],Percentilie P99.990000 [micros/op],RawSize [MB (estimated)],Values [bytes each],extra_data,micros/op (avarage),ops/sec,throughput [MB/s],Threads
2,readrandomwriterandom,64,Intel(R) Xeon(R) Gold 6326 CPU @ 2.90GHz,24576 KB,10/29/22 08:40:00,cmap,1000000,16,5.381663,,/mnt/pmem0/pmemkv,5.381663,6.754914,7.737126,13.506465,21.616915,991.821289,1024,(reads:5000000 writes:5000000 total:10000000 found:5000000),4.778930,209251.875000,207.540466,1
2,readrandomwriterandom,64,Intel(R) Xeon(R) Gold 6326 CPU @ 2.90GHz,24576 KB,10/29/22 08:41:07,cmap,1000000,16,5.407777,,/mnt/pmem0/pmemkv,5.407777,6.795610,7.783788,12.053063,68.742656,991.821289,1024,(reads:5000000 writes:5000000 total:10000000 found:5000000),4.809089,414141.468750,410.754333,2
2,readrandomwriterandom,64,Intel(R) Xeon(R) Gold 6326 CPU @ 2.90GHz,24576 KB,10/29/22 08:42:15,cmap,1000000,16,5.535895,,/mnt/pmem0/pmemkv,5.535895,6.917535,7.929059,12.014787,74.660100,991.821289,1024,(reads:5000000 writes:5000000 total:10000000 found:5000000),4.942513,804025.500000,797.449585,4
2,readrandomwriterandom,64,Intel(R) Xeon(R) Gold 6326 CPU @ 2.90GHz,24576 KB,10/29/22 08:43:24,cmap,1000000,16,5.907578,,/mnt/pmem0/pmemkv,5.907578,7.318559,8.448451,17.219235,78.246664,991.821289,1024,(reads:5000000 writes:5000000 total:10000000 found:5000000),5.279100,1509642.875000,1497.295898,8
2,readrandomwriterandom,64,Intel(R) Xeon(R) Gold 6326 CPU @ 2.90GHz,24576 KB,10/29/22 08:44:37,cmap,1000000,16,6.700542,,/mnt/pmem0/pmemkv,6.700542,8.695165,10.702801,69.415929,86.461923,991.821289,1024,(reads:5000000 writes:5000000 total:10000000 found:5000000),6.478783,2450551.500000,2430.509277,16
2,readrandomwriterandom,64,Intel(R) Xeon(R) Gold 6326 CPU @ 2.90GHz,24576 KB,10/29/22 08:46:09,cmap,1000000,16,10.166927,,/mnt/pmem0/pmemkv,10.166927,18.298095,24.524923,75.946782,90.738041,991.821289,1024,(reads:5000000 writes:5000000 total:10000000 found:5000000),12.490019,2441722.750000,2421.752686,32
readrandomwriterandom_threads_3.csv
id,Benchmark,CPU,CPU model,CPUCache,Date:,Engine,Entries,Keys [bytes each],Median [micros/op],Open [millis/op],Path,Percentilie P50.000000 [micros/op],Percentilie P75.000000 [micros/op],Percentilie P90.000000 [micros/op],Percentilie P99.900000 [micros/op],Percentilie P99.990000 [micros/op],RawSize [MB (estimated)],Values [bytes each],extra_data,micros/op (avarage),ops/sec,throughput [MB/s],Threads
2,readrandomwriterandom,64,Intel(R) Xeon(R) Gold 6326 CPU @ 2.90GHz,24576 KB,10/29/22 08:48:38,cmap,1000000,16,5.349824,,/mnt/pmem0/pmemkv,5.349824,6.721813,7.695410,13.333516,19.654135,991.821289,1024,(reads:5000000 writes:5000000 total:10000000 found:5000000),4.751282,210469.500000,208.748123,1
2,readrandomwriterandom,64,Intel(R) Xeon(R) Gold 6326 CPU @ 2.90GHz,24576 KB,10/29/22 08:49:44,cmap,1000000,16,5.403097,,/mnt/pmem0/pmemkv,5.403097,6.785986,7.778781,12.533498,69.228612,991.821289,1024,(reads:5000000 writes:5000000 total:10000000 found:5000000),4.805774,416018.656250,412.616180,2
2,readrandomwriterandom,64,Intel(R) Xeon(R) Gold 6326 CPU @ 2.90GHz,24576 KB,10/29/22 08:50:52,cmap,1000000,16,5.524409,,/mnt/pmem0/pmemkv,5.524409,6.896114,7.914133,12.604485,74.832559,991.821289,1024,(reads:5000000 writes:5000000 total:10000000 found:5000000),4.934513,807320.750000,800.717896,4
2,readrandomwriterandom,64,Intel(R) Xeon(R) Gold 6326 CPU @ 2.90GHz,24576 KB,10/29/22 08:52:01,cmap,1000000,16,5.895838,,/mnt/pmem0/pmemkv,5.895838,7.316590,8.435119,17.189014,78.256145,991.821289,1024,(reads:5000000 writes:5000000 total:10000000 found:5000000),5.275678,1506474.875000,1494.153809,8
2,readrandomwriterandom,64,Intel(R) Xeon(R) Gold 6326 CPU @ 2.90GHz,24576 KB,10/29/22 08:53:14,cmap,1000000,16,6.713830,,/mnt/pmem0/pmemkv,6.713830,8.720147,10.792074,68.257131,86.376868,991.821289,1024,(reads:5000000 writes:5000000 total:10000000 found:5000000),6.518972,2429745.250000,2409.873047,16
2,readrandomwriterandom,64,Intel(R) Xeon(R) Gold 6326 CPU @ 2.90GHz,24576 KB,10/29/22 08:54:47,cmap,1000000,16,10.365406,,/mnt/pmem0/pmemkv,10.365406,18.450348,24.555544,76.014091,90.659232,991.821289,1024,(reads:5000000 writes:5000000 total:10000000 found:5000000),12.581612,2424933.750000,2405.100830,32
