id,Benchmark,CPU,CPU model,CPUCache,Date:,Engine,Entries,Keys [bytes each],Median [micros/op],Open [millis/op],Path,Percentilie P50.000000 [micros/op],Percentilie P75.000000 [micros/op],Percentilie P90.000000 [micros/op],Percentilie P99.900000 [micros/op],Percentilie P99.990000 [micros/op],RawSize [MB (estimated)],Values [bytes each],extra_data,micros/op (avarage),ops/sec,throughput [MB/s],Threads
2,readrandomwriterandom,64,Intel(R) Xeon(R) Gold 6326 CPU @ 2.90GHz,24576 KB,10/29/22 08:48:38,cmap,1000000,16,5.404011,,/mnt/pmem0/pmemkv,5.404011,6.781169,7.763477,13.456328,20.929002,991.821289,1024,(reads:5000000 writes:5000000 total:10000000 found:5000000),4.792150,208689.010417,206.982203,1
2,readrandomwriterandom,64,Intel(R) Xeon(R) Gold 6326 CPU @ 2.90GHz,24576 KB,10/29/22 08:49:44,cmap,1000000,16,5.419139,,/mnt/pmem0/pmemkv,5.419139,6.805148,7.798467,12.367956,69.139501,991.821289,1024,(reads:5000000 writes:5000000 total:10000000 found:5000000),4.818309,414247.427083,410.859426,2
2,readrandomwriterandom,64,Intel(R) Xeon(R) Gold 6326 CPU @ 2.90GHz,24576 KB,10/29/22 08:50:52,cmap,1000000,16,5.532640,,/mnt/pmem0/pmemkv,5.532640,6.908946,7.921591,12.463566,74.619318,991.821289,1024,(reads:5000000 writes:5000000 total:10000000 found:5000000),4.940093,805262.791667,798.676778,4
2,readrandomwriterandom,64,Intel(R) Xeon(R) Gold 6326 CPU @ 2.90GHz,24576 KB,10/29/22 08:52:01,cmap,1000000,16,5.898187,,/mnt/pmem0/pmemkv,5.898187,7.312373,8.437476,17.101430,78.218529,991.821289,1024,(reads:5000000 writes:5000000 total:10000000 found:5000000),5.274261,1509592.500000,1497.245931,8
2,readrandomwriterandom,64,Intel(R) Xeon(R) Gold 6326 CPU @ 2.90GHz,24576 KB,10/29/22 08:53:14,cmap,1000000,16,6.705035,,/mnt/pmem0/pmemkv,6.705035,8.705179,10.739958,68.988951,86.430985,991.821289,1024,(reads:5000000 writes:5000000 total:10000000 found:5000000),6.494945,2440184.083333,2420.226562,16
2,readrandomwriterandom,64,Intel(R) Xeon(R) Gold 6326 CPU @ 2.90GHz,24576 KB,10/29/22 08:54:47,cmap,1000000,16,10.308575,,/mnt/pmem0/pmemkv,10.308575,18.526055,24.681322,75.717592,90.543166,991.821289,1024,(reads:5000000 writes:5000000 total:10000000 found:5000000),12.591121,2424821.416667,2404.989502,32
