Threads: 1
***** SPP runtime statistics *****
__spp_extract_tagval_cnt		: 591515515 
__spp_is_pm_ptr_cnt			: 1660728148 
__spp_vol_ptr_check_cnt			: 1149302952 
__spp_cleantag_cnt			: 681515517 
USELESS__spp_cleantag_cnt		: 70000002 
__spp_cleantag_external_cnt		: 206273897 
USELESS__spp_cleantag_external_cnt	: 110291948 
__spp_checkbound_cnt			: 1028302162 
USELESS__spp_checkbound_cnt		: 772080567 
__spp_updatetag_cnt			: 883557206 
USELESS__spp_updatetag_cnt		: 583565698 
__spp_memintr_check_and_clean_cnt	: 218860233 

***** SPP direct runtime statistics *****
__spp_cleantag_cnt_direct		: 601515515 
__spp_cleantag_external_cnt_direct	: 95891630 
__spp_checkbound_cnt_direct		: 20090319 
__spp_updatetag_cnt_direct		: 80180638 
__spp_memintr_check_and_clean_cnt_direct: 5000000 

Threads: 2
***** SPP runtime statistics *****
__spp_extract_tagval_cnt		: 1001128567 
__spp_is_pm_ptr_cnt			: 2581093936 
__spp_vol_ptr_check_cnt			: 1889511154 
__spp_cleantag_cnt			: 1129593232 
USELESS__spp_cleantag_cnt		: 136078043 
__spp_cleantag_external_cnt		: 360907527 
USELESS__spp_cleantag_external_cnt	: 204965991 
__spp_checkbound_cnt			: 1622857696 
USELESS__spp_checkbound_cnt		: 1272136516 
__spp_updatetag_cnt			: 1411648581 
USELESS__spp_updatetag_cnt		: 996683550 
__spp_memintr_check_and_clean_cnt	: 387370214 

***** SPP direct runtime statistics *****
__spp_cleantag_cnt_direct		: 1019903360 
__spp_cleantag_external_cnt_direct	: 176566480 
__spp_checkbound_cnt_direct		: 39008907 
__spp_updatetag_cnt_direct		: 151729351 
__spp_memintr_check_and_clean_cnt_direct: 9905678 

Threads: 4
***** SPP runtime statistics *****
__spp_extract_tagval_cnt		: 1052356815 
__spp_is_pm_ptr_cnt			: 1811792414 
__spp_vol_ptr_check_cnt			: 1528589524 
__spp_cleantag_cnt			: 1089511904 
USELESS__spp_cleantag_cnt		: 214271369 
__spp_cleantag_external_cnt		: 356719286 
USELESS__spp_cleantag_external_cnt	: 248958163 
__spp_checkbound_cnt			: 1145274645 
USELESS__spp_checkbound_cnt		: 1001544963 
__spp_updatetag_cnt			: 989235869 
USELESS__spp_updatetag_cnt		: 832652185 
__spp_memintr_check_and_clean_cnt	: 432157494 

***** SPP direct runtime statistics *****
__spp_cleantag_cnt_direct		: 1073033134 
__spp_cleantag_external_cnt_direct	: 234187050 
__spp_checkbound_cnt_direct		: 67678282 
__spp_updatetag_cnt_direct		: 223178140 
__spp_memintr_check_and_clean_cnt_direct: 19093084 

Threads: 8
***** SPP runtime statistics *****
__spp_extract_tagval_cnt		: 1149093378 
__spp_is_pm_ptr_cnt			: 1766939841 
__spp_vol_ptr_check_cnt			: 1527759064 
__spp_cleantag_cnt			: 1162902496 
USELESS__spp_cleantag_cnt		: 326292657 
__spp_cleantag_external_cnt		: 408336964 
USELESS__spp_cleantag_external_cnt	: 314774608 
__spp_checkbound_cnt			: 1118314237 
USELESS__spp_checkbound_cnt		: 1011613464 
__spp_updatetag_cnt			: 982132688 
USELESS__spp_updatetag_cnt		: 852289977 
__spp_memintr_check_and_clean_cnt	: 515361710 

***** SPP direct runtime statistics *****
__spp_cleantag_cnt_direct		: 1171948845 
__spp_cleantag_external_cnt_direct	: 309080165 
__spp_checkbound_cnt_direct		: 113772965 
__spp_updatetag_cnt_direct		: 318151003 
__spp_memintr_check_and_clean_cnt_direct: 36683571 

Threads: 16
***** SPP runtime statistics *****
__spp_extract_tagval_cnt		: 1249823890 
__spp_is_pm_ptr_cnt			: 1844795537 
__spp_vol_ptr_check_cnt			: 1594640773 
__spp_cleantag_cnt			: 1269191556 
USELESS__spp_cleantag_cnt		: 471359723 
__spp_cleantag_external_cnt		: 494562624 
USELESS__spp_cleantag_external_cnt	: 400011266 
__spp_checkbound_cnt			: 1198839968 
USELESS__spp_checkbound_cnt		: 1088245244 
__spp_updatetag_cnt			: 1083211695 
USELESS__spp_updatetag_cnt		: 945125734 
__spp_memintr_check_and_clean_cnt	: 615538757 

***** SPP direct runtime statistics *****
__spp_cleantag_cnt_direct		: 1276744101 
__spp_cleantag_external_cnt_direct	: 409973136 
__spp_checkbound_cnt_direct		: 185693949 
__spp_updatetag_cnt_direct		: 425301242 
__spp_memintr_check_and_clean_cnt_direct: 67749184 

Threads: 32
***** SPP runtime statistics *****
__spp_extract_tagval_cnt		: 2027848156 
__spp_is_pm_ptr_cnt			: 2420593693 
__spp_vol_ptr_check_cnt			: 2128007928 
__spp_cleantag_cnt			: 2099227976 
USELESS__spp_cleantag_cnt		: 966611361 
__spp_cleantag_external_cnt		: 1207462445 
USELESS__spp_cleantag_external_cnt	: 879324863 
__spp_checkbound_cnt			: 1865126186 
USELESS__spp_checkbound_cnt		: 1674543411 
__spp_updatetag_cnt			: 1824637988 
USELESS__spp_updatetag_cnt		: 1714872198 
__spp_memintr_check_and_clean_cnt	: 1410179926 

***** SPP direct runtime statistics *****
__spp_cleantag_cnt_direct		: 2125794024 
__spp_cleantag_external_cnt_direct	: 1086618924 
__spp_checkbound_cnt_direct		: 376301169 
__spp_updatetag_cnt_direct		: 909975889 
__spp_memintr_check_and_clean_cnt_direct: 134525592 

