id,Benchmark,CPU,CPU model,CPUCache,Date:,Engine,Entries,Keys [bytes each],Median [micros/op],Open [millis/op],Path,Percentilie P50.000000 [micros/op],Percentilie P75.000000 [micros/op],Percentilie P90.000000 [micros/op],Percentilie P99.900000 [micros/op],Percentilie P99.990000 [micros/op],RawSize [MB (estimated)],Values [bytes each],extra_data,micros/op (avarage),ops/sec,throughput [MB/s],Threads
2,readrandom,64,Intel(R) Xeon(R) Gold 6326 CPU @ 2.90GHz,24576 KB,10/29/22 15:45:37,cmap,1000000,16,1.853697,,/mnt/pmem0/pmemkv,1.853697,3.262142,4.453963,11.305469,14.709592,991.821289,1024,(1002361 of 10000000 found by one thread),1.898682,526692.906250,59.592987,1
2,readrandom,64,Intel(R) Xeon(R) Gold 6326 CPU @ 2.90GHz,24576 KB,10/29/22 15:46:17,cmap,1000000,16,1.816059,,/mnt/pmem0/pmemkv,1.816059,3.110084,4.273578,9.633179,13.371703,991.821289,1024,(1002361 of 10000000 found by one thread),1.794915,1111918.333333,125.658661,2
2,readrandom,64,Intel(R) Xeon(R) Gold 6326 CPU @ 2.90GHz,24576 KB,10/29/22 15:46:57,cmap,1000000,16,1.793474,,/mnt/pmem0/pmemkv,1.793474,3.012435,4.187234,8.557044,12.468465,991.821289,1024,(1002361 of 10000000 found by one thread),1.733079,2300382.833333,260.067648,4
2,readrandom,64,Intel(R) Xeon(R) Gold 6326 CPU @ 2.90GHz,24576 KB,10/29/22 15:47:36,cmap,1000000,16,1.790323,,/mnt/pmem0/pmemkv,1.790323,3.034721,4.231248,7.853817,11.685889,991.821289,1024,(1002361 of 10000000 found by one thread),1.739878,4583753.333333,518.260356,8
2,readrandom,64,Intel(R) Xeon(R) Gold 6326 CPU @ 2.90GHz,24576 KB,10/29/22 15:48:15,cmap,1000000,16,1.812935,,/mnt/pmem0/pmemkv,1.812935,3.167874,4.441262,7.958276,11.594013,991.821289,1024,(1002361 of 10000000 found by one thread),1.825656,8672768.333333,980.434753,16
2,readrandom,64,Intel(R) Xeon(R) Gold 6326 CPU @ 2.90GHz,24576 KB,10/29/22 15:49:06,cmap,1000000,16,2.574056,,/mnt/pmem0/pmemkv,2.574056,3.956031,5.511315,9.890807,13.863691,991.821289,1024,(1002361 of 10000000 found by one thread),2.523711,12455755.333333,1407.892456,32
