readseq_threads_1.csv
id,Benchmark,CPU,CPU model,CPUCache,Date:,Engine,Entries,Keys [bytes each],Median [micros/op],Open [millis/op],Path,Percentilie P50.000000 [micros/op],Percentilie P75.000000 [micros/op],Percentilie P90.000000 [micros/op],Percentilie P99.900000 [micros/op],Percentilie P99.990000 [micros/op],RawSize [MB (estimated)],Values [bytes each],extra_data,micros/op (avarage),ops/sec,throughput [MB/s],Threads
2,readseq,64,Intel(R) Xeon(R) Gold 6326 CPU @ 2.90GHz,24576 KB,10/29/22 15:24:46,cmap,1000000,16,1.753829,,/mnt/pmem0/pmemkv,1.753829,2.750662,3.969051,10.581951,14.112880,991.821289,1024,(1000000 of 10000000 found by one thread),1.638111,610459.062500,68.930008,1
2,readseq,64,Intel(R) Xeon(R) Gold 6326 CPU @ 2.90GHz,24576 KB,10/29/22 15:25:24,cmap,1000000,16,1.636133,,/mnt/pmem0/pmemkv,1.636133,2.373057,3.836196,13.357731,17.328555,991.821289,1024,(1000000 of 10000000 found by one thread),1.545447,1294123.625000,146.126022,2
2,readseq,64,Intel(R) Xeon(R) Gold 6326 CPU @ 2.90GHz,24576 KB,10/29/22 15:26:01,cmap,1000000,16,1.596400,,/mnt/pmem0/pmemkv,1.596400,2.231978,3.800539,15.242761,19.168406,991.821289,1024,(1000000 of 10000000 found by one thread),1.572757,2543297.750000,287.176575,4
2,readseq,64,Intel(R) Xeon(R) Gold 6326 CPU @ 2.90GHz,24576 KB,10/29/22 15:26:38,cmap,1000000,16,1.609878,,/mnt/pmem0/pmemkv,1.609878,2.302118,3.681706,17.697715,23.121629,991.821289,1024,(1000000 of 10000000 found by one thread),1.619014,4941272.500000,557.943970,8
2,readseq,64,Intel(R) Xeon(R) Gold 6326 CPU @ 2.90GHz,24576 KB,10/29/22 15:27:16,cmap,1000000,16,1.626186,,/mnt/pmem0/pmemkv,1.626186,2.351450,3.584695,22.917070,27.813093,991.821289,1024,(1000000 of 10000000 found by one thread),1.611740,9927125.000000,1120.921753,16
2,readseq,64,Intel(R) Xeon(R) Gold 6326 CPU @ 2.90GHz,24576 KB,10/29/22 15:28:08,cmap,1000000,16,2.077070,,/mnt/pmem0/pmemkv,2.077070,2.899843,4.209892,30.761732,40.085018,991.821289,1024,(1000000 of 10000000 found by one thread),2.198140,14557680.000000,1643.781006,32
readseq_threads_2.csv
id,Benchmark,CPU,CPU model,CPUCache,Date:,Engine,Entries,Keys [bytes each],Median [micros/op],Open [millis/op],Path,Percentilie P50.000000 [micros/op],Percentilie P75.000000 [micros/op],Percentilie P90.000000 [micros/op],Percentilie P99.900000 [micros/op],Percentilie P99.990000 [micros/op],RawSize [MB (estimated)],Values [bytes each],extra_data,micros/op (avarage),ops/sec,throughput [MB/s],Threads
2,readseq,64,Intel(R) Xeon(R) Gold 6326 CPU @ 2.90GHz,24576 KB,10/29/22 15:28:52,cmap,1000000,16,1.753143,,/mnt/pmem0/pmemkv,1.753143,2.745542,3.962869,11.423045,15.568147,991.821289,1024,(1000000 of 10000000 found by one thread),1.646213,607454.750000,68.590782,1
2,readseq,64,Intel(R) Xeon(R) Gold 6326 CPU @ 2.90GHz,24576 KB,10/29/22 15:29:29,cmap,1000000,16,1.639707,,/mnt/pmem0/pmemkv,1.639707,2.381773,3.837574,13.356476,17.310885,991.821289,1024,(1000000 of 10000000 found by one thread),1.552939,1287877.500000,145.420731,2
2,readseq,64,Intel(R) Xeon(R) Gold 6326 CPU @ 2.90GHz,24576 KB,10/29/22 15:30:06,cmap,1000000,16,1.596923,,/mnt/pmem0/pmemkv,1.596923,2.233121,3.809426,15.332518,19.264504,991.821289,1024,(1000000 of 10000000 found by one thread),1.576528,2537213.750000,286.489563,4
2,readseq,64,Intel(R) Xeon(R) Gold 6326 CPU @ 2.90GHz,24576 KB,10/29/22 15:30:46,cmap,1000000,16,1.607511,,/mnt/pmem0/pmemkv,1.607511,2.296326,3.688892,18.241040,23.993713,991.821289,1024,(1000000 of 10000000 found by one thread),1.626996,4917008.500000,555.204224,8
2,readseq,64,Intel(R) Xeon(R) Gold 6326 CPU @ 2.90GHz,24576 KB,10/29/22 15:31:27,cmap,1000000,16,1.627516,,/mnt/pmem0/pmemkv,1.627516,2.351133,3.595116,23.201011,28.218579,991.821289,1024,(1000000 of 10000000 found by one thread),1.623350,9856118.000000,1112.903931,16
2,readseq,64,Intel(R) Xeon(R) Gold 6326 CPU @ 2.90GHz,24576 KB,10/29/22 15:32:15,cmap,1000000,16,2.124716,,/mnt/pmem0/pmemkv,2.124716,2.905220,4.090849,29.821711,39.530552,991.821289,1024,(1000000 of 10000000 found by one thread),2.191611,14600922.000000,1648.663696,32
readseq_threads_3.csv
id,Benchmark,CPU,CPU model,CPUCache,Date:,Engine,Entries,Keys [bytes each],Median [micros/op],Open [millis/op],Path,Percentilie P50.000000 [micros/op],Percentilie P75.000000 [micros/op],Percentilie P90.000000 [micros/op],Percentilie P99.900000 [micros/op],Percentilie P99.990000 [micros/op],RawSize [MB (estimated)],Values [bytes each],extra_data,micros/op (avarage),ops/sec,throughput [MB/s],Threads
2,readseq,64,Intel(R) Xeon(R) Gold 6326 CPU @ 2.90GHz,24576 KB,10/29/22 15:32:56,cmap,1000000,16,1.753760,,/mnt/pmem0/pmemkv,1.753760,2.748865,3.968151,10.709264,14.381208,991.821289,1024,(1000000 of 10000000 found by one thread),1.639576,609913.812500,68.868439,1
2,readseq,64,Intel(R) Xeon(R) Gold 6326 CPU @ 2.90GHz,24576 KB,10/29/22 15:33:34,cmap,1000000,16,1.644049,,/mnt/pmem0/pmemkv,1.644049,2.395998,3.847296,13.456273,17.373538,991.821289,1024,(1000000 of 10000000 found by one thread),1.562645,1279879.375000,144.517624,2
2,readseq,64,Intel(R) Xeon(R) Gold 6326 CPU @ 2.90GHz,24576 KB,10/29/22 15:34:11,cmap,1000000,16,1.597771,,/mnt/pmem0/pmemkv,1.597771,2.235761,3.812979,15.302121,19.269786,991.821289,1024,(1000000 of 10000000 found by one thread),1.575875,2538265.500000,286.608368,4
2,readseq,64,Intel(R) Xeon(R) Gold 6326 CPU @ 2.90GHz,24576 KB,10/29/22 15:34:51,cmap,1000000,16,1.609715,,/mnt/pmem0/pmemkv,1.609715,2.300359,3.696066,18.163788,23.920079,991.821289,1024,(1000000 of 10000000 found by one thread),1.629431,4909673.000000,554.375916,8
2,readseq,64,Intel(R) Xeon(R) Gold 6326 CPU @ 2.90GHz,24576 KB,10/29/22 15:35:30,cmap,1000000,16,1.623122,,/mnt/pmem0/pmemkv,1.623122,2.346021,3.591853,22.415157,27.110058,991.821289,1024,(1000000 of 10000000 found by one thread),1.596305,10023098.000000,1131.758423,16
2,readseq,64,Intel(R) Xeon(R) Gold 6326 CPU @ 2.90GHz,24576 KB,10/29/22 15:36:17,cmap,1000000,16,2.049076,,/mnt/pmem0/pmemkv,2.049076,2.898557,4.199952,30.078150,39.804819,991.821289,1024,(1000000 of 10000000 found by one thread),2.182001,14665208.000000,1655.922485,32
