id,Benchmark,CPU,CPU model,CPUCache,Date:,Engine,Entries,Keys [bytes each],Median [micros/op],Open [millis/op],Path,Percentilie P50.000000 [micros/op],Percentilie P75.000000 [micros/op],Percentilie P90.000000 [micros/op],Percentilie P99.900000 [micros/op],Percentilie P99.990000 [micros/op],RawSize [MB (estimated)],Values [bytes each],extra_data,micros/op (avarage),ops/sec,throughput [MB/s],Threads
2,readseq,64,Intel(R) Xeon(R) Gold 6326 CPU @ 2.90GHz,24576 KB,10/29/22 15:32:56,cmap,1000000,16,1.753577,,/mnt/pmem0/pmemkv,1.753577,2.748356,3.966690,10.904753,14.687412,991.821289,1024,(1000000 of 10000000 found by one thread),1.641300,609275.875000,68.796410,1
2,readseq,64,Intel(R) Xeon(R) Gold 6326 CPU @ 2.90GHz,24576 KB,10/29/22 15:33:34,cmap,1000000,16,1.639963,,/mnt/pmem0/pmemkv,1.639963,2.383609,3.840355,13.390160,17.337659,991.821289,1024,(1000000 of 10000000 found by one thread),1.553677,1287293.500000,145.354792,2
2,readseq,64,Intel(R) Xeon(R) Gold 6326 CPU @ 2.90GHz,24576 KB,10/29/22 15:34:11,cmap,1000000,16,1.597031,,/mnt/pmem0/pmemkv,1.597031,2.233620,3.807648,15.292467,19.234232,991.821289,1024,(1000000 of 10000000 found by one thread),1.575053,2539592.333333,286.758169,4
2,readseq,64,Intel(R) Xeon(R) Gold 6326 CPU @ 2.90GHz,24576 KB,10/29/22 15:34:51,cmap,1000000,16,1.609035,,/mnt/pmem0/pmemkv,1.609035,2.299601,3.688888,18.034181,23.678474,991.821289,1024,(1000000 of 10000000 found by one thread),1.625147,4922651.333333,555.841370,8
2,readseq,64,Intel(R) Xeon(R) Gold 6326 CPU @ 2.90GHz,24576 KB,10/29/22 15:35:30,cmap,1000000,16,1.625608,,/mnt/pmem0/pmemkv,1.625608,2.349535,3.590555,22.844413,27.713910,991.821289,1024,(1000000 of 10000000 found by one thread),1.610465,9935447.000000,1121.861369,16
2,readseq,64,Intel(R) Xeon(R) Gold 6326 CPU @ 2.90GHz,24576 KB,10/29/22 15:36:17,cmap,1000000,16,2.083621,,/mnt/pmem0/pmemkv,2.083621,2.901207,4.166898,30.220531,39.806796,991.821289,1024,(1000000 of 10000000 found by one thread),2.190584,14607936.666667,1649.455729,32
