readrandom_threads_1.csv
id,Benchmark,CPU,CPU model,CPUCache,Date:,Engine,Entries,Keys [bytes each],Median [micros/op],Open [millis/op],Path,Percentilie P50.000000 [micros/op],Percentilie P75.000000 [micros/op],Percentilie P90.000000 [micros/op],Percentilie P99.900000 [micros/op],Percentilie P99.990000 [micros/op],RawSize [MB (estimated)],Values [bytes each],extra_data,micros/op (avarage),ops/sec,throughput [MB/s],Threads
2,readrandom,64,Intel(R) Xeon(R) Gold 6326 CPU @ 2.90GHz,24576 KB,10/29/22 15:37:03,cmap,1000000,16,1.852903,,/mnt/pmem0/pmemkv,1.852903,3.243032,4.435530,11.419872,14.948318,991.821289,1024,(1002361 of 10000000 found by one thread),1.891529,528672.937500,59.817017,1
2,readrandom,64,Intel(R) Xeon(R) Gold 6326 CPU @ 2.90GHz,24576 KB,10/29/22 15:37:43,cmap,1000000,16,1.823923,,/mnt/pmem0/pmemkv,1.823923,3.146316,4.303537,9.666282,13.419202,991.821289,1024,(1002361 of 10000000 found by one thread),1.821500,1094560.000000,123.696983,2
2,readrandom,64,Intel(R) Xeon(R) Gold 6326 CPU @ 2.90GHz,24576 KB,10/29/22 15:38:23,cmap,1000000,16,1.792747,,/mnt/pmem0/pmemkv,1.792747,3.004407,4.183836,8.534193,12.474001,991.821289,1024,(1002361 of 10000000 found by one thread),1.729499,2304533.000000,260.536835,4
2,readrandom,64,Intel(R) Xeon(R) Gold 6326 CPU @ 2.90GHz,24576 KB,10/29/22 15:39:02,cmap,1000000,16,1.790636,,/mnt/pmem0/pmemkv,1.790636,3.032299,4.229327,7.817323,11.662993,991.821289,1024,(1002361 of 10000000 found by one thread),1.739149,4579715.500000,517.803833,8
2,readrandom,64,Intel(R) Xeon(R) Gold 6326 CPU @ 2.90GHz,24576 KB,10/29/22 15:39:42,cmap,1000000,16,1.811623,,/mnt/pmem0/pmemkv,1.811623,3.160719,4.436808,7.936553,11.633523,991.821289,1024,(1002361 of 10000000 found by one thread),1.822438,8755308.000000,989.765625,16
2,readrandom,64,Intel(R) Xeon(R) Gold 6326 CPU @ 2.90GHz,24576 KB,10/29/22 15:40:32,cmap,1000000,16,2.585442,,/mnt/pmem0/pmemkv,2.585442,3.969719,5.521253,9.871206,13.697259,991.821289,1024,(1002361 of 10000000 found by one thread),2.535458,12388251.000000,1400.262329,32
readrandom_threads_2.csv
id,Benchmark,CPU,CPU model,CPUCache,Date:,Engine,Entries,Keys [bytes each],Median [micros/op],Open [millis/op],Path,Percentilie P50.000000 [micros/op],Percentilie P75.000000 [micros/op],Percentilie P90.000000 [micros/op],Percentilie P99.900000 [micros/op],Percentilie P99.990000 [micros/op],RawSize [MB (estimated)],Values [bytes each],extra_data,micros/op (avarage),ops/sec,throughput [MB/s],Threads
2,readrandom,64,Intel(R) Xeon(R) Gold 6326 CPU @ 2.90GHz,24576 KB,10/29/22 15:41:17,cmap,1000000,16,1.853315,,/mnt/pmem0/pmemkv,1.853315,3.265482,4.451911,10.914763,13.942102,991.821289,1024,(1002361 of 10000000 found by one thread),1.893217,528201.500000,59.763680,1
2,readrandom,64,Intel(R) Xeon(R) Gold 6326 CPU @ 2.90GHz,24576 KB,10/29/22 15:41:57,cmap,1000000,16,1.812488,,/mnt/pmem0/pmemkv,1.812488,3.093463,4.255520,9.657846,13.400423,991.821289,1024,(1002361 of 10000000 found by one thread),1.783121,1119252.000000,126.487450,2
2,readrandom,64,Intel(R) Xeon(R) Gold 6326 CPU @ 2.90GHz,24576 KB,10/29/22 15:42:36,cmap,1000000,16,1.794381,,/mnt/pmem0/pmemkv,1.794381,3.018200,4.185569,8.504738,12.377721,991.821289,1024,(1002361 of 10000000 found by one thread),1.735485,2299018.000000,259.913361,4
2,readrandom,64,Intel(R) Xeon(R) Gold 6326 CPU @ 2.90GHz,24576 KB,10/29/22 15:43:15,cmap,1000000,16,1.788512,,/mnt/pmem0/pmemkv,1.788512,3.026702,4.221681,7.858985,11.719920,991.821289,1024,(1002361 of 10000000 found by one thread),1.735055,4595475.500000,519.585693,8
2,readrandom,64,Intel(R) Xeon(R) Gold 6326 CPU @ 2.90GHz,24576 KB,10/29/22 15:43:55,cmap,1000000,16,1.815970,,/mnt/pmem0/pmemkv,1.815970,3.171068,4.450986,7.966248,11.563082,991.821289,1024,(1002361 of 10000000 found by one thread),1.830615,8532194.000000,964.543213,16
2,readrandom,64,Intel(R) Xeon(R) Gold 6326 CPU @ 2.90GHz,24576 KB,10/29/22 15:44:50,cmap,1000000,16,2.556712,,/mnt/pmem0/pmemkv,2.556712,3.931489,5.496971,9.939145,14.318075,991.821289,1024,(1002361 of 10000000 found by one thread),2.506071,12555784.000000,1419.198853,32
readrandom_threads_3.csv
id,Benchmark,CPU,CPU model,CPUCache,Date:,Engine,Entries,Keys [bytes each],Median [micros/op],Open [millis/op],Path,Percentilie P50.000000 [micros/op],Percentilie P75.000000 [micros/op],Percentilie P90.000000 [micros/op],Percentilie P99.900000 [micros/op],Percentilie P99.990000 [micros/op],RawSize [MB (estimated)],Values [bytes each],extra_data,micros/op (avarage),ops/sec,throughput [MB/s],Threads
2,readrandom,64,Intel(R) Xeon(R) Gold 6326 CPU @ 2.90GHz,24576 KB,10/29/22 15:45:37,cmap,1000000,16,1.854872,,/mnt/pmem0/pmemkv,1.854872,3.277912,4.474449,11.581771,15.238356,991.821289,1024,(1002361 of 10000000 found by one thread),1.911299,523204.281250,59.198265,1
2,readrandom,64,Intel(R) Xeon(R) Gold 6326 CPU @ 2.90GHz,24576 KB,10/29/22 15:46:17,cmap,1000000,16,1.811767,,/mnt/pmem0/pmemkv,1.811767,3.090472,4.261678,9.575408,13.295485,991.821289,1024,(1002361 of 10000000 found by one thread),1.780125,1121943.000000,126.791550,2
2,readrandom,64,Intel(R) Xeon(R) Gold 6326 CPU @ 2.90GHz,24576 KB,10/29/22 15:46:57,cmap,1000000,16,1.793294,,/mnt/pmem0/pmemkv,1.793294,3.014697,4.192297,8.632200,12.553672,991.821289,1024,(1002361 of 10000000 found by one thread),1.734253,2297597.500000,259.752747,4
2,readrandom,64,Intel(R) Xeon(R) Gold 6326 CPU @ 2.90GHz,24576 KB,10/29/22 15:47:36,cmap,1000000,16,1.791821,,/mnt/pmem0/pmemkv,1.791821,3.045162,4.242737,7.885144,11.674753,991.821289,1024,(1002361 of 10000000 found by one thread),1.745430,4576069.000000,517.391541,8
2,readrandom,64,Intel(R) Xeon(R) Gold 6326 CPU @ 2.90GHz,24576 KB,10/29/22 15:48:15,cmap,1000000,16,1.811212,,/mnt/pmem0/pmemkv,1.811212,3.171835,4.435993,7.972028,11.585433,991.821289,1024,(1002361 of 10000000 found by one thread),1.823916,8730803.000000,986.995422,16
2,readrandom,64,Intel(R) Xeon(R) Gold 6326 CPU @ 2.90GHz,24576 KB,10/29/22 15:49:06,cmap,1000000,16,2.580013,,/mnt/pmem0/pmemkv,2.580013,3.966884,5.515722,9.862070,13.575739,991.821289,1024,(1002361 of 10000000 found by one thread),2.529603,12423231.000000,1404.216187,32
