readrandomwriterandom_threads_1.csv
id,Benchmark,CPU,CPU model,CPUCache,Date:,Engine,Entries,Keys [bytes each],Median [micros/op],Open [millis/op],Path,Percentilie P50.000000 [micros/op],Percentilie P75.000000 [micros/op],Percentilie P90.000000 [micros/op],Percentilie P99.900000 [micros/op],Percentilie P99.990000 [micros/op],RawSize [MB (estimated)],Values [bytes each],extra_data,micros/op (avarage),ops/sec,throughput [MB/s],Threads
2,readrandomwriterandom,64,Intel(R) Xeon(R) Gold 6326 CPU @ 2.90GHz,24576 KB,10/29/22 16:18:17,cmap,1000000,16,3.738818,,/mnt/pmem0/pmemkv,3.738818,4.617446,5.718338,11.918564,15.975859,991.821289,1024,(reads:9500000 writes:500000 total:10000000 found:9500000),3.529492,283326.906250,281.009644,1
2,readrandomwriterandom,64,Intel(R) Xeon(R) Gold 6326 CPU @ 2.90GHz,24576 KB,10/29/22 16:19:13,cmap,1000000,16,3.753580,,/mnt/pmem0/pmemkv,3.753580,4.637010,5.714039,11.506387,15.172747,991.821289,1024,(reads:9500000 writes:500000 total:10000000 found:9500000),3.538208,565214.812500,560.592102,2
2,readrandomwriterandom,64,Intel(R) Xeon(R) Gold 6326 CPU @ 2.90GHz,24576 KB,10/29/22 16:20:10,cmap,1000000,16,3.818271,,/mnt/pmem0/pmemkv,3.818271,4.725077,5.798344,11.347864,14.182079,991.821289,1024,(reads:9500000 writes:500000 total:10000000 found:9500000),3.611740,1106339.625000,1097.291138,4
2,readrandomwriterandom,64,Intel(R) Xeon(R) Gold 6326 CPU @ 2.90GHz,24576 KB,10/29/22 16:21:08,cmap,1000000,16,3.957523,,/mnt/pmem0/pmemkv,3.957523,4.899639,5.965582,11.633259,13.891016,991.821289,1024,(reads:9500000 writes:500000 total:10000000 found:9500000),3.776775,2111922.750000,2094.649902,8
2,readrandomwriterandom,64,Intel(R) Xeon(R) Gold 6326 CPU @ 2.90GHz,24576 KB,10/29/22 16:22:08,cmap,1000000,16,4.414382,,/mnt/pmem0/pmemkv,4.414382,5.515977,6.842895,12.733283,15.161507,991.821289,1024,(reads:9500000 writes:500000 total:10000000 found:9500000),4.219288,3780756.250000,3749.834473,16
2,readrandomwriterandom,64,Intel(R) Xeon(R) Gold 6326 CPU @ 2.90GHz,24576 KB,10/29/22 16:23:22,cmap,1000000,16,6.252026,,/mnt/pmem0/pmemkv,6.252026,7.760371,9.721413,19.536790,24.910016,991.821289,1024,(reads:9500000 writes:500000 total:10000000 found:9500000),6.263492,5073114.500000,5031.622559,32
readrandomwriterandom_threads_2.csv
id,Benchmark,CPU,CPU model,CPUCache,Date:,Engine,Entries,Keys [bytes each],Median [micros/op],Open [millis/op],Path,Percentilie P50.000000 [micros/op],Percentilie P75.000000 [micros/op],Percentilie P90.000000 [micros/op],Percentilie P99.900000 [micros/op],Percentilie P99.990000 [micros/op],RawSize [MB (estimated)],Values [bytes each],extra_data,micros/op (avarage),ops/sec,throughput [MB/s],Threads
2,readrandomwriterandom,64,Intel(R) Xeon(R) Gold 6326 CPU @ 2.90GHz,24576 KB,10/29/22 16:24:45,cmap,1000000,16,3.779866,,/mnt/pmem0/pmemkv,3.779866,4.671186,5.762485,12.194864,16.363636,991.821289,1024,(reads:9500000 writes:500000 total:10000000 found:9500000),3.580170,279316.312500,277.031860,1
2,readrandomwriterandom,64,Intel(R) Xeon(R) Gold 6326 CPU @ 2.90GHz,24576 KB,10/29/22 16:25:42,cmap,1000000,16,3.757128,,/mnt/pmem0/pmemkv,3.757128,4.638675,5.725077,11.727208,15.464129,991.821289,1024,(reads:9500000 writes:500000 total:10000000 found:9500000),3.554517,562481.625000,557.881226,2
2,readrandomwriterandom,64,Intel(R) Xeon(R) Gold 6326 CPU @ 2.90GHz,24576 KB,10/29/22 16:26:42,cmap,1000000,16,3.819501,,/mnt/pmem0/pmemkv,3.819501,4.729516,5.801624,11.727957,15.185512,991.821289,1024,(reads:9500000 writes:500000 total:10000000 found:9500000),3.636027,1096793.250000,1087.822876,4
2,readrandomwriterandom,64,Intel(R) Xeon(R) Gold 6326 CPU @ 2.90GHz,24576 KB,10/29/22 16:27:43,cmap,1000000,16,3.953504,,/mnt/pmem0/pmemkv,3.953504,4.899281,5.980176,11.862193,14.557827,991.821289,1024,(reads:9500000 writes:500000 total:10000000 found:9500000),3.798431,2101998.750000,2084.807129,8
2,readrandomwriterandom,64,Intel(R) Xeon(R) Gold 6326 CPU @ 2.90GHz,24576 KB,10/29/22 16:28:45,cmap,1000000,16,4.414507,,/mnt/pmem0/pmemkv,4.414507,5.501561,6.837355,13.174062,15.624657,991.821289,1024,(reads:9500000 writes:500000 total:10000000 found:9500000),4.228937,3770389.000000,3739.552002,16
2,readrandomwriterandom,64,Intel(R) Xeon(R) Gold 6326 CPU @ 2.90GHz,24576 KB,10/29/22 16:30:00,cmap,1000000,16,6.303959,,/mnt/pmem0/pmemkv,6.303959,7.803498,9.775650,19.900268,25.680633,991.821289,1024,(reads:9500000 writes:500000 total:10000000 found:9500000),6.339805,5015347.000000,4974.327637,32
readrandomwriterandom_threads_3.csv
id,Benchmark,CPU,CPU model,CPUCache,Date:,Engine,Entries,Keys [bytes each],Median [micros/op],Open [millis/op],Path,Percentilie P50.000000 [micros/op],Percentilie P75.000000 [micros/op],Percentilie P90.000000 [micros/op],Percentilie P99.900000 [micros/op],Percentilie P99.990000 [micros/op],RawSize [MB (estimated)],Values [bytes each],extra_data,micros/op (avarage),ops/sec,throughput [MB/s],Threads
2,readrandomwriterandom,64,Intel(R) Xeon(R) Gold 6326 CPU @ 2.90GHz,24576 KB,10/29/22 16:31:23,cmap,1000000,16,3.736448,,/mnt/pmem0/pmemkv,3.736448,4.613690,5.726488,11.968849,15.986066,991.821289,1024,(reads:9500000 writes:500000 total:10000000 found:9500000),3.534198,282949.656250,280.635498,1
2,readrandomwriterandom,64,Intel(R) Xeon(R) Gold 6326 CPU @ 2.90GHz,24576 KB,10/29/22 16:32:20,cmap,1000000,16,3.754904,,/mnt/pmem0/pmemkv,3.754904,4.641586,5.729203,11.632448,15.336948,991.821289,1024,(reads:9500000 writes:500000 total:10000000 found:9500000),3.544957,563057.875000,558.452759,2
2,readrandomwriterandom,64,Intel(R) Xeon(R) Gold 6326 CPU @ 2.90GHz,24576 KB,10/29/22 16:33:17,cmap,1000000,16,3.809768,,/mnt/pmem0/pmemkv,3.809768,4.719870,5.783519,11.293576,14.120907,991.821289,1024,(reads:9500000 writes:500000 total:10000000 found:9500000),3.600594,1110636.125000,1101.552612,4
2,readrandomwriterandom,64,Intel(R) Xeon(R) Gold 6326 CPU @ 2.90GHz,24576 KB,10/29/22 16:34:14,cmap,1000000,16,3.945140,,/mnt/pmem0/pmemkv,3.945140,4.895669,5.964252,11.741829,13.866879,991.821289,1024,(reads:9500000 writes:500000 total:10000000 found:9500000),3.780276,2108554.500000,2091.309326,8
2,readrandomwriterandom,64,Intel(R) Xeon(R) Gold 6326 CPU @ 2.90GHz,24576 KB,10/29/22 16:35:15,cmap,1000000,16,4.427378,,/mnt/pmem0/pmemkv,4.427378,5.528198,6.844938,12.667952,15.202288,991.821289,1024,(reads:9500000 writes:500000 total:10000000 found:9500000),4.228034,3769067.000000,3738.240723,16
2,readrandomwriterandom,64,Intel(R) Xeon(R) Gold 6326 CPU @ 2.90GHz,24576 KB,10/29/22 16:36:29,cmap,1000000,16,6.321439,,/mnt/pmem0/pmemkv,6.321439,7.810198,9.763114,19.614375,25.413166,991.821289,1024,(reads:9500000 writes:500000 total:10000000 found:9500000),6.336000,5036670.000000,4995.476562,32
