id,Benchmark,CPU,CPU model,CPUCache,Date:,Engine,Entries,Keys [bytes each],Median [micros/op],Open [millis/op],Path,Percentilie P50.000000 [micros/op],Percentilie P75.000000 [micros/op],Percentilie P90.000000 [micros/op],Percentilie P99.900000 [micros/op],Percentilie P99.990000 [micros/op],RawSize [MB (estimated)],Values [bytes each],extra_data,micros/op (avarage),ops/sec,throughput [MB/s],Threads
2,readrandomwriterandom,64,Intel(R) Xeon(R) Gold 6326 CPU @ 2.90GHz,24576 KB,10/29/22 16:31:23,cmap,1000000,16,3.751711,,/mnt/pmem0/pmemkv,3.751711,4.634107,5.735770,12.027426,16.108520,991.821289,1024,(reads:9500000 writes:500000 total:10000000 found:9500000),3.547953,281864.291667,279.559001,1
2,readrandomwriterandom,64,Intel(R) Xeon(R) Gold 6326 CPU @ 2.90GHz,24576 KB,10/29/22 16:32:20,cmap,1000000,16,3.755204,,/mnt/pmem0/pmemkv,3.755204,4.639090,5.722773,11.622014,15.324608,991.821289,1024,(reads:9500000 writes:500000 total:10000000 found:9500000),3.545894,563584.770833,558.975362,2
2,readrandomwriterandom,64,Intel(R) Xeon(R) Gold 6326 CPU @ 2.90GHz,24576 KB,10/29/22 16:33:17,cmap,1000000,16,3.815847,,/mnt/pmem0/pmemkv,3.815847,4.724821,5.794496,11.456466,14.496166,991.821289,1024,(reads:9500000 writes:500000 total:10000000 found:9500000),3.616120,1104589.666667,1095.555542,4
2,readrandomwriterandom,64,Intel(R) Xeon(R) Gold 6326 CPU @ 2.90GHz,24576 KB,10/29/22 16:34:14,cmap,1000000,16,3.952056,,/mnt/pmem0/pmemkv,3.952056,4.898196,5.970003,11.745760,14.105241,991.821289,1024,(reads:9500000 writes:500000 total:10000000 found:9500000),3.785161,2107492.000000,2090.255452,8
2,readrandomwriterandom,64,Intel(R) Xeon(R) Gold 6326 CPU @ 2.90GHz,24576 KB,10/29/22 16:35:15,cmap,1000000,16,4.418756,,/mnt/pmem0/pmemkv,4.418756,5.515245,6.841729,12.858432,15.329484,991.821289,1024,(reads:9500000 writes:500000 total:10000000 found:9500000),4.225420,3773404.083333,3742.542399,16
2,readrandomwriterandom,64,Intel(R) Xeon(R) Gold 6326 CPU @ 2.90GHz,24576 KB,10/29/22 16:36:29,cmap,1000000,16,6.292475,,/mnt/pmem0/pmemkv,6.292475,7.791356,9.753392,19.683811,25.334605,991.821289,1024,(reads:9500000 writes:500000 total:10000000 found:9500000),6.313099,5041710.500000,5000.475586,32
