id,Benchmark,CPU,CPU model,CPUCache,Date:,Engine,Entries,Keys [bytes each],Median [micros/op],Open [millis/op],Path,Percentilie P50.000000 [micros/op],Percentilie P75.000000 [micros/op],Percentilie P90.000000 [micros/op],Percentilie P99.900000 [micros/op],Percentilie P99.990000 [micros/op],RawSize [MB (estimated)],Values [bytes each],extra_data,micros/op (avarage),ops/sec,throughput [MB/s],Threads
2,readseq,64,Intel(R) Xeon(R) Gold 6326 CPU @ 2.90GHz,24576 KB,10/29/22 14:19:38,cmap,1000000,16,1.441363,,/mnt/pmem0/pmemkv,1.441363,1.953506,2.788998,9.019917,12.479300,991.821289,1024,(1000000 of 10000000 found by one thread),1.064287,939622.104167,106.097465,1
2,readseq,64,Intel(R) Xeon(R) Gold 6326 CPU @ 2.90GHz,24576 KB,10/29/22 14:20:03,cmap,1000000,16,1.262667,,/mnt/pmem0/pmemkv,1.262667,1.815539,2.648837,11.383157,14.843576,991.821289,1024,(1000000 of 10000000 found by one thread),0.984288,2031936.250000,229.436162,2
2,readseq,64,Intel(R) Xeon(R) Gold 6326 CPU @ 2.90GHz,24576 KB,10/29/22 14:20:28,cmap,1000000,16,1.220837,,/mnt/pmem0/pmemkv,1.220837,1.792563,2.634778,13.181793,16.580916,991.821289,1024,(1000000 of 10000000 found by one thread),1.034754,3865672.750000,436.492594,4
2,readseq,64,Intel(R) Xeon(R) Gold 6326 CPU @ 2.90GHz,24576 KB,10/29/22 14:20:55,cmap,1000000,16,1.203160,,/mnt/pmem0/pmemkv,1.203160,1.792146,2.616611,15.456051,19.080019,991.821289,1024,(1000000 of 10000000 found by one thread),1.047771,7635908.333333,862.208903,8
2,readseq,64,Intel(R) Xeon(R) Gold 6326 CPU @ 2.90GHz,24576 KB,10/29/22 14:21:21,cmap,1000000,16,1.198155,,/mnt/pmem0/pmemkv,1.198155,1.800475,2.642241,18.793273,24.386477,991.821289,1024,(1000000 of 10000000 found by one thread),1.017784,15720448.666667,1775.075114,16
2,readseq,64,Intel(R) Xeon(R) Gold 6326 CPU @ 2.90GHz,24576 KB,10/29/22 14:21:53,cmap,1000000,16,1.467390,,/mnt/pmem0/pmemkv,1.467390,1.938003,2.978479,25.386655,34.621425,991.821289,1024,(1000000 of 10000000 found by one thread),1.324797,24154909.333333,2727.452555,32
