readseq_threads_1.csv
id,Benchmark,CPU,CPU model,CPUCache,Date:,Engine,Entries,Keys [bytes each],Median [micros/op],Open [millis/op],Path,Percentilie P50.000000 [micros/op],Percentilie P75.000000 [micros/op],Percentilie P90.000000 [micros/op],Percentilie P99.900000 [micros/op],Percentilie P99.990000 [micros/op],RawSize [MB (estimated)],Values [bytes each],extra_data,micros/op (avarage),ops/sec,throughput [MB/s],Threads
2,readseq,64,Intel(R) Xeon(R) Gold 6326 CPU @ 2.90GHz,24576 KB,10/29/22 14:14:18,cmap,1000000,16,1.441811,,/mnt/pmem0/pmemkv,1.441811,1.953792,2.791922,9.529412,13.425626,991.821289,1024,(1000000 of 10000000 found by one thread),1.072161,932695.937500,105.315399,1
2,readseq,64,Intel(R) Xeon(R) Gold 6326 CPU @ 2.90GHz,24576 KB,10/29/22 14:14:43,cmap,1000000,16,1.260796,,/mnt/pmem0/pmemkv,1.260796,1.814302,2.645683,11.341228,14.798295,991.821289,1024,(1000000 of 10000000 found by one thread),0.980773,2039205.750000,230.257004,2
2,readseq,64,Intel(R) Xeon(R) Gold 6326 CPU @ 2.90GHz,24576 KB,10/29/22 14:15:08,cmap,1000000,16,1.220703,,/mnt/pmem0/pmemkv,1.220703,1.792448,2.634738,13.190859,16.627919,991.821289,1024,(1000000 of 10000000 found by one thread),1.034361,3867111.250000,436.655029,4
2,readseq,64,Intel(R) Xeon(R) Gold 6326 CPU @ 2.90GHz,24576 KB,10/29/22 14:15:33,cmap,1000000,16,1.201555,,/mnt/pmem0/pmemkv,1.201555,1.790986,2.612766,15.295334,18.760757,991.821289,1024,(1000000 of 10000000 found by one thread),1.040597,7687878.500000,868.077087,8
2,readseq,64,Intel(R) Xeon(R) Gold 6326 CPU @ 2.90GHz,24576 KB,10/29/22 14:15:59,cmap,1000000,16,1.199330,,/mnt/pmem0/pmemkv,1.199330,1.801013,2.643188,18.633444,24.288220,991.821289,1024,(1000000 of 10000000 found by one thread),1.015465,15756229.000000,1779.115234,16
2,readseq,64,Intel(R) Xeon(R) Gold 6326 CPU @ 2.90GHz,24576 KB,10/29/22 14:16:31,cmap,1000000,16,1.463687,,/mnt/pmem0/pmemkv,1.463687,1.935502,2.974658,25.289762,34.597668,991.821289,1024,(1000000 of 10000000 found by one thread),1.319100,24258910.000000,2739.195801,32
readseq_threads_2.csv
id,Benchmark,CPU,CPU model,CPUCache,Date:,Engine,Entries,Keys [bytes each],Median [micros/op],Open [millis/op],Path,Percentilie P50.000000 [micros/op],Percentilie P75.000000 [micros/op],Percentilie P90.000000 [micros/op],Percentilie P99.900000 [micros/op],Percentilie P99.990000 [micros/op],RawSize [MB (estimated)],Values [bytes each],extra_data,micros/op (avarage),ops/sec,throughput [MB/s],Threads
2,readseq,64,Intel(R) Xeon(R) Gold 6326 CPU @ 2.90GHz,24576 KB,10/29/22 14:16:57,cmap,1000000,16,1.440377,,/mnt/pmem0/pmemkv,1.440377,1.952828,2.787344,8.771020,12.020144,991.821289,1024,(1000000 of 10000000 found by one thread),1.059656,943702.937500,106.558250,1
2,readseq,64,Intel(R) Xeon(R) Gold 6326 CPU @ 2.90GHz,24576 KB,10/29/22 14:17:22,cmap,1000000,16,1.263399,,/mnt/pmem0/pmemkv,1.263399,1.816018,2.650347,11.402086,14.892488,991.821289,1024,(1000000 of 10000000 found by one thread),0.985738,2028935.625000,229.097351,2
2,readseq,64,Intel(R) Xeon(R) Gold 6326 CPU @ 2.90GHz,24576 KB,10/29/22 14:17:46,cmap,1000000,16,1.222955,,/mnt/pmem0/pmemkv,1.222955,1.793861,2.637491,13.205187,16.583971,991.821289,1024,(1000000 of 10000000 found by one thread),1.038136,3853059.000000,435.068298,4
2,readseq,64,Intel(R) Xeon(R) Gold 6326 CPU @ 2.90GHz,24576 KB,10/29/22 14:18:12,cmap,1000000,16,1.203029,,/mnt/pmem0/pmemkv,1.203029,1.791472,2.613264,15.305914,18.822497,991.821289,1024,(1000000 of 10000000 found by one thread),1.040884,7685741.500000,867.835815,8
2,readseq,64,Intel(R) Xeon(R) Gold 6326 CPU @ 2.90GHz,24576 KB,10/29/22 14:18:40,cmap,1000000,16,1.196184,,/mnt/pmem0/pmemkv,1.196184,1.798733,2.638029,19.138680,24.579643,991.821289,1024,(1000000 of 10000000 found by one thread),1.022078,15654286.000000,1767.604370,16
2,readseq,64,Intel(R) Xeon(R) Gold 6326 CPU @ 2.90GHz,24576 KB,10/29/22 14:19:12,cmap,1000000,16,1.466673,,/mnt/pmem0/pmemkv,1.466673,1.937659,2.979439,25.350080,34.607236,991.821289,1024,(1000000 of 10000000 found by one thread),1.323827,24172194.000000,2729.404297,32
readseq_threads_3.csv
id,Benchmark,CPU,CPU model,CPUCache,Date:,Engine,Entries,Keys [bytes each],Median [micros/op],Open [millis/op],Path,Percentilie P50.000000 [micros/op],Percentilie P75.000000 [micros/op],Percentilie P90.000000 [micros/op],Percentilie P99.900000 [micros/op],Percentilie P99.990000 [micros/op],RawSize [MB (estimated)],Values [bytes each],extra_data,micros/op (avarage),ops/sec,throughput [MB/s],Threads
2,readseq,64,Intel(R) Xeon(R) Gold 6326 CPU @ 2.90GHz,24576 KB,10/29/22 14:19:38,cmap,1000000,16,1.441900,,/mnt/pmem0/pmemkv,1.441900,1.953898,2.787727,8.759320,11.992131,991.821289,1024,(1000000 of 10000000 found by one thread),1.061045,942467.437500,106.418747,1
2,readseq,64,Intel(R) Xeon(R) Gold 6326 CPU @ 2.90GHz,24576 KB,10/29/22 14:20:03,cmap,1000000,16,1.263806,,/mnt/pmem0/pmemkv,1.263806,1.816298,2.650481,11.406156,14.839944,991.821289,1024,(1000000 of 10000000 found by one thread),0.986354,2027667.375000,228.954132,2
2,readseq,64,Intel(R) Xeon(R) Gold 6326 CPU @ 2.90GHz,24576 KB,10/29/22 14:20:28,cmap,1000000,16,1.218854,,/mnt/pmem0/pmemkv,1.218854,1.791380,2.632104,13.149332,16.530857,991.821289,1024,(1000000 of 10000000 found by one thread),1.031766,3876848.000000,437.754456,4
2,readseq,64,Intel(R) Xeon(R) Gold 6326 CPU @ 2.90GHz,24576 KB,10/29/22 14:20:55,cmap,1000000,16,1.204897,,/mnt/pmem0/pmemkv,1.204897,1.793980,2.623802,15.766905,19.656804,991.821289,1024,(1000000 of 10000000 found by one thread),1.061833,7534105.000000,850.713806,8
2,readseq,64,Intel(R) Xeon(R) Gold 6326 CPU @ 2.90GHz,24576 KB,10/29/22 14:21:21,cmap,1000000,16,1.198950,,/mnt/pmem0/pmemkv,1.198950,1.801678,2.645505,18.607696,24.291567,991.821289,1024,(1000000 of 10000000 found by one thread),1.015809,15750831.000000,1778.505737,16
2,readseq,64,Intel(R) Xeon(R) Gold 6326 CPU @ 2.90GHz,24576 KB,10/29/22 14:21:53,cmap,1000000,16,1.471811,,/mnt/pmem0/pmemkv,1.471811,1.940848,2.981340,25.520124,34.659371,991.821289,1024,(1000000 of 10000000 found by one thread),1.331465,24033624.000000,2713.757568,32
