readrandom_threads_1.csv
id,Benchmark,CPU,CPU model,CPUCache,Date:,Engine,Entries,Keys [bytes each],Median [micros/op],Open [millis/op],Path,Percentilie P50.000000 [micros/op],Percentilie P75.000000 [micros/op],Percentilie P90.000000 [micros/op],Percentilie P99.900000 [micros/op],Percentilie P99.990000 [micros/op],RawSize [MB (estimated)],Values [bytes each],extra_data,micros/op (avarage),ops/sec,throughput [MB/s],Threads
2,readrandom,64,Intel(R) Xeon(R) Gold 6326 CPU @ 2.90GHz,24576 KB,10/29/22 14:22:22,cmap,1000000,16,1.597958,,/mnt/pmem0/pmemkv,1.597958,2.298442,3.067932,8.965393,11.967139,991.821289,1024,(1002361 of 10000000 found by one thread),1.262265,792226.562500,89.636955,1
2,readrandom,64,Intel(R) Xeon(R) Gold 6326 CPU @ 2.90GHz,24576 KB,10/29/22 14:22:49,cmap,1000000,16,1.562208,,/mnt/pmem0/pmemkv,1.562208,2.201233,2.947183,8.075807,11.476900,991.821289,1024,(1002361 of 10000000 found by one thread),1.186428,1684887.500000,190.410294,2
2,readrandom,64,Intel(R) Xeon(R) Gold 6326 CPU @ 2.90GHz,24576 KB,10/29/22 14:23:15,cmap,1000000,16,1.549586,,/mnt/pmem0/pmemkv,1.549586,2.169993,2.935144,7.245663,10.972228,991.821289,1024,(1002361 of 10000000 found by one thread),1.160637,3442578.000000,389.197479,4
2,readrandom,64,Intel(R) Xeon(R) Gold 6326 CPU @ 2.90GHz,24576 KB,10/29/22 14:23:42,cmap,1000000,16,1.563243,,/mnt/pmem0/pmemkv,1.563243,2.213401,3.006832,6.596432,9.994919,991.821289,1024,(1002361 of 10000000 found by one thread),1.186363,6726320.500000,760.508911,8
2,readrandom,64,Intel(R) Xeon(R) Gold 6326 CPU @ 2.90GHz,24576 KB,10/29/22 14:24:09,cmap,1000000,16,1.619924,,/mnt/pmem0/pmemkv,1.619924,2.390934,3.401163,6.776533,10.335486,991.821289,1024,(1002361 of 10000000 found by one thread),1.305226,12218410.000000,1381.260620,16
2,readrandom,64,Intel(R) Xeon(R) Gold 6326 CPU @ 2.90GHz,24576 KB,10/29/22 14:24:44,cmap,1000000,16,1.844514,,/mnt/pmem0/pmemkv,1.844514,3.240485,4.729556,9.447166,13.277845,991.821289,1024,(1002361 of 10000000 found by one thread),1.892720,16824090.000000,1901.651733,32
readrandom_threads_2.csv
id,Benchmark,CPU,CPU model,CPUCache,Date:,Engine,Entries,Keys [bytes each],Median [micros/op],Open [millis/op],Path,Percentilie P50.000000 [micros/op],Percentilie P75.000000 [micros/op],Percentilie P90.000000 [micros/op],Percentilie P99.900000 [micros/op],Percentilie P99.990000 [micros/op],RawSize [MB (estimated)],Values [bytes each],extra_data,micros/op (avarage),ops/sec,throughput [MB/s],Threads
2,readrandom,64,Intel(R) Xeon(R) Gold 6326 CPU @ 2.90GHz,24576 KB,10/29/22 14:25:16,cmap,1000000,16,1.596694,,/mnt/pmem0/pmemkv,1.596694,2.296191,3.050904,8.855473,11.874484,991.821289,1024,(1002361 of 10000000 found by one thread),1.256283,795999.000000,90.063789,1
2,readrandom,64,Intel(R) Xeon(R) Gold 6326 CPU @ 2.90GHz,24576 KB,10/29/22 14:25:43,cmap,1000000,16,1.558760,,/mnt/pmem0/pmemkv,1.558760,2.195461,2.942790,8.062125,11.479257,991.821289,1024,(1002361 of 10000000 found by one thread),1.181903,1690182.125000,191.008652,2
2,readrandom,64,Intel(R) Xeon(R) Gold 6326 CPU @ 2.90GHz,24576 KB,10/29/22 14:26:10,cmap,1000000,16,1.547990,,/mnt/pmem0/pmemkv,1.547990,2.166650,2.933509,7.263631,10.988804,991.821289,1024,(1002361 of 10000000 found by one thread),1.158869,3443525.000000,389.304535,4
2,readrandom,64,Intel(R) Xeon(R) Gold 6326 CPU @ 2.90GHz,24576 KB,10/29/22 14:26:39,cmap,1000000,16,1.563148,,/mnt/pmem0/pmemkv,1.563148,2.213578,3.009275,6.859217,10.857280,991.821289,1024,(1002361 of 10000000 found by one thread),1.187899,6711261.500000,758.806213,8
2,readrandom,64,Intel(R) Xeon(R) Gold 6326 CPU @ 2.90GHz,24576 KB,10/29/22 14:27:06,cmap,1000000,16,1.620763,,/mnt/pmem0/pmemkv,1.620763,2.391387,3.400849,6.751394,9.999201,991.821289,1024,(1002361 of 10000000 found by one thread),1.305970,12216707.000000,1381.068115,16
2,readrandom,64,Intel(R) Xeon(R) Gold 6326 CPU @ 2.90GHz,24576 KB,10/29/22 14:27:41,cmap,1000000,16,1.840708,,/mnt/pmem0/pmemkv,1.840708,3.217669,4.701729,9.367012,13.368124,991.821289,1024,(1002361 of 10000000 found by one thread),1.879944,16937568.000000,1914.478271,32
readrandom_threads_3.csv
id,Benchmark,CPU,CPU model,CPUCache,Date:,Engine,Entries,Keys [bytes each],Median [micros/op],Open [millis/op],Path,Percentilie P50.000000 [micros/op],Percentilie P75.000000 [micros/op],Percentilie P90.000000 [micros/op],Percentilie P99.900000 [micros/op],Percentilie P99.990000 [micros/op],RawSize [MB (estimated)],Values [bytes each],extra_data,micros/op (avarage),ops/sec,throughput [MB/s],Threads
2,readrandom,64,Intel(R) Xeon(R) Gold 6326 CPU @ 2.90GHz,24576 KB,10/29/22 14:28:13,cmap,1000000,16,1.596630,,/mnt/pmem0/pmemkv,1.596630,2.295411,3.050129,8.890104,11.892337,991.821289,1024,(1002361 of 10000000 found by one thread),1.257015,795535.562500,90.011353,1
2,readrandom,64,Intel(R) Xeon(R) Gold 6326 CPU @ 2.90GHz,24576 KB,10/29/22 14:28:40,cmap,1000000,16,1.559553,,/mnt/pmem0/pmemkv,1.559553,2.195851,2.943181,8.106738,11.541404,991.821289,1024,(1002361 of 10000000 found by one thread),1.183237,1689629.375000,190.946198,2
2,readrandom,64,Intel(R) Xeon(R) Gold 6326 CPU @ 2.90GHz,24576 KB,10/29/22 14:29:07,cmap,1000000,16,1.549013,,/mnt/pmem0/pmemkv,1.549013,2.168894,2.935985,7.274481,11.005878,991.821289,1024,(1002361 of 10000000 found by one thread),1.160513,3437068.250000,388.574585,4
2,readrandom,64,Intel(R) Xeon(R) Gold 6326 CPU @ 2.90GHz,24576 KB,10/29/22 14:29:33,cmap,1000000,16,1.562397,,/mnt/pmem0/pmemkv,1.562397,2.212396,3.006313,6.605010,10.086011,991.821289,1024,(1002361 of 10000000 found by one thread),1.185518,6723458.500000,760.185303,8
2,readrandom,64,Intel(R) Xeon(R) Gold 6326 CPU @ 2.90GHz,24576 KB,10/29/22 14:30:00,cmap,1000000,16,1.621105,,/mnt/pmem0/pmemkv,1.621105,2.392569,3.401675,6.772656,10.213217,991.821289,1024,(1002361 of 10000000 found by one thread),1.306501,12208204.000000,1380.106934,16
2,readrandom,64,Intel(R) Xeon(R) Gold 6326 CPU @ 2.90GHz,24576 KB,10/29/22 14:30:35,cmap,1000000,16,1.842444,,/mnt/pmem0/pmemkv,1.842444,3.232919,4.725872,9.463171,13.395496,991.821289,1024,(1002361 of 10000000 found by one thread),1.887823,16814678.000000,1900.588013,32
