id,Benchmark,CPU,CPU model,CPUCache,Date:,Engine,Entries,Keys [bytes each],Median [micros/op],Open [millis/op],Path,Percentilie P50.000000 [micros/op],Percentilie P75.000000 [micros/op],Percentilie P90.000000 [micros/op],Percentilie P99.900000 [micros/op],Percentilie P99.990000 [micros/op],RawSize [MB (estimated)],Values [bytes each],extra_data,micros/op (avarage),ops/sec,throughput [MB/s],Threads
2,readrandom,64,Intel(R) Xeon(R) Gold 6326 CPU @ 2.90GHz,24576 KB,10/29/22 14:28:13,cmap,1000000,16,1.597094,,/mnt/pmem0/pmemkv,1.597094,2.296681,3.056322,8.903657,11.911320,991.821289,1024,(1002361 of 10000000 found by one thread),1.258521,794587.041667,89.904032,1
2,readrandom,64,Intel(R) Xeon(R) Gold 6326 CPU @ 2.90GHz,24576 KB,10/29/22 14:28:40,cmap,1000000,16,1.560174,,/mnt/pmem0/pmemkv,1.560174,2.197515,2.944385,8.081557,11.499187,991.821289,1024,(1002361 of 10000000 found by one thread),1.183856,1688233.000000,190.788381,2
2,readrandom,64,Intel(R) Xeon(R) Gold 6326 CPU @ 2.90GHz,24576 KB,10/29/22 14:29:07,cmap,1000000,16,1.548863,,/mnt/pmem0/pmemkv,1.548863,2.168512,2.934879,7.261258,10.988970,991.821289,1024,(1002361 of 10000000 found by one thread),1.160006,3441057.083333,389.025533,4
2,readrandom,64,Intel(R) Xeon(R) Gold 6326 CPU @ 2.90GHz,24576 KB,10/29/22 14:29:33,cmap,1000000,16,1.562929,,/mnt/pmem0/pmemkv,1.562929,2.213125,3.007473,6.686886,10.312737,991.821289,1024,(1002361 of 10000000 found by one thread),1.186593,6720346.833333,759.833476,8
2,readrandom,64,Intel(R) Xeon(R) Gold 6326 CPU @ 2.90GHz,24576 KB,10/29/22 14:30:00,cmap,1000000,16,1.620597,,/mnt/pmem0/pmemkv,1.620597,2.391630,3.401229,6.766861,10.182635,991.821289,1024,(1002361 of 10000000 found by one thread),1.305899,12214440.333333,1380.811890,16
2,readrandom,64,Intel(R) Xeon(R) Gold 6326 CPU @ 2.90GHz,24576 KB,10/29/22 14:30:35,cmap,1000000,16,1.842555,,/mnt/pmem0/pmemkv,1.842555,3.230358,4.719052,9.425783,13.347155,991.821289,1024,(1002361 of 10000000 found by one thread),1.886829,16858778.666667,1905.572672,32
