id,Benchmark,CPU,CPU model,CPUCache,Date:,Engine,Entries,Keys [bytes each],Median [micros/op],Open [millis/op],Path,Percentilie P50.000000 [micros/op],Percentilie P75.000000 [micros/op],Percentilie P90.000000 [micros/op],Percentilie P99.900000 [micros/op],Percentilie P99.990000 [micros/op],RawSize [MB (estimated)],Values [bytes each],extra_data,micros/op (avarage),ops/sec,throughput [MB/s],Threads
2,deleteseq,64,Intel(R) Xeon(R) Gold 6326 CPU @ 2.90GHz,24576 KB,10/29/22 15:15:26,cmap,1000000,16,13.369483,,/mnt/pmem0/pmemkv,13.369483,14.260031,15.722087,24.789193,83.771432,991.821289,1024,,13.249147,75476.625000,0.000000,1
2,deleteseq,64,Intel(R) Xeon(R) Gold 6326 CPU @ 2.90GHz,24576 KB,10/29/22 15:15:54,cmap,1000000,16,14.566829,,/mnt/pmem0/pmemkv,14.566829,15.508368,16.549985,25.545477,83.205323,991.821289,1024,,14.237492,140479.166667,0.000000,2
2,deleteseq,64,Intel(R) Xeon(R) Gold 6326 CPU @ 2.90GHz,24576 KB,10/29/22 15:16:23,cmap,1000000,16,14.415714,,/mnt/pmem0/pmemkv,14.415714,15.436527,16.358647,25.098820,83.717134,991.821289,1024,,14.127294,283142.718750,0.000000,4
2,deleteseq,64,Intel(R) Xeon(R) Gold 6326 CPU @ 2.90GHz,24576 KB,10/29/22 15:16:52,cmap,1000000,16,15.846339,,/mnt/pmem0/pmemkv,15.846339,21.697941,26.217401,34.956238,75.282267,991.821289,1024,,14.312617,558948.833333,0.000000,8
2,deleteseq,64,Intel(R) Xeon(R) Gold 6326 CPU @ 2.90GHz,24576 KB,10/29/22 15:17:21,cmap,1000000,16,17.419806,,/mnt/pmem0/pmemkv,17.419806,24.834373,33.805481,59.751279,69.393066,991.821289,1024,,15.348422,1043432.500000,0.000000,16
2,deleteseq,64,Intel(R) Xeon(R) Gold 6326 CPU @ 2.90GHz,24576 KB,10/29/22 15:17:58,cmap,1000000,16,16.247479,,/mnt/pmem0/pmemkv,16.247479,26.694240,39.043690,115.465616,124.159709,991.821289,1024,,16.554893,1932968.250000,0.000000,32
