deleteseq_threads_1.csv
id,Benchmark,CPU,CPU model,CPUCache,Date:,Engine,Entries,Keys [bytes each],Median [micros/op],Open [millis/op],Path,Percentilie P50.000000 [micros/op],Percentilie P75.000000 [micros/op],Percentilie P90.000000 [micros/op],Percentilie P99.900000 [micros/op],Percentilie P99.990000 [micros/op],RawSize [MB (estimated)],Values [bytes each],extra_data,micros/op (avarage),ops/sec,throughput [MB/s],Threads
2,deleteseq,64,Intel(R) Xeon(R) Gold 6326 CPU @ 2.90GHz,24576 KB,10/29/22 15:09:20,cmap,1000000,16,13.363340,,/mnt/pmem0/pmemkv,13.363340,14.244022,15.719543,24.778637,83.893130,991.821289,1024,,13.237782,75541.359375,0.000000,1
2,deleteseq,64,Intel(R) Xeon(R) Gold 6326 CPU @ 2.90GHz,24576 KB,10/29/22 15:09:48,cmap,1000000,16,14.521745,,/mnt/pmem0/pmemkv,14.521745,15.488257,16.501418,25.464846,83.346154,991.821289,1024,,14.202604,140819.218750,0.000000,2
2,deleteseq,64,Intel(R) Xeon(R) Gold 6326 CPU @ 2.90GHz,24576 KB,10/29/22 15:10:16,cmap,1000000,16,14.447313,,/mnt/pmem0/pmemkv,14.447313,15.448401,16.360563,25.016308,83.467230,991.821289,1024,,14.139029,282904.781250,0.000000,4
2,deleteseq,64,Intel(R) Xeon(R) Gold 6326 CPU @ 2.90GHz,24576 KB,10/29/22 15:10:45,cmap,1000000,16,15.856104,,/mnt/pmem0/pmemkv,15.856104,21.702933,26.223273,34.951594,73.514851,991.821289,1024,,14.318642,558711.875000,0.000000,8
2,deleteseq,64,Intel(R) Xeon(R) Gold 6326 CPU @ 2.90GHz,24576 KB,10/29/22 15:11:15,cmap,1000000,16,16.986289,,/mnt/pmem0/pmemkv,16.986289,24.406360,33.219589,59.585802,69.216450,991.821289,1024,,14.994129,1067082.625000,0.000000,16
2,deleteseq,64,Intel(R) Xeon(R) Gold 6326 CPU @ 2.90GHz,24576 KB,10/29/22 15:11:52,cmap,1000000,16,16.221554,,/mnt/pmem0/pmemkv,16.221554,26.579486,38.907894,115.352922,121.562211,991.821289,1024,,16.499189,1939479.500000,0.000000,32
deleteseq_threads_2.csv
id,Benchmark,CPU,CPU model,CPUCache,Date:,Engine,Entries,Keys [bytes each],Median [micros/op],Open [millis/op],Path,Percentilie P50.000000 [micros/op],Percentilie P75.000000 [micros/op],Percentilie P90.000000 [micros/op],Percentilie P99.900000 [micros/op],Percentilie P99.990000 [micros/op],RawSize [MB (estimated)],Values [bytes each],extra_data,micros/op (avarage),ops/sec,throughput [MB/s],Threads
2,deleteseq,64,Intel(R) Xeon(R) Gold 6326 CPU @ 2.90GHz,24576 KB,10/29/22 15:12:21,cmap,1000000,16,13.379110,,/mnt/pmem0/pmemkv,13.379110,14.295568,15.733018,24.803106,84.113475,991.821289,1024,,13.266548,75377.562500,0.000000,1
2,deleteseq,64,Intel(R) Xeon(R) Gold 6326 CPU @ 2.90GHz,24576 KB,10/29/22 15:12:49,cmap,1000000,16,14.717931,,/mnt/pmem0/pmemkv,14.717931,15.575787,16.712003,26.177057,83.063063,991.821289,1024,,14.354739,139326.796875,0.000000,2
2,deleteseq,64,Intel(R) Xeon(R) Gold 6326 CPU @ 2.90GHz,24576 KB,10/29/22 15:13:18,cmap,1000000,16,14.494714,,/mnt/pmem0/pmemkv,14.494714,15.472958,16.441256,25.258890,83.641618,991.821289,1024,,14.176465,282157.687500,0.000000,4
2,deleteseq,64,Intel(R) Xeon(R) Gold 6326 CPU @ 2.90GHz,24576 KB,10/29/22 15:13:47,cmap,1000000,16,15.823877,,/mnt/pmem0/pmemkv,15.823877,21.643429,26.137571,34.961081,80.309478,991.821289,1024,,14.277953,560303.750000,0.000000,8
2,deleteseq,64,Intel(R) Xeon(R) Gold 6326 CPU @ 2.90GHz,24576 KB,10/29/22 15:14:19,cmap,1000000,16,18.270884,,/mnt/pmem0/pmemkv,18.270884,25.635746,34.863392,59.974663,69.679673,991.821289,1024,,16.021196,998674.625000,0.000000,16
2,deleteseq,64,Intel(R) Xeon(R) Gold 6326 CPU @ 2.90GHz,24576 KB,10/29/22 15:14:57,cmap,1000000,16,16.283439,,/mnt/pmem0/pmemkv,16.283439,26.783607,39.140211,115.450293,125.733788,991.821289,1024,,16.598984,1927822.750000,0.000000,32
deleteseq_threads_3.csv
id,Benchmark,CPU,CPU model,CPUCache,Date:,Engine,Entries,Keys [bytes each],Median [micros/op],Open [millis/op],Path,Percentilie P50.000000 [micros/op],Percentilie P75.000000 [micros/op],Percentilie P90.000000 [micros/op],Percentilie P99.900000 [micros/op],Percentilie P99.990000 [micros/op],RawSize [MB (estimated)],Values [bytes each],extra_data,micros/op (avarage),ops/sec,throughput [MB/s],Threads
2,deleteseq,64,Intel(R) Xeon(R) Gold 6326 CPU @ 2.90GHz,24576 KB,10/29/22 15:15:26,cmap,1000000,16,13.366000,,/mnt/pmem0/pmemkv,13.366000,14.240504,15.713699,24.785835,83.307692,991.821289,1024,,13.243112,75510.953125,0.000000,1
2,deleteseq,64,Intel(R) Xeon(R) Gold 6326 CPU @ 2.90GHz,24576 KB,10/29/22 15:15:54,cmap,1000000,16,14.460810,,/mnt/pmem0/pmemkv,14.460810,15.461061,16.436534,24.994527,83.206751,991.821289,1024,,14.155132,141291.484375,0.000000,2
2,deleteseq,64,Intel(R) Xeon(R) Gold 6326 CPU @ 2.90GHz,24576 KB,10/29/22 15:16:23,cmap,1000000,16,14.305115,,/mnt/pmem0/pmemkv,14.305115,15.388222,16.274121,25.021263,84.042553,991.821289,1024,,14.066389,284365.687500,0.000000,4
2,deleteseq,64,Intel(R) Xeon(R) Gold 6326 CPU @ 2.90GHz,24576 KB,10/29/22 15:16:52,cmap,1000000,16,15.859035,,/mnt/pmem0/pmemkv,15.859035,21.747461,26.291360,34.956039,72.022472,991.821289,1024,,14.341256,557830.875000,0.000000,8
2,deleteseq,64,Intel(R) Xeon(R) Gold 6326 CPU @ 2.90GHz,24576 KB,10/29/22 15:17:21,cmap,1000000,16,17.002244,,/mnt/pmem0/pmemkv,17.002244,24.461012,33.333462,59.693373,69.283074,991.821289,1024,,15.029940,1064540.250000,0.000000,16
2,deleteseq,64,Intel(R) Xeon(R) Gold 6326 CPU @ 2.90GHz,24576 KB,10/29/22 15:17:58,cmap,1000000,16,16.237445,,/mnt/pmem0/pmemkv,16.237445,26.719627,39.082966,115.593632,125.183127,991.821289,1024,,16.566507,1931602.500000,0.000000,32
