id,Benchmark,CPU,CPU model,CPUCache,Date:,Engine,Entries,Keys [bytes each],Median [micros/op],Open [millis/op],Path,Percentilie P50.000000 [micros/op],Percentilie P75.000000 [micros/op],Percentilie P90.000000 [micros/op],Percentilie P99.900000 [micros/op],Percentilie P99.990000 [micros/op],RawSize [MB (estimated)],Values [bytes each],extra_data,micros/op (avarage),ops/sec,throughput [MB/s],Threads
2,deleterandom,64,Intel(R) Xeon(R) Gold 6326 CPU @ 2.90GHz,24576 KB,10/29/22 15:22:32,cmap,1000000,16,13.362823,,/mnt/pmem0/pmemkv,13.362823,15.115826,16.040423,25.280969,84.764777,991.821289,1024,,9.539356,104828.953125,0.000000,1
2,deleterandom,64,Intel(R) Xeon(R) Gold 6326 CPU @ 2.90GHz,24576 KB,10/29/22 15:22:56,cmap,1000000,16,1.975758,,/mnt/pmem0/pmemkv,1.975758,14.303152,15.603949,24.866523,83.057890,991.821289,1024,,6.655118,300362.208333,0.000000,2
2,deleterandom,64,Intel(R) Xeon(R) Gold 6326 CPU @ 2.90GHz,24576 KB,10/29/22 15:23:17,cmap,1000000,16,1.450141,,/mnt/pmem0/pmemkv,1.450141,2.949497,15.021156,24.705106,82.580769,991.821289,1024,,4.011393,996309.729167,0.000000,4
2,deleterandom,64,Intel(R) Xeon(R) Gold 6326 CPU @ 2.90GHz,24576 KB,10/29/22 15:23:36,cmap,1000000,16,1.110783,,/mnt/pmem0/pmemkv,1.110783,1.740130,13.783147,24.307386,77.346368,991.821289,1024,,2.286088,3496710.416667,0.000000,8
2,deleterandom,64,Intel(R) Xeon(R) Gold 6326 CPU @ 2.90GHz,24576 KB,10/29/22 15:23:54,cmap,1000000,16,0.946960,,/mnt/pmem0/pmemkv,0.946960,1.568746,1.953042,24.932394,47.392457,991.821289,1024,,1.404305,11374462.000000,0.000000,16
2,deleterandom,64,Intel(R) Xeon(R) Gold 6326 CPU @ 2.90GHz,24576 KB,10/29/22 15:24:20,cmap,1000000,16,1.148985,,/mnt/pmem0/pmemkv,1.148985,1.632800,1.923089,41.601656,63.711957,991.821289,1024,,1.433253,22190812.666667,0.000000,32
