deleterandom_threads_1.csv
id,Benchmark,CPU,CPU model,CPUCache,Date:,Engine,Entries,Keys [bytes each],Median [micros/op],Open [millis/op],Path,Percentilie P50.000000 [micros/op],Percentilie P75.000000 [micros/op],Percentilie P90.000000 [micros/op],Percentilie P99.900000 [micros/op],Percentilie P99.990000 [micros/op],RawSize [MB (estimated)],Values [bytes each],extra_data,micros/op (avarage),ops/sec,throughput [MB/s],Threads
2,deleterandom,64,Intel(R) Xeon(R) Gold 6326 CPU @ 2.90GHz,24576 KB,10/29/22 15:18:33,cmap,1000000,16,13.349555,,/mnt/pmem0/pmemkv,13.349555,15.103917,15.991087,25.042135,84.558824,991.821289,1024,,9.528162,104952.039062,0.000000,1
2,deleterandom,64,Intel(R) Xeon(R) Gold 6326 CPU @ 2.90GHz,24576 KB,10/29/22 15:18:57,cmap,1000000,16,1.973680,,/mnt/pmem0/pmemkv,1.973680,14.293475,15.599219,24.855234,83.277311,991.821289,1024,,6.649188,300564.843750,0.000000,2
2,deleterandom,64,Intel(R) Xeon(R) Gold 6326 CPU @ 2.90GHz,24576 KB,10/29/22 15:19:18,cmap,1000000,16,1.445484,,/mnt/pmem0/pmemkv,1.445484,2.945860,14.953839,24.672977,82.680180,991.821289,1024,,3.990458,1001412.000000,0.000000,4
2,deleterandom,64,Intel(R) Xeon(R) Gold 6326 CPU @ 2.90GHz,24576 KB,10/29/22 15:19:37,cmap,1000000,16,1.109126,,/mnt/pmem0/pmemkv,1.109126,1.739224,13.658879,24.278399,77.449275,991.821289,1024,,2.279519,3507076.750000,0.000000,8
2,deleterandom,64,Intel(R) Xeon(R) Gold 6326 CPU @ 2.90GHz,24576 KB,10/29/22 15:19:54,cmap,1000000,16,0.947031,,/mnt/pmem0/pmemkv,0.947031,1.568706,1.952907,24.965926,44.098361,991.821289,1024,,1.404834,11370573.000000,0.000000,16
2,deleterandom,64,Intel(R) Xeon(R) Gold 6326 CPU @ 2.90GHz,24576 KB,10/29/22 15:20:18,cmap,1000000,16,1.149248,,/mnt/pmem0/pmemkv,1.149248,1.632847,1.923007,41.396704,64.125122,991.821289,1024,,1.437216,22145206.000000,0.000000,32
deleterandom_threads_2.csv
id,Benchmark,CPU,CPU model,CPUCache,Date:,Engine,Entries,Keys [bytes each],Median [micros/op],Open [millis/op],Path,Percentilie P50.000000 [micros/op],Percentilie P75.000000 [micros/op],Percentilie P90.000000 [micros/op],Percentilie P99.900000 [micros/op],Percentilie P99.990000 [micros/op],RawSize [MB (estimated)],Values [bytes each],extra_data,micros/op (avarage),ops/sec,throughput [MB/s],Threads
2,deleterandom,64,Intel(R) Xeon(R) Gold 6326 CPU @ 2.90GHz,24576 KB,10/29/22 15:20:32,cmap,1000000,16,13.367315,,/mnt/pmem0/pmemkv,13.367315,15.118800,16.039990,25.399738,85.034014,991.821289,1024,,9.543984,104778.046875,0.000000,1
2,deleterandom,64,Intel(R) Xeon(R) Gold 6326 CPU @ 2.90GHz,24576 KB,10/29/22 15:20:56,cmap,1000000,16,1.975709,,/mnt/pmem0/pmemkv,1.975709,14.304020,15.604508,24.874062,82.619048,991.821289,1024,,6.656165,300327.093750,0.000000,2
2,deleterandom,64,Intel(R) Xeon(R) Gold 6326 CPU @ 2.90GHz,24576 KB,10/29/22 15:21:18,cmap,1000000,16,1.447396,,/mnt/pmem0/pmemkv,1.447396,2.949670,14.984358,24.671287,82.767442,991.821289,1024,,3.998820,999430.062500,0.000000,4
2,deleterandom,64,Intel(R) Xeon(R) Gold 6326 CPU @ 2.90GHz,24576 KB,10/29/22 15:21:37,cmap,1000000,16,1.111732,,/mnt/pmem0/pmemkv,1.111732,1.740855,13.842314,24.318392,76.981132,991.821289,1024,,2.289332,3490745.500000,0.000000,8
2,deleterandom,64,Intel(R) Xeon(R) Gold 6326 CPU @ 2.90GHz,24576 KB,10/29/22 15:21:54,cmap,1000000,16,0.947312,,/mnt/pmem0/pmemkv,0.947312,1.569025,1.953171,24.979249,45.510204,991.821289,1024,,1.403688,11375367.000000,0.000000,16
2,deleterandom,64,Intel(R) Xeon(R) Gold 6326 CPU @ 2.90GHz,24576 KB,10/29/22 15:22:17,cmap,1000000,16,1.147790,,/mnt/pmem0/pmemkv,1.147790,1.632134,1.922740,41.962622,63.803622,991.821289,1024,,1.427876,22248920.000000,0.000000,32
deleterandom_threads_3.csv
id,Benchmark,CPU,CPU model,CPUCache,Date:,Engine,Entries,Keys [bytes each],Median [micros/op],Open [millis/op],Path,Percentilie P50.000000 [micros/op],Percentilie P75.000000 [micros/op],Percentilie P90.000000 [micros/op],Percentilie P99.900000 [micros/op],Percentilie P99.990000 [micros/op],RawSize [MB (estimated)],Values [bytes each],extra_data,micros/op (avarage),ops/sec,throughput [MB/s],Threads
2,deleterandom,64,Intel(R) Xeon(R) Gold 6326 CPU @ 2.90GHz,24576 KB,10/29/22 15:22:32,cmap,1000000,16,13.371600,,/mnt/pmem0/pmemkv,13.371600,15.124761,16.090193,25.401035,84.701493,991.821289,1024,,9.545922,104756.773438,0.000000,1
2,deleterandom,64,Intel(R) Xeon(R) Gold 6326 CPU @ 2.90GHz,24576 KB,10/29/22 15:22:56,cmap,1000000,16,1.977884,,/mnt/pmem0/pmemkv,1.977884,14.311960,15.608119,24.870274,83.277311,991.821289,1024,,6.660001,300194.687500,0.000000,2
2,deleterandom,64,Intel(R) Xeon(R) Gold 6326 CPU @ 2.90GHz,24576 KB,10/29/22 15:23:17,cmap,1000000,16,1.457543,,/mnt/pmem0/pmemkv,1.457543,2.952960,15.125271,24.771055,82.294686,991.821289,1024,,4.044902,988087.125000,0.000000,4
2,deleterandom,64,Intel(R) Xeon(R) Gold 6326 CPU @ 2.90GHz,24576 KB,10/29/22 15:23:36,cmap,1000000,16,1.111491,,/mnt/pmem0/pmemkv,1.111491,1.740311,13.848247,24.325368,77.608696,991.821289,1024,,2.289413,3492309.000000,0.000000,8
2,deleterandom,64,Intel(R) Xeon(R) Gold 6326 CPU @ 2.90GHz,24576 KB,10/29/22 15:23:54,cmap,1000000,16,0.946538,,/mnt/pmem0/pmemkv,0.946538,1.568506,1.953048,24.852007,52.568807,991.821289,1024,,1.404394,11377446.000000,0.000000,16
2,deleterandom,64,Intel(R) Xeon(R) Gold 6326 CPU @ 2.90GHz,24576 KB,10/29/22 15:24:20,cmap,1000000,16,1.149918,,/mnt/pmem0/pmemkv,1.149918,1.633420,1.923521,41.445643,63.207127,991.821289,1024,,1.434666,22178312.000000,0.000000,32
