readrandomwriterandom_threads_1.csv
id,Benchmark,CPU,CPU model,CPUCache,Date:,Engine,Entries,Keys [bytes each],Median [micros/op],Open [millis/op],Path,Percentilie P50.000000 [micros/op],Percentilie P75.000000 [micros/op],Percentilie P90.000000 [micros/op],Percentilie P99.900000 [micros/op],Percentilie P99.990000 [micros/op],RawSize [MB (estimated)],Values [bytes each],extra_data,micros/op (avarage),ops/sec,throughput [MB/s],Threads
2,readrandomwriterandom,64,Intel(R) Xeon(R) Gold 6326 CPU @ 2.90GHz,24576 KB,10/29/22 15:49:53,cmap,1000000,16,6.115690,,/mnt/pmem0/pmemkv,6.115690,7.692492,8.692473,14.535534,60.785124,991.821289,1024,(reads:5000000 writes:5000000 total:10000000 found:5000000),5.349628,186928.859375,185.400024,1
2,readrandomwriterandom,64,Intel(R) Xeon(R) Gold 6326 CPU @ 2.90GHz,24576 KB,10/29/22 15:51:07,cmap,1000000,16,6.098349,,/mnt/pmem0/pmemkv,6.098349,7.658627,8.667186,13.496697,70.123523,991.821289,1024,(reads:5000000 writes:5000000 total:10000000 found:5000000),5.341935,374234.937500,371.174164,2
2,readrandomwriterandom,64,Intel(R) Xeon(R) Gold 6326 CPU @ 2.90GHz,24576 KB,10/29/22 15:52:22,cmap,1000000,16,6.171247,,/mnt/pmem0/pmemkv,6.171247,7.817020,8.853961,13.533950,74.767003,991.821289,1024,(reads:5000000 writes:5000000 total:10000000 found:5000000),5.502548,723926.812500,718.006042,4
2,readrandomwriterandom,64,Intel(R) Xeon(R) Gold 6326 CPU @ 2.90GHz,24576 KB,10/29/22 15:53:39,cmap,1000000,16,6.512346,,/mnt/pmem0/pmemkv,6.512346,8.273142,9.450723,32.272453,78.234534,991.821289,1024,(reads:5000000 writes:5000000 total:10000000 found:5000000),5.869046,1355635.250000,1344.547852,8
2,readrandomwriterandom,64,Intel(R) Xeon(R) Gold 6326 CPU @ 2.90GHz,24576 KB,10/29/22 15:55:00,cmap,1000000,16,7.279202,,/mnt/pmem0/pmemkv,7.279202,9.450452,11.422147,68.748672,86.306034,991.821289,1024,(reads:5000000 writes:5000000 total:10000000 found:5000000),6.941081,2287353.250000,2268.645752,16
2,readrandomwriterandom,64,Intel(R) Xeon(R) Gold 6326 CPU @ 2.90GHz,24576 KB,10/29/22 15:56:41,cmap,1000000,16,11.261592,,/mnt/pmem0/pmemkv,11.261592,18.888758,24.764227,75.112191,89.748707,991.821289,1024,(reads:5000000 writes:5000000 total:10000000 found:5000000),13.046715,2350048.500000,2330.828125,32
readrandomwriterandom_threads_2.csv
id,Benchmark,CPU,CPU model,CPUCache,Date:,Engine,Entries,Keys [bytes each],Median [micros/op],Open [millis/op],Path,Percentilie P50.000000 [micros/op],Percentilie P75.000000 [micros/op],Percentilie P90.000000 [micros/op],Percentilie P99.900000 [micros/op],Percentilie P99.990000 [micros/op],RawSize [MB (estimated)],Values [bytes each],extra_data,micros/op (avarage),ops/sec,throughput [MB/s],Threads
2,readrandomwriterandom,64,Intel(R) Xeon(R) Gold 6326 CPU @ 2.90GHz,24576 KB,10/29/22 15:59:17,cmap,1000000,16,6.146401,,/mnt/pmem0/pmemkv,6.146401,7.797974,8.806461,14.486327,25.000000,991.821289,1024,(reads:5000000 writes:5000000 total:10000000 found:5000000),5.410171,184837.062500,183.325333,1
2,readrandomwriterandom,64,Intel(R) Xeon(R) Gold 6326 CPU @ 2.90GHz,24576 KB,10/29/22 16:00:32,cmap,1000000,16,6.141331,,/mnt/pmem0/pmemkv,6.141331,7.795378,8.810325,13.449444,70.455975,991.821289,1024,(reads:5000000 writes:5000000 total:10000000 found:5000000),5.423853,367518.031250,364.512207,2
2,readrandomwriterandom,64,Intel(R) Xeon(R) Gold 6326 CPU @ 2.90GHz,24576 KB,10/29/22 16:01:48,cmap,1000000,16,6.178706,,/mnt/pmem0/pmemkv,6.178706,7.843568,8.884144,13.501734,74.768254,991.821289,1024,(reads:5000000 writes:5000000 total:10000000 found:5000000),5.508909,724481.312500,718.555969,4
2,readrandomwriterandom,64,Intel(R) Xeon(R) Gold 6326 CPU @ 2.90GHz,24576 KB,10/29/22 16:03:05,cmap,1000000,16,6.509950,,/mnt/pmem0/pmemkv,6.509950,8.255508,9.429251,32.473454,78.231844,991.821289,1024,(reads:5000000 writes:5000000 total:10000000 found:5000000),5.866055,1358120.000000,1347.012329,8
2,readrandomwriterandom,64,Intel(R) Xeon(R) Gold 6326 CPU @ 2.90GHz,24576 KB,10/29/22 16:04:26,cmap,1000000,16,7.202387,,/mnt/pmem0/pmemkv,7.202387,9.280016,11.237234,69.891447,86.696647,991.821289,1024,(reads:5000000 writes:5000000 total:10000000 found:5000000),6.851403,2316611.250000,2297.664307,16
2,readrandomwriterandom,64,Intel(R) Xeon(R) Gold 6326 CPU @ 2.90GHz,24576 KB,10/29/22 16:06:07,cmap,1000000,16,11.351395,,/mnt/pmem0/pmemkv,11.351395,18.826329,24.583309,75.374754,89.818900,991.821289,1024,(reads:5000000 writes:5000000 total:10000000 found:5000000),13.028955,2365353.500000,2346.007812,32
readrandomwriterandom_threads_3.csv
id,Benchmark,CPU,CPU model,CPUCache,Date:,Engine,Entries,Keys [bytes each],Median [micros/op],Open [millis/op],Path,Percentilie P50.000000 [micros/op],Percentilie P75.000000 [micros/op],Percentilie P90.000000 [micros/op],Percentilie P99.900000 [micros/op],Percentilie P99.990000 [micros/op],RawSize [MB (estimated)],Values [bytes each],extra_data,micros/op (avarage),ops/sec,throughput [MB/s],Threads
2,readrandomwriterandom,64,Intel(R) Xeon(R) Gold 6326 CPU @ 2.90GHz,24576 KB,10/29/22 16:08:41,cmap,1000000,16,6.085288,,/mnt/pmem0/pmemkv,6.085288,7.586063,8.578030,14.410272,24.815498,991.821289,1024,(reads:5000000 writes:5000000 total:10000000 found:5000000),5.286823,189149.500000,187.602509,1
2,readrandomwriterandom,64,Intel(R) Xeon(R) Gold 6326 CPU @ 2.90GHz,24576 KB,10/29/22 16:09:58,cmap,1000000,16,6.228590,,/mnt/pmem0/pmemkv,6.228590,7.965339,8.957877,14.098251,68.869203,991.821289,1024,(reads:5000000 writes:5000000 total:10000000 found:5000000),5.519610,361694.125000,358.735931,2
2,readrandomwriterandom,64,Intel(R) Xeon(R) Gold 6326 CPU @ 2.90GHz,24576 KB,10/29/22 16:11:18,cmap,1000000,16,6.591104,,/mnt/pmem0/pmemkv,6.591104,8.382879,9.424237,14.283867,75.661122,991.821289,1024,(reads:5000000 writes:5000000 total:10000000 found:5000000),5.760473,692269.562500,686.607666,4
2,readrandomwriterandom,64,Intel(R) Xeon(R) Gold 6326 CPU @ 2.90GHz,24576 KB,10/29/22 16:12:37,cmap,1000000,16,6.345578,,/mnt/pmem0/pmemkv,6.345578,7.994056,9.166375,31.615044,78.227041,991.821289,1024,(reads:5000000 writes:5000000 total:10000000 found:5000000),5.746304,1386874.750000,1375.531860,8
2,readrandomwriterandom,64,Intel(R) Xeon(R) Gold 6326 CPU @ 2.90GHz,24576 KB,10/29/22 16:13:56,cmap,1000000,16,7.295357,,/mnt/pmem0/pmemkv,7.295357,9.458475,11.391416,68.819226,86.250572,991.821289,1024,(reads:5000000 writes:5000000 total:10000000 found:5000000),6.937998,2293372.500000,2274.615723,16
2,readrandomwriterandom,64,Intel(R) Xeon(R) Gold 6326 CPU @ 2.90GHz,24576 KB,10/29/22 16:15:42,cmap,1000000,16,11.456133,,/mnt/pmem0/pmemkv,11.456133,18.776725,24.702189,78.114481,93.859959,991.821289,1024,(reads:5000000 writes:5000000 total:10000000 found:5000000),13.108074,2358091.250000,2338.805176,32
