id,Benchmark,CPU,CPU model,CPUCache,Date:,Engine,Entries,Keys [bytes each],Median [micros/op],Open [millis/op],Path,Percentilie P50.000000 [micros/op],Percentilie P75.000000 [micros/op],Percentilie P90.000000 [micros/op],Percentilie P99.900000 [micros/op],Percentilie P99.990000 [micros/op],RawSize [MB (estimated)],Values [bytes each],extra_data,micros/op (avarage),ops/sec,throughput [MB/s],Threads
2,readrandomwriterandom,64,Intel(R) Xeon(R) Gold 6326 CPU @ 2.90GHz,24576 KB,10/29/22 16:08:41,cmap,1000000,16,6.115793,,/mnt/pmem0/pmemkv,6.115793,7.692176,8.692321,14.477378,36.866874,991.821289,1024,(reads:5000000 writes:5000000 total:10000000 found:5000000),5.348874,186971.807292,185.442622,1
2,readrandomwriterandom,64,Intel(R) Xeon(R) Gold 6326 CPU @ 2.90GHz,24576 KB,10/29/22 16:09:58,cmap,1000000,16,6.156090,,/mnt/pmem0/pmemkv,6.156090,7.806448,8.811796,13.681464,69.816234,991.821289,1024,(reads:5000000 writes:5000000 total:10000000 found:5000000),5.428466,367815.697917,364.807434,2
2,readrandomwriterandom,64,Intel(R) Xeon(R) Gold 6326 CPU @ 2.90GHz,24576 KB,10/29/22 16:11:18,cmap,1000000,16,6.313686,,/mnt/pmem0/pmemkv,6.313686,8.014489,9.054114,13.773184,75.065460,991.821289,1024,(reads:5000000 writes:5000000 total:10000000 found:5000000),5.590643,713559.229167,707.723226,4
2,readrandomwriterandom,64,Intel(R) Xeon(R) Gold 6326 CPU @ 2.90GHz,24576 KB,10/29/22 16:12:37,cmap,1000000,16,6.455958,,/mnt/pmem0/pmemkv,6.455958,8.174235,9.348783,32.120317,78.231140,991.821289,1024,(reads:5000000 writes:5000000 total:10000000 found:5000000),5.827135,1366876.666667,1355.697347,8
2,readrandomwriterandom,64,Intel(R) Xeon(R) Gold 6326 CPU @ 2.90GHz,24576 KB,10/29/22 16:13:56,cmap,1000000,16,7.258982,,/mnt/pmem0/pmemkv,7.258982,9.396314,11.350266,69.153115,86.417751,991.821289,1024,(reads:5000000 writes:5000000 total:10000000 found:5000000),6.910161,2299112.333333,2280.308594,16
2,readrandomwriterandom,64,Intel(R) Xeon(R) Gold 6326 CPU @ 2.90GHz,24576 KB,10/29/22 16:15:42,cmap,1000000,16,11.356373,,/mnt/pmem0/pmemkv,11.356373,18.830604,24.683242,76.200475,91.142522,991.821289,1024,(reads:5000000 writes:5000000 total:10000000 found:5000000),13.061248,2357831.083333,2338.547038,32
