id,Benchmark,CPU,CPU model,CPUCache,Date:,Engine,Entries,Keys [bytes each],Median [micros/op],Open [millis/op],Path,Percentilie P50.000000 [micros/op],Percentilie P75.000000 [micros/op],Percentilie P90.000000 [micros/op],Percentilie P99.900000 [micros/op],Percentilie P99.990000 [micros/op],RawSize [MB (estimated)],Values [bytes each],extra_data,micros/op (avarage),ops/sec,throughput [MB/s],Threads
2,readrandomwriterandom,64,Intel(R) Xeon(R) Gold 6326 CPU @ 2.90GHz,24576 KB,10/28/22 22:53:22,cmap,1000000,16,2.697057,,/mnt/pmem0/pmemkv,2.697057,3.320978,3.931444,9.424368,12.861615,991.821289,1024,(reads:9500000 writes:500000 total:10000000 found:9500000),2.359383,423841.052083,420.374583,1
2,readrandomwriterandom,64,Intel(R) Xeon(R) Gold 6326 CPU @ 2.90GHz,24576 KB,10/28/22 22:53:55,cmap,1000000,16,2.731716,,/mnt/pmem0/pmemkv,2.731716,3.385423,3.953448,8.568642,12.114893,991.821289,1024,(reads:9500000 writes:500000 total:10000000 found:9500000),2.394479,834794.312500,827.966797,2
2,readrandomwriterandom,64,Intel(R) Xeon(R) Gold 6326 CPU @ 2.90GHz,24576 KB,10/28/22 22:54:29,cmap,1000000,16,2.821804,,/mnt/pmem0/pmemkv,2.821804,3.526700,4.115575,7.850625,11.675531,991.821289,1024,(reads:9500000 writes:500000 total:10000000 found:9500000),2.493185,1601370.250000,1588.273031,4
2,readrandomwriterandom,64,Intel(R) Xeon(R) Gold 6326 CPU @ 2.90GHz,24576 KB,10/28/22 22:55:04,cmap,1000000,16,3.085214,,/mnt/pmem0/pmemkv,3.085214,3.789152,4.648537,8.074148,11.405467,991.821289,1024,(reads:9500000 writes:500000 total:10000000 found:9500000),2.740409,2913122.000000,2889.296468,8
2,readrandomwriterandom,64,Intel(R) Xeon(R) Gold 6326 CPU @ 2.90GHz,24576 KB,10/28/22 22:55:42,cmap,1000000,16,3.718399,,/mnt/pmem0/pmemkv,3.718399,4.666146,5.716438,10.088393,13.401408,991.821289,1024,(reads:9500000 writes:500000 total:10000000 found:9500000),3.413905,4674000.000000,4635.772787,16
2,readrandomwriterandom,64,Intel(R) Xeon(R) Gold 6326 CPU @ 2.90GHz,24576 KB,10/28/22 22:56:32,cmap,1000000,16,5.384581,,/mnt/pmem0/pmemkv,5.384581,7.011440,9.211680,30.545215,48.246132,991.821289,1024,(reads:9500000 writes:500000 total:10000000 found:9500000),5.479796,5818036.000000,5770.451986,32
