readrandomwriterandom_threads_1.csv
id,Benchmark,CPU,CPU model,CPUCache,Date:,Engine,Entries,Keys [bytes each],Median [micros/op],Open [millis/op],Path,Percentilie P50.000000 [micros/op],Percentilie P75.000000 [micros/op],Percentilie P90.000000 [micros/op],Percentilie P99.900000 [micros/op],Percentilie P99.990000 [micros/op],RawSize [MB (estimated)],Values [bytes each],extra_data,micros/op (avarage),ops/sec,throughput [MB/s],Threads
2,readrandomwriterandom,64,Intel(R) Xeon(R) Gold 6326 CPU @ 2.90GHz,24576 KB,10/28/22 22:44:58,cmap,1000000,16,2.699146,,/mnt/pmem0/pmemkv,2.699146,3.325084,3.933358,9.465536,12.977352,991.821289,1024,(reads:9500000 writes:500000 total:10000000 found:9500000),2.365585,422728.406250,419.271057,1
2,readrandomwriterandom,64,Intel(R) Xeon(R) Gold 6326 CPU @ 2.90GHz,24576 KB,10/28/22 22:45:31,cmap,1000000,16,2.731227,,/mnt/pmem0/pmemkv,2.731227,3.384592,3.953122,8.450740,11.963154,991.821289,1024,(reads:9500000 writes:500000 total:10000000 found:9500000),2.392465,835662.062500,828.827454,2
2,readrandomwriterandom,64,Intel(R) Xeon(R) Gold 6326 CPU @ 2.90GHz,24576 KB,10/28/22 22:46:05,cmap,1000000,16,2.818481,,/mnt/pmem0/pmemkv,2.818481,3.522452,4.104567,7.819597,11.645349,991.821289,1024,(reads:9500000 writes:500000 total:10000000 found:9500000),2.487936,1606311.000000,1593.173340,4
2,readrandomwriterandom,64,Intel(R) Xeon(R) Gold 6326 CPU @ 2.90GHz,24576 KB,10/28/22 22:46:40,cmap,1000000,16,3.084979,,/mnt/pmem0/pmemkv,3.084979,3.789456,4.649844,8.098750,11.386792,991.821289,1024,(reads:9500000 writes:500000 total:10000000 found:9500000),2.740695,2912860.250000,2889.036865,8
2,readrandomwriterandom,64,Intel(R) Xeon(R) Gold 6326 CPU @ 2.90GHz,24576 KB,10/28/22 22:47:18,cmap,1000000,16,3.718200,,/mnt/pmem0/pmemkv,3.718200,4.665174,5.713833,10.034938,13.335271,991.821289,1024,(reads:9500000 writes:500000 total:10000000 found:9500000),3.412854,4675121.000000,4636.884766,16
2,readrandomwriterandom,64,Intel(R) Xeon(R) Gold 6326 CPU @ 2.90GHz,24576 KB,10/28/22 22:48:07,cmap,1000000,16,5.395369,,/mnt/pmem0/pmemkv,5.395369,7.026027,9.230849,30.920333,48.970479,991.821289,1024,(reads:9500000 writes:500000 total:10000000 found:9500000),5.492734,5796497.500000,5749.089355,32
readrandomwriterandom_threads_2.csv
id,Benchmark,CPU,CPU model,CPUCache,Date:,Engine,Entries,Keys [bytes each],Median [micros/op],Open [millis/op],Path,Percentilie P50.000000 [micros/op],Percentilie P75.000000 [micros/op],Percentilie P90.000000 [micros/op],Percentilie P99.900000 [micros/op],Percentilie P99.990000 [micros/op],RawSize [MB (estimated)],Values [bytes each],extra_data,micros/op (avarage),ops/sec,throughput [MB/s],Threads
2,readrandomwriterandom,64,Intel(R) Xeon(R) Gold 6326 CPU @ 2.90GHz,24576 KB,10/28/22 22:49:10,cmap,1000000,16,2.696190,,/mnt/pmem0/pmemkv,2.696190,3.319106,3.929974,9.397089,12.753363,991.821289,1024,(reads:9500000 writes:500000 total:10000000 found:9500000),2.355054,424618.656250,421.145813,1
2,readrandomwriterandom,64,Intel(R) Xeon(R) Gold 6326 CPU @ 2.90GHz,24576 KB,10/28/22 22:49:43,cmap,1000000,16,2.730299,,/mnt/pmem0/pmemkv,2.730299,3.383132,3.952654,8.722120,12.399519,991.821289,1024,(reads:9500000 writes:500000 total:10000000 found:9500000),2.395127,834223.375000,827.400513,2
2,readrandomwriterandom,64,Intel(R) Xeon(R) Gold 6326 CPU @ 2.90GHz,24576 KB,10/28/22 22:50:17,cmap,1000000,16,2.825265,,/mnt/pmem0/pmemkv,2.825265,3.531208,4.126813,7.863586,11.702395,991.821289,1024,(reads:9500000 writes:500000 total:10000000 found:9500000),2.497784,1595053.000000,1582.007446,4
2,readrandomwriterandom,64,Intel(R) Xeon(R) Gold 6326 CPU @ 2.90GHz,24576 KB,10/28/22 22:50:52,cmap,1000000,16,3.087567,,/mnt/pmem0/pmemkv,3.087567,3.790716,4.650792,8.079000,11.433032,991.821289,1024,(reads:9500000 writes:500000 total:10000000 found:9500000),2.742226,2909472.000000,2885.676270,8
2,readrandomwriterandom,64,Intel(R) Xeon(R) Gold 6326 CPU @ 2.90GHz,24576 KB,10/28/22 22:51:30,cmap,1000000,16,3.718339,,/mnt/pmem0/pmemkv,3.718339,4.666762,5.719311,10.140252,13.441046,991.821289,1024,(reads:9500000 writes:500000 total:10000000 found:9500000),3.414893,4672715.000000,4634.498047,16
2,readrandomwriterandom,64,Intel(R) Xeon(R) Gold 6326 CPU @ 2.90GHz,24576 KB,10/28/22 22:52:20,cmap,1000000,16,5.376254,,/mnt/pmem0/pmemkv,5.376254,6.996936,9.203018,30.908443,48.846423,991.821289,1024,(reads:9500000 writes:500000 total:10000000 found:9500000),5.476862,5826328.500000,5778.676758,32
readrandomwriterandom_threads_3.csv
id,Benchmark,CPU,CPU model,CPUCache,Date:,Engine,Entries,Keys [bytes each],Median [micros/op],Open [millis/op],Path,Percentilie P50.000000 [micros/op],Percentilie P75.000000 [micros/op],Percentilie P90.000000 [micros/op],Percentilie P99.900000 [micros/op],Percentilie P99.990000 [micros/op],RawSize [MB (estimated)],Values [bytes each],extra_data,micros/op (avarage),ops/sec,throughput [MB/s],Threads
2,readrandomwriterandom,64,Intel(R) Xeon(R) Gold 6326 CPU @ 2.90GHz,24576 KB,10/28/22 22:53:22,cmap,1000000,16,2.695835,,/mnt/pmem0/pmemkv,2.695835,3.318745,3.931000,9.410480,12.854130,991.821289,1024,(reads:9500000 writes:500000 total:10000000 found:9500000),2.357511,424176.093750,420.706879,1
2,readrandomwriterandom,64,Intel(R) Xeon(R) Gold 6326 CPU @ 2.90GHz,24576 KB,10/28/22 22:53:55,cmap,1000000,16,2.733622,,/mnt/pmem0/pmemkv,2.733622,3.388545,3.954569,8.533065,11.982005,991.821289,1024,(reads:9500000 writes:500000 total:10000000 found:9500000),2.395845,834497.500000,827.672424,2
2,readrandomwriterandom,64,Intel(R) Xeon(R) Gold 6326 CPU @ 2.90GHz,24576 KB,10/28/22 22:54:29,cmap,1000000,16,2.821667,,/mnt/pmem0/pmemkv,2.821667,3.526441,4.115344,7.868692,11.678848,991.821289,1024,(reads:9500000 writes:500000 total:10000000 found:9500000),2.493836,1602746.750000,1589.638306,4
2,readrandomwriterandom,64,Intel(R) Xeon(R) Gold 6326 CPU @ 2.90GHz,24576 KB,10/28/22 22:55:04,cmap,1000000,16,3.083097,,/mnt/pmem0/pmemkv,3.083097,3.787285,4.644975,8.044695,11.396576,991.821289,1024,(reads:9500000 writes:500000 total:10000000 found:9500000),2.738307,2917033.750000,2893.176270,8
2,readrandomwriterandom,64,Intel(R) Xeon(R) Gold 6326 CPU @ 2.90GHz,24576 KB,10/28/22 22:55:42,cmap,1000000,16,3.718657,,/mnt/pmem0/pmemkv,3.718657,4.666501,5.716171,10.089988,13.427907,991.821289,1024,(reads:9500000 writes:500000 total:10000000 found:9500000),3.413969,4674164.000000,4635.935547,16
2,readrandomwriterandom,64,Intel(R) Xeon(R) Gold 6326 CPU @ 2.90GHz,24576 KB,10/28/22 22:56:32,cmap,1000000,16,5.382120,,/mnt/pmem0/pmemkv,5.382120,7.011357,9.201172,29.806868,46.921493,991.821289,1024,(reads:9500000 writes:500000 total:10000000 found:9500000),5.469792,5831282.000000,5783.589844,32
