deleterandom_threads_1.csv
id,Benchmark,CPU,CPU model,CPUCache,Date:,Engine,Entries,Keys [bytes each],Median [micros/op],Open [millis/op],Path,Percentilie P50.000000 [micros/op],Percentilie P75.000000 [micros/op],Percentilie P90.000000 [micros/op],Percentilie P99.900000 [micros/op],Percentilie P99.990000 [micros/op],RawSize [MB (estimated)],Values [bytes each],extra_data,micros/op (avarage),ops/sec,throughput [MB/s],Threads
2,deleterandom,64,Intel(R) Xeon(R) Gold 6326 CPU @ 2.90GHz,24576 KB,10/29/22 09:28:42,cmap,1000000,16,21.432703,,/mnt/pmem0/pmemkv,21.432703,24.157261,27.375803,36.219647,92.020202,991.821289,1024,,15.809972,63251.218750,0.000000,1
2,deleterandom,64,Intel(R) Xeon(R) Gold 6326 CPU @ 2.90GHz,24576 KB,10/29/22 09:29:16,cmap,1000000,16,2.720609,,/mnt/pmem0/pmemkv,2.720609,22.662693,24.853802,34.884354,90.540541,991.821289,1024,,10.967059,182171.187500,0.000000,2
2,deleterandom,64,Intel(R) Xeon(R) Gold 6326 CPU @ 2.90GHz,24576 KB,10/29/22 09:29:47,cmap,1000000,16,1.631721,,/mnt/pmem0/pmemkv,1.631721,3.884251,23.754141,34.677893,88.380567,991.821289,1024,,6.496152,615580.750000,0.000000,4
2,deleterandom,64,Intel(R) Xeon(R) Gold 6326 CPU @ 2.90GHz,24576 KB,10/29/22 09:30:13,cmap,1000000,16,1.308897,,/mnt/pmem0/pmemkv,1.308897,1.842817,21.322705,34.042983,80.480769,991.821289,1024,,3.579890,2232258.000000,0.000000,8
2,deleterandom,64,Intel(R) Xeon(R) Gold 6326 CPU @ 2.90GHz,24576 KB,10/29/22 09:30:37,cmap,1000000,16,1.165861,,/mnt/pmem0/pmemkv,1.165861,1.678669,1.986353,33.521244,68.915254,991.821289,1024,,2.088956,7585969.000000,0.000000,16
2,deleterandom,64,Intel(R) Xeon(R) Gold 6326 CPU @ 2.90GHz,24576 KB,10/29/22 09:31:06,cmap,1000000,16,1.362712,,/mnt/pmem0/pmemkv,1.362712,1.732848,1.954929,49.098873,61.400000,991.821289,1024,,2.020906,15604329.000000,0.000000,32
deleterandom_threads_2.csv
id,Benchmark,CPU,CPU model,CPUCache,Date:,Engine,Entries,Keys [bytes each],Median [micros/op],Open [millis/op],Path,Percentilie P50.000000 [micros/op],Percentilie P75.000000 [micros/op],Percentilie P90.000000 [micros/op],Percentilie P99.900000 [micros/op],Percentilie P99.990000 [micros/op],RawSize [MB (estimated)],Values [bytes each],extra_data,micros/op (avarage),ops/sec,throughput [MB/s],Threads
2,deleterandom,64,Intel(R) Xeon(R) Gold 6326 CPU @ 2.90GHz,24576 KB,10/29/22 09:31:25,cmap,1000000,16,21.440700,,/mnt/pmem0/pmemkv,21.440700,24.180402,27.433100,36.493306,91.340206,991.821289,1024,,15.865582,63029.519531,0.000000,1
2,deleterandom,64,Intel(R) Xeon(R) Gold 6326 CPU @ 2.90GHz,24576 KB,10/29/22 09:32:00,cmap,1000000,16,2.750557,,/mnt/pmem0/pmemkv,2.750557,22.690217,24.903967,34.911047,91.855670,991.821289,1024,,11.011708,181564.781250,0.000000,2
2,deleterandom,64,Intel(R) Xeon(R) Gold 6326 CPU @ 2.90GHz,24576 KB,10/29/22 09:32:31,cmap,1000000,16,1.626486,,/mnt/pmem0/pmemkv,1.626486,3.867458,23.706088,34.604420,89.377593,991.821289,1024,,6.468318,618148.187500,0.000000,4
2,deleterandom,64,Intel(R) Xeon(R) Gold 6326 CPU @ 2.90GHz,24576 KB,10/29/22 09:32:57,cmap,1000000,16,1.309748,,/mnt/pmem0/pmemkv,1.309748,1.843911,21.350883,34.110982,79.249012,991.821289,1024,,3.594102,2224264.250000,0.000000,8
2,deleterandom,64,Intel(R) Xeon(R) Gold 6326 CPU @ 2.90GHz,24576 KB,10/29/22 09:33:21,cmap,1000000,16,1.149631,,/mnt/pmem0/pmemkv,1.149631,1.671356,1.984391,33.300439,55.714286,991.821289,1024,,2.071813,7713412.000000,0.000000,16
2,deleterandom,64,Intel(R) Xeon(R) Gold 6326 CPU @ 2.90GHz,24576 KB,10/29/22 09:33:50,cmap,1000000,16,1.360470,,/mnt/pmem0/pmemkv,1.360470,1.730743,1.952908,49.390693,63.327586,991.821289,1024,,2.017403,15741462.000000,0.000000,32
deleterandom_threads_3.csv
id,Benchmark,CPU,CPU model,CPUCache,Date:,Engine,Entries,Keys [bytes each],Median [micros/op],Open [millis/op],Path,Percentilie P50.000000 [micros/op],Percentilie P75.000000 [micros/op],Percentilie P90.000000 [micros/op],Percentilie P99.900000 [micros/op],Percentilie P99.990000 [micros/op],RawSize [MB (estimated)],Values [bytes each],extra_data,micros/op (avarage),ops/sec,throughput [MB/s],Threads
2,deleterandom,64,Intel(R) Xeon(R) Gold 6326 CPU @ 2.90GHz,24576 KB,10/29/22 09:34:09,cmap,1000000,16,21.388642,,/mnt/pmem0/pmemkv,21.388642,24.029388,27.082897,36.238479,90.930233,991.821289,1024,,15.722820,63601.820312,0.000000,1
2,deleterandom,64,Intel(R) Xeon(R) Gold 6326 CPU @ 2.90GHz,24576 KB,10/29/22 09:34:44,cmap,1000000,16,2.728458,,/mnt/pmem0/pmemkv,2.728458,22.685057,24.894562,34.924916,90.829016,991.821289,1024,,10.990665,181906.750000,0.000000,2
2,deleterandom,64,Intel(R) Xeon(R) Gold 6326 CPU @ 2.90GHz,24576 KB,10/29/22 09:35:14,cmap,1000000,16,1.639132,,/mnt/pmem0/pmemkv,1.639132,3.856863,23.722800,34.599717,88.352060,991.821289,1024,,6.491116,615546.812500,0.000000,4
2,deleterandom,64,Intel(R) Xeon(R) Gold 6326 CPU @ 2.90GHz,24576 KB,10/29/22 09:35:40,cmap,1000000,16,1.303973,,/mnt/pmem0/pmemkv,1.303973,1.839644,21.309619,33.964682,79.335937,991.821289,1024,,3.569863,2239559.000000,0.000000,8
2,deleterandom,64,Intel(R) Xeon(R) Gold 6326 CPU @ 2.90GHz,24576 KB,10/29/22 09:36:04,cmap,1000000,16,1.148253,,/mnt/pmem0/pmemkv,1.148253,1.670543,1.983917,33.300684,52.919255,991.821289,1024,,2.070053,7717731.500000,0.000000,16
2,deleterandom,64,Intel(R) Xeon(R) Gold 6326 CPU @ 2.90GHz,24576 KB,10/29/22 09:36:33,cmap,1000000,16,1.365181,,/mnt/pmem0/pmemkv,1.365181,1.737093,1.960241,49.160678,59.858751,991.821289,1024,,2.021417,15750380.000000,0.000000,32
