id,Benchmark,CPU,CPU model,CPUCache,Date:,Engine,Entries,Keys [bytes each],Median [micros/op],Open [millis/op],Path,Percentilie P50.000000 [micros/op],Percentilie P75.000000 [micros/op],Percentilie P90.000000 [micros/op],Percentilie P99.900000 [micros/op],Percentilie P99.990000 [micros/op],RawSize [MB (estimated)],Values [bytes each],extra_data,micros/op (avarage),ops/sec,throughput [MB/s],Threads
2,deleteseq,64,Intel(R) Xeon(R) Gold 6326 CPU @ 2.90GHz,24576 KB,10/29/22 09:24:06,cmap,1000000,16,22.820479,,/mnt/pmem0/pmemkv,22.820479,24.230718,25.657257,34.831923,83.126605,991.821289,1024,,22.644908,44160.048177,0.000000,1
2,deleteseq,64,Intel(R) Xeon(R) Gold 6326 CPU @ 2.90GHz,24576 KB,10/29/22 09:24:48,cmap,1000000,16,23.222650,,/mnt/pmem0/pmemkv,23.222650,24.834060,28.010628,35.497668,82.702478,991.821289,1024,,23.679951,84460.125000,0.000000,2
2,deleteseq,64,Intel(R) Xeon(R) Gold 6326 CPU @ 2.90GHz,24576 KB,10/29/22 09:25:31,cmap,1000000,16,23.253761,,/mnt/pmem0/pmemkv,23.253761,24.880937,28.085668,35.645578,84.419282,991.821289,1024,,23.653362,169109.875000,0.000000,4
2,deleteseq,64,Intel(R) Xeon(R) Gold 6326 CPU @ 2.90GHz,24576 KB,10/29/22 09:26:14,cmap,1000000,16,26.323532,,/mnt/pmem0/pmemkv,26.323532,29.790352,33.612775,45.990940,82.995903,991.821289,1024,,24.178974,330918.572917,0.000000,8
2,deleteseq,64,Intel(R) Xeon(R) Gold 6326 CPU @ 2.90GHz,24576 KB,10/29/22 09:26:59,cmap,1000000,16,28.564609,,/mnt/pmem0/pmemkv,28.564609,36.778409,45.840808,76.678424,90.424753,991.821289,1024,,24.923037,642013.500000,0.000000,16
2,deleteseq,64,Intel(R) Xeon(R) Gold 6326 CPU @ 2.90GHz,24576 KB,10/29/22 09:27:52,cmap,1000000,16,29.335877,,/mnt/pmem0/pmemkv,29.335877,41.482608,60.174450,133.989068,152.466349,991.821289,1024,,27.164427,1178109.250000,0.000000,32
