deleteseq_threads_1.csv
id,Benchmark,CPU,CPU model,CPUCache,Date:,Engine,Entries,Keys [bytes each],Median [micros/op],Open [millis/op],Path,Percentilie P50.000000 [micros/op],Percentilie P75.000000 [micros/op],Percentilie P90.000000 [micros/op],Percentilie P99.900000 [micros/op],Percentilie P99.990000 [micros/op],RawSize [MB (estimated)],Values [bytes each],extra_data,micros/op (avarage),ops/sec,throughput [MB/s],Threads
2,deleteseq,64,Intel(R) Xeon(R) Gold 6326 CPU @ 2.90GHz,24576 KB,10/29/22 09:15:09,cmap,1000000,16,22.822024,,/mnt/pmem0/pmemkv,22.822024,24.233036,25.683196,34.860205,83.823529,991.821289,1024,,22.629282,44190.531250,0.000000,1
2,deleteseq,64,Intel(R) Xeon(R) Gold 6326 CPU @ 2.90GHz,24576 KB,10/29/22 09:15:51,cmap,1000000,16,23.267758,,/mnt/pmem0/pmemkv,23.267758,24.901730,28.141303,36.026852,84.965986,991.821289,1024,,23.761530,84169.656250,0.000000,2
2,deleteseq,64,Intel(R) Xeon(R) Gold 6326 CPU @ 2.90GHz,24576 KB,10/29/22 09:16:34,cmap,1000000,16,23.284865,,/mnt/pmem0/pmemkv,23.284865,24.927798,28.165392,36.239792,83.923611,991.821289,1024,,23.708178,168718.125000,0.000000,4
2,deleteseq,64,Intel(R) Xeon(R) Gold 6326 CPU @ 2.90GHz,24576 KB,10/29/22 09:17:18,cmap,1000000,16,25.877634,,/mnt/pmem0/pmemkv,25.877634,29.487589,33.320847,44.829632,82.031603,991.821289,1024,,23.755322,336766.406250,0.000000,8
2,deleteseq,64,Intel(R) Xeon(R) Gold 6326 CPU @ 2.90GHz,24576 KB,10/29/22 09:18:01,cmap,1000000,16,28.413975,,/mnt/pmem0/pmemkv,28.413975,36.539291,45.505725,76.060435,89.156767,991.821289,1024,,24.770239,645935.875000,0.000000,16
2,deleteseq,64,Intel(R) Xeon(R) Gold 6326 CPU @ 2.90GHz,24576 KB,10/29/22 09:18:53,cmap,1000000,16,29.130953,,/mnt/pmem0/pmemkv,29.130953,41.313328,59.837177,134.224706,153.300170,991.821289,1024,,27.017408,1184419.500000,0.000000,32
deleteseq_threads_2.csv
id,Benchmark,CPU,CPU model,CPUCache,Date:,Engine,Entries,Keys [bytes each],Median [micros/op],Open [millis/op],Path,Percentilie P50.000000 [micros/op],Percentilie P75.000000 [micros/op],Percentilie P90.000000 [micros/op],Percentilie P99.900000 [micros/op],Percentilie P99.990000 [micros/op],RawSize [MB (estimated)],Values [bytes each],extra_data,micros/op (avarage),ops/sec,throughput [MB/s],Threads
2,deleteseq,64,Intel(R) Xeon(R) Gold 6326 CPU @ 2.90GHz,24576 KB,10/29/22 09:19:37,cmap,1000000,16,22.831975,,/mnt/pmem0/pmemkv,22.831975,24.247963,25.809718,34.846728,82.653061,991.821289,1024,,22.649673,44150.746094,0.000000,1
2,deleteseq,64,Intel(R) Xeon(R) Gold 6326 CPU @ 2.90GHz,24576 KB,10/29/22 09:20:19,cmap,1000000,16,23.203301,,/mnt/pmem0/pmemkv,23.203301,24.805037,27.950219,34.983102,81.578947,991.821289,1024,,23.638124,84609.070312,0.000000,2
2,deleteseq,64,Intel(R) Xeon(R) Gold 6326 CPU @ 2.90GHz,24576 KB,10/29/22 09:21:02,cmap,1000000,16,23.251547,,/mnt/pmem0/pmemkv,23.251547,24.877572,28.079013,35.681306,84.878788,991.821289,1024,,23.664879,169026.812500,0.000000,4
2,deleteseq,64,Intel(R) Xeon(R) Gold 6326 CPU @ 2.90GHz,24576 KB,10/29/22 09:21:45,cmap,1000000,16,26.648265,,/mnt/pmem0/pmemkv,26.648265,29.990828,33.803752,46.777908,83.750000,991.821289,1024,,24.456217,327114.968750,0.000000,8
2,deleteseq,64,Intel(R) Xeon(R) Gold 6326 CPU @ 2.90GHz,24576 KB,10/29/22 09:22:30,cmap,1000000,16,28.382369,,/mnt/pmem0/pmemkv,28.382369,36.573846,45.631704,76.524174,89.815233,991.821289,1024,,24.804853,645033.687500,0.000000,16
2,deleteseq,64,Intel(R) Xeon(R) Gold 6326 CPU @ 2.90GHz,24576 KB,10/29/22 09:23:21,cmap,1000000,16,29.103108,,/mnt/pmem0/pmemkv,29.103108,41.190032,59.686319,132.919501,150.234742,991.821289,1024,,26.956909,1187075.750000,0.000000,32
deleteseq_threads_3.csv
id,Benchmark,CPU,CPU model,CPUCache,Date:,Engine,Entries,Keys [bytes each],Median [micros/op],Open [millis/op],Path,Percentilie P50.000000 [micros/op],Percentilie P75.000000 [micros/op],Percentilie P90.000000 [micros/op],Percentilie P99.900000 [micros/op],Percentilie P99.990000 [micros/op],RawSize [MB (estimated)],Values [bytes each],extra_data,micros/op (avarage),ops/sec,throughput [MB/s],Threads
2,deleteseq,64,Intel(R) Xeon(R) Gold 6326 CPU @ 2.90GHz,24576 KB,10/29/22 09:24:06,cmap,1000000,16,22.807437,,/mnt/pmem0/pmemkv,22.807437,24.211155,25.478857,34.788835,82.903226,991.821289,1024,,22.655769,44138.867188,0.000000,1
2,deleteseq,64,Intel(R) Xeon(R) Gold 6326 CPU @ 2.90GHz,24576 KB,10/29/22 09:24:48,cmap,1000000,16,23.196892,,/mnt/pmem0/pmemkv,23.196892,24.795412,27.940362,35.483051,81.562500,991.821289,1024,,23.640200,84601.648438,0.000000,2
2,deleteseq,64,Intel(R) Xeon(R) Gold 6326 CPU @ 2.90GHz,24576 KB,10/29/22 09:25:31,cmap,1000000,16,23.224870,,/mnt/pmem0/pmemkv,23.224870,24.837442,28.012599,35.015635,84.455446,991.821289,1024,,23.587030,169584.687500,0.000000,4
2,deleteseq,64,Intel(R) Xeon(R) Gold 6326 CPU @ 2.90GHz,24576 KB,10/29/22 09:26:14,cmap,1000000,16,26.444697,,/mnt/pmem0/pmemkv,26.444697,29.892638,33.713727,46.365279,83.206107,991.821289,1024,,24.325382,328874.343750,0.000000,8
2,deleteseq,64,Intel(R) Xeon(R) Gold 6326 CPU @ 2.90GHz,24576 KB,10/29/22 09:26:59,cmap,1000000,16,28.897483,,/mnt/pmem0/pmemkv,28.897483,37.222089,46.384994,77.450663,92.302260,991.821289,1024,,25.194019,635070.937500,0.000000,16
2,deleteseq,64,Intel(R) Xeon(R) Gold 6326 CPU @ 2.90GHz,24576 KB,10/29/22 09:27:52,cmap,1000000,16,29.773570,,/mnt/pmem0/pmemkv,29.773570,41.944465,60.999853,134.822997,153.864134,991.821289,1024,,27.518965,1162832.500000,0.000000,32
