id,Benchmark,CPU,CPU model,CPUCache,Date:,Engine,Entries,Keys [bytes each],Median [micros/op],Open [millis/op],Path,Percentilie P50.000000 [micros/op],Percentilie P75.000000 [micros/op],Percentilie P90.000000 [micros/op],Percentilie P99.900000 [micros/op],Percentilie P99.990000 [micros/op],RawSize [MB (estimated)],Values [bytes each],extra_data,micros/op (avarage),ops/sec,throughput [MB/s],Threads
2,deleterandom,64,Intel(R) Xeon(R) Gold 6326 CPU @ 2.90GHz,24576 KB,10/29/22 09:34:09,cmap,1000000,16,21.420682,,/mnt/pmem0/pmemkv,21.420682,24.122350,27.297267,36.317144,91.430214,991.821289,1024,,15.799458,63294.186198,0.000000,1
2,deleterandom,64,Intel(R) Xeon(R) Gold 6326 CPU @ 2.90GHz,24576 KB,10/29/22 09:34:44,cmap,1000000,16,2.733208,,/mnt/pmem0/pmemkv,2.733208,22.679322,24.884110,34.906772,91.075076,991.821289,1024,,10.989811,181880.906250,0.000000,2
2,deleterandom,64,Intel(R) Xeon(R) Gold 6326 CPU @ 2.90GHz,24576 KB,10/29/22 09:35:14,cmap,1000000,16,1.632446,,/mnt/pmem0/pmemkv,1.632446,3.869524,23.727676,34.627343,88.703407,991.821289,1024,,6.485195,616425.250000,0.000000,4
2,deleterandom,64,Intel(R) Xeon(R) Gold 6326 CPU @ 2.90GHz,24576 KB,10/29/22 09:35:40,cmap,1000000,16,1.307539,,/mnt/pmem0/pmemkv,1.307539,1.842124,21.327736,34.039549,79.688573,991.821289,1024,,3.581285,2232027.083333,0.000000,8
2,deleterandom,64,Intel(R) Xeon(R) Gold 6326 CPU @ 2.90GHz,24576 KB,10/29/22 09:36:04,cmap,1000000,16,1.154582,,/mnt/pmem0/pmemkv,1.154582,1.673523,1.984887,33.374122,59.182932,991.821289,1024,,2.076941,7672370.833333,0.000000,16
2,deleterandom,64,Intel(R) Xeon(R) Gold 6326 CPU @ 2.90GHz,24576 KB,10/29/22 09:36:33,cmap,1000000,16,1.362788,,/mnt/pmem0/pmemkv,1.362788,1.733561,1.956026,49.216748,61.528779,991.821289,1024,,2.019909,15698723.666667,0.000000,32
