Threads: 1
***** SPP runtime statistics *****
__spp_extract_tagval_cnt		: 5283942755 
__spp_is_pm_ptr_cnt			: 5671621025 
__spp_vol_ptr_check_cnt			: 381587951 
__spp_cleantag_cnt			: 5291942756 
USELESS__spp_cleantag_cnt		: 2000001 
__spp_cleantag_external_cnt		: 62791926 
USELESS__spp_cleantag_external_cnt	: 37812897 
__spp_checkbound_cnt			: 2420574035 
USELESS__spp_checkbound_cnt		: 282854393 
__spp_updatetag_cnt			: 2292960337 
USELESS__spp_updatetag_cnt		: 176360233 
__spp_memintr_check_and_clean_cnt	: 1089290173 

***** SPP direct runtime statistics *****
__spp_cleantag_cnt_direct		: 5283942755 
__spp_cleantag_external_cnt_direct	: 24888710 
__spp_checkbound_cnt_direct		: 0 
__spp_updatetag_cnt_direct		: 0 
__spp_memintr_check_and_clean_cnt_direct: 0 

Threads: 2
***** SPP runtime statistics *****
__spp_extract_tagval_cnt		: 5307057048 
__spp_is_pm_ptr_cnt			: 5717053074 
__spp_vol_ptr_check_cnt			: 437856099 
__spp_cleantag_cnt			: 5316990054 
USELESS__spp_cleantag_cnt		: 3999998 
__spp_cleantag_external_cnt		: 68001957 
USELESS__spp_cleantag_external_cnt	: 41545806 
__spp_checkbound_cnt			: 2457576041 
USELESS__spp_checkbound_cnt		: 329261363 
__spp_updatetag_cnt			: 2319621777 
USELESS__spp_updatetag_cnt		: 211236738 
__spp_memintr_check_and_clean_cnt	: 1095471612 

***** SPP direct runtime statistics *****
__spp_cleantag_cnt_direct		: 5307068053 
__spp_cleantag_external_cnt_direct	: 26769397 
__spp_checkbound_cnt_direct		: 0 
__spp_updatetag_cnt_direct		: 0 
__spp_memintr_check_and_clean_cnt_direct: 0 

Threads: 4
***** SPP runtime statistics *****
__spp_extract_tagval_cnt		: 5310703596 
__spp_is_pm_ptr_cnt			: 5702155781 
__spp_vol_ptr_check_cnt			: 554118070 
__spp_cleantag_cnt			: 5319890757 
USELESS__spp_cleantag_cnt		: 7999782 
__spp_cleantag_external_cnt		: 79786569 
USELESS__spp_cleantag_external_cnt	: 50136306 
__spp_checkbound_cnt			: 2448600712 
USELESS__spp_checkbound_cnt		: 413066095 
__spp_updatetag_cnt			: 2310567388 
USELESS__spp_updatetag_cnt		: 277497097 
__spp_memintr_check_and_clean_cnt	: 1094797468 

***** SPP direct runtime statistics *****
__spp_cleantag_cnt_direct		: 5310783102 
__spp_cleantag_external_cnt_direct	: 30565247 
__spp_checkbound_cnt_direct		: 0 
__spp_updatetag_cnt_direct		: 0 
__spp_memintr_check_and_clean_cnt_direct: 0 

Threads: 8
***** SPP runtime statistics *****
__spp_extract_tagval_cnt		: 5309071964 
__spp_is_pm_ptr_cnt			: 5697303617 
__spp_vol_ptr_check_cnt			: 771226922 
__spp_cleantag_cnt			: 5318229571 
USELESS__spp_cleantag_cnt		: 15999277 
__spp_cleantag_external_cnt		: 102889013 
USELESS__spp_cleantag_external_cnt	: 66842568 
__spp_checkbound_cnt			: 2451043161 
USELESS__spp_checkbound_cnt		: 574979714 
__spp_updatetag_cnt			: 2310229834 
USELESS__spp_updatetag_cnt		: 404624370 
__spp_memintr_check_and_clean_cnt	: 1094372644 

***** SPP direct runtime statistics *****
__spp_cleantag_cnt_direct		: 5309177221 
__spp_cleantag_external_cnt_direct	: 37920919 
__spp_checkbound_cnt_direct		: 0 
__spp_updatetag_cnt_direct		: 0 
__spp_memintr_check_and_clean_cnt_direct: 0 

Threads: 16
***** SPP runtime statistics *****
__spp_extract_tagval_cnt		: 5318833290 
__spp_is_pm_ptr_cnt			: 5718741001 
__spp_vol_ptr_check_cnt			: 1181090863 
__spp_cleantag_cnt			: 5328878543 
USELESS__spp_cleantag_cnt		: 31948215 
__spp_cleantag_external_cnt		: 147746272 
USELESS__spp_cleantag_external_cnt	: 99410361 
__spp_checkbound_cnt			: 2486579234 
USELESS__spp_checkbound_cnt		: 879138603 
__spp_updatetag_cnt			: 2330818019 
USELESS__spp_updatetag_cnt		: 646860524 
__spp_memintr_check_and_clean_cnt	: 1099476824 

***** SPP direct runtime statistics *****
__spp_cleantag_cnt_direct		: 5319256306 
__spp_cleantag_external_cnt_direct	: 52450330 
__spp_checkbound_cnt_direct		: 0 
__spp_updatetag_cnt_direct		: 0 
__spp_memintr_check_and_clean_cnt_direct: 0 

Threads: 32
***** SPP runtime statistics *****
__spp_extract_tagval_cnt		: 5343832769 
__spp_is_pm_ptr_cnt			: 5752984116 
__spp_vol_ptr_check_cnt			: 1872695291 
__spp_cleantag_cnt			: 5355432542 
USELESS__spp_cleantag_cnt		: 62897556 
__spp_cleantag_external_cnt		: 232616252 
USELESS__spp_cleantag_external_cnt	: 161023718 
__spp_checkbound_cnt			: 2565679044 
USELESS__spp_checkbound_cnt		: 1392425730 
__spp_updatetag_cnt			: 2376593077 
USELESS__spp_updatetag_cnt		: 1057350949 
__spp_memintr_check_and_clean_cnt	: 1114375084 

***** SPP direct runtime statistics *****
__spp_cleantag_cnt_direct		: 5344913618 
__spp_cleantag_external_cnt_direct	: 80467084 
__spp_checkbound_cnt_direct		: 0 
__spp_updatetag_cnt_direct		: 0 
__spp_memintr_check_and_clean_cnt_direct: 0 

