Threads: 1
***** SPP runtime statistics *****
__spp_extract_tagval_cnt		: 3350631959 
__spp_is_pm_ptr_cnt			: 3635785626 
__spp_vol_ptr_check_cnt			: 280549320 
__spp_cleantag_cnt			: 3357157808 
USELESS__spp_cleantag_cnt		: 2000001 
__spp_cleantag_external_cnt		: 42660201 
USELESS__spp_cleantag_external_cnt	: 25913301 
__spp_checkbound_cnt			: 1567287768 
USELESS__spp_checkbound_cnt		: 209389434 
__spp_updatetag_cnt			: 1476770692 
USELESS__spp_updatetag_cnt		: 133542925 
__spp_memintr_check_and_clean_cnt	: 691698961 

***** SPP direct runtime statistics *****
__spp_cleantag_cnt_direct		: 3350631959 
__spp_cleantag_external_cnt_direct	: 16668401 
__spp_checkbound_cnt_direct		: 0 
__spp_updatetag_cnt_direct		: 0 
__spp_memintr_check_and_clean_cnt_direct: 0 

Threads: 2
***** SPP runtime statistics *****
__spp_extract_tagval_cnt		: 2910111185 
__spp_is_pm_ptr_cnt			: 2983996987 
__spp_vol_ptr_check_cnt			: 401261082 
__spp_cleantag_cnt			: 2913166147 
USELESS__spp_cleantag_cnt		: 3977433 
__spp_cleantag_external_cnt		: 59356866 
USELESS__spp_cleantag_external_cnt	: 36935141 
__spp_checkbound_cnt			: 1252898725 
USELESS__spp_checkbound_cnt		: 300487401 
__spp_updatetag_cnt			: 1218944109 
USELESS__spp_updatetag_cnt		: 199637685 
__spp_memintr_check_and_clean_cnt	: 594065616 

***** SPP direct runtime statistics *****
__spp_cleantag_cnt_direct		: 2910900381 
__spp_cleantag_external_cnt_direct	: 23372365 
__spp_checkbound_cnt_direct		: 0 
__spp_updatetag_cnt_direct		: 0 
__spp_memintr_check_and_clean_cnt_direct: 0 

Threads: 4
***** SPP runtime statistics *****
__spp_extract_tagval_cnt		: 1539423021 
__spp_is_pm_ptr_cnt			: 1534604570 
__spp_vol_ptr_check_cnt			: 484524441 
__spp_cleantag_cnt			: 1539769809 
USELESS__spp_cleantag_cnt		: 7642730 
__spp_cleantag_external_cnt		: 72816102 
USELESS__spp_cleantag_external_cnt	: 46647562 
__spp_checkbound_cnt			: 624609531 
USELESS__spp_checkbound_cnt		: 361377253 
__spp_updatetag_cnt			: 619496390 
USELESS__spp_updatetag_cnt		: 251605317 
__spp_memintr_check_and_clean_cnt	: 308588723 

***** SPP direct runtime statistics *****
__spp_cleantag_cnt_direct		: 1539509876 
__spp_cleantag_external_cnt_direct	: 28846988 
__spp_checkbound_cnt_direct		: 0 
__spp_updatetag_cnt_direct		: 0 
__spp_memintr_check_and_clean_cnt_direct: 0 

Threads: 8
***** SPP runtime statistics *****
__spp_extract_tagval_cnt		: 848549345 
__spp_is_pm_ptr_cnt			: 859674222 
__spp_vol_ptr_check_cnt			: 410788948 
__spp_cleantag_cnt			: 849349012 
USELESS__spp_cleantag_cnt		: 12904473 
__spp_cleantag_external_cnt		: 75429950 
USELESS__spp_cleantag_external_cnt	: 50433532 
__spp_checkbound_cnt			: 363658451 
USELESS__spp_checkbound_cnt		: 300983673 
__spp_updatetag_cnt			: 354267897 
USELESS__spp_updatetag_cnt		: 219405218 
__spp_memintr_check_and_clean_cnt	: 175224585 

***** SPP direct runtime statistics *****
__spp_cleantag_cnt_direct		: 848636833 
__spp_cleantag_external_cnt_direct	: 32147685 
__spp_checkbound_cnt_direct		: 0 
__spp_updatetag_cnt_direct		: 0 
__spp_memintr_check_and_clean_cnt_direct: 0 

Threads: 16
***** SPP runtime statistics *****
__spp_extract_tagval_cnt		: 485343847 
__spp_is_pm_ptr_cnt			: 505397401 
__spp_vol_ptr_check_cnt			: 327206698 
__spp_cleantag_cnt			: 485241209 
USELESS__spp_cleantag_cnt		: 20386094 
__spp_cleantag_external_cnt		: 76377928 
USELESS__spp_cleantag_external_cnt	: 52802911 
__spp_checkbound_cnt			: 266127141 
USELESS__spp_checkbound_cnt		: 237515682 
__spp_updatetag_cnt			: 240283391 
USELESS__spp_updatetag_cnt		: 182739716 
__spp_memintr_check_and_clean_cnt	: 131763650 

***** SPP direct runtime statistics *****
__spp_cleantag_cnt_direct		: 483700222 
__spp_cleantag_external_cnt_direct	: 36228104 
__spp_checkbound_cnt_direct		: 0 
__spp_updatetag_cnt_direct		: 0 
__spp_memintr_check_and_clean_cnt_direct: 0 

Threads: 32
***** SPP runtime statistics *****
__spp_extract_tagval_cnt		: 363652197 
__spp_is_pm_ptr_cnt			: 387106200 
__spp_vol_ptr_check_cnt			: 310958128 
__spp_cleantag_cnt			: 370876772 
USELESS__spp_cleantag_cnt		: 39305175 
__spp_cleantag_external_cnt		: 126557827 
USELESS__spp_cleantag_external_cnt	: 88230116 
__spp_checkbound_cnt			: 271713742 
USELESS__spp_checkbound_cnt		: 243835084 
__spp_updatetag_cnt			: 260462964 
USELESS__spp_updatetag_cnt		: 206257750 
__spp_memintr_check_and_clean_cnt	: 199463338 

***** SPP direct runtime statistics *****
__spp_cleantag_cnt_direct		: 357989783 
__spp_cleantag_external_cnt_direct	: 58427496 
__spp_checkbound_cnt_direct		: 0 
__spp_updatetag_cnt_direct		: 0 
__spp_memintr_check_and_clean_cnt_direct: 0 

