readrandomwriterandom_threads_1.csv
id,Benchmark,CPU,CPU model,CPUCache,Date:,Engine,Entries,Keys [bytes each],Median [micros/op],Open [millis/op],Path,Percentilie P50.000000 [micros/op],Percentilie P75.000000 [micros/op],Percentilie P90.000000 [micros/op],Percentilie P99.900000 [micros/op],Percentilie P99.990000 [micros/op],RawSize [MB (estimated)],Values [bytes each],extra_data,micros/op (avarage),ops/sec,throughput [MB/s],Threads
2,readrandomwriterandom,64,Intel(R) Xeon(R) Gold 6326 CPU @ 2.90GHz,24576 KB,10/29/22 00:49:46,cmap,1000000,16,9.792138,,/mnt/pmem0/pmemkv,9.792138,11.630006,13.061007,24.609562,2245.986535,991.821289,1024,(reads:5000000 writes:5000000 total:10000000 found:5000000),7.814478,127967.593750,126.920982,1
2,readrandomwriterandom,64,Intel(R) Xeon(R) Gold 6326 CPU @ 2.90GHz,24576 KB,10/29/22 00:51:29,cmap,1000000,16,10.057218,,/mnt/pmem0/pmemkv,10.057218,13.035275,13.865101,24.388946,2744.334462,991.821289,1024,(reads:5000000 writes:5000000 total:10000000 found:5000000),8.535755,233714.390625,231.802902,2
2,readrandomwriterandom,64,Intel(R) Xeon(R) Gold 6326 CPU @ 2.90GHz,24576 KB,10/29/22 00:53:19,cmap,1000000,16,10.065734,,/mnt/pmem0/pmemkv,10.065734,13.285071,14.457778,24.124190,2742.359214,991.821289,1024,(reads:5000000 writes:5000000 total:10000000 found:5000000),8.768747,450803.593750,447.116608,4
2,readrandomwriterandom,64,Intel(R) Xeon(R) Gold 6326 CPU @ 2.90GHz,24576 KB,10/29/22 00:55:14,cmap,1000000,16,10.041717,,/mnt/pmem0/pmemkv,10.041717,13.346412,14.627071,31.420816,2741.312114,991.821289,1024,(reads:5000000 writes:5000000 total:10000000 found:5000000),8.921911,879170.437500,871.979980,8
2,readrandomwriterandom,64,Intel(R) Xeon(R) Gold 6326 CPU @ 2.90GHz,24576 KB,10/29/22 00:57:11,cmap,1000000,16,10.077096,,/mnt/pmem0/pmemkv,10.077096,13.642528,15.171302,68.712143,2752.566630,991.821289,1024,(reads:5000000 writes:5000000 total:10000000 found:5000000),9.469715,1683039.625000,1669.274536,16
2,readrandomwriterandom,64,Intel(R) Xeon(R) Gold 6326 CPU @ 2.90GHz,24576 KB,10/29/22 00:59:23,cmap,1000000,16,14.409237,,/mnt/pmem0/pmemkv,14.409237,21.731666,24.022705,74.109865,4764.800231,991.821289,1024,(reads:5000000 writes:5000000 total:10000000 found:5000000),14.727396,2153763.750000,2136.148682,32
readrandomwriterandom_threads_2.csv
id,Benchmark,CPU,CPU model,CPUCache,Date:,Engine,Entries,Keys [bytes each],Median [micros/op],Open [millis/op],Path,Percentilie P50.000000 [micros/op],Percentilie P75.000000 [micros/op],Percentilie P90.000000 [micros/op],Percentilie P99.900000 [micros/op],Percentilie P99.990000 [micros/op],RawSize [MB (estimated)],Values [bytes each],extra_data,micros/op (avarage),ops/sec,throughput [MB/s],Threads
2,readrandomwriterandom,64,Intel(R) Xeon(R) Gold 6326 CPU @ 2.90GHz,24576 KB,10/29/22 01:02:13,cmap,1000000,16,9.981491,,/mnt/pmem0/pmemkv,9.981491,11.702065,13.131277,24.779006,2247.398543,991.821289,1024,(reads:5000000 writes:5000000 total:10000000 found:5000000),7.847850,127423.429688,126.381264,1
2,readrandomwriterandom,64,Intel(R) Xeon(R) Gold 6326 CPU @ 2.90GHz,24576 KB,10/29/22 01:03:56,cmap,1000000,16,10.088898,,/mnt/pmem0/pmemkv,10.088898,13.176270,14.064346,24.379852,2744.395203,991.821289,1024,(reads:5000000 writes:5000000 total:10000000 found:5000000),8.651258,228033.812500,226.168793,2
2,readrandomwriterandom,64,Intel(R) Xeon(R) Gold 6326 CPU @ 2.90GHz,24576 KB,10/29/22 01:05:49,cmap,1000000,16,10.055389,,/mnt/pmem0/pmemkv,10.055389,13.242335,14.332814,23.946527,2742.067620,991.821289,1024,(reads:5000000 writes:5000000 total:10000000 found:5000000),8.729815,438598.375000,435.011200,4
2,readrandomwriterandom,64,Intel(R) Xeon(R) Gold 6326 CPU @ 2.90GHz,24576 KB,10/29/22 01:07:46,cmap,1000000,16,10.026709,,/mnt/pmem0/pmemkv,10.026709,13.237101,14.343346,60.311983,2741.163093,991.821289,1024,(reads:5000000 writes:5000000 total:10000000 found:5000000),8.868381,865261.875000,858.185120,8
2,readrandomwriterandom,64,Intel(R) Xeon(R) Gold 6326 CPU @ 2.90GHz,24576 KB,10/29/22 01:09:44,cmap,1000000,16,10.076814,,/mnt/pmem0/pmemkv,10.076814,13.643082,15.171917,68.624315,2750.818124,991.821289,1024,(reads:5000000 writes:5000000 total:10000000 found:5000000),9.467168,1682136.250000,1668.378540,16
2,readrandomwriterandom,64,Intel(R) Xeon(R) Gold 6326 CPU @ 2.90GHz,24576 KB,10/29/22 01:11:56,cmap,1000000,16,13.986433,,/mnt/pmem0/pmemkv,13.986433,21.700521,24.016850,73.962725,4756.562369,991.821289,1024,(reads:5000000 writes:5000000 total:10000000 found:5000000),14.716825,2151415.500000,2133.819824,32
readrandomwriterandom_threads_3.csv
id,Benchmark,CPU,CPU model,CPUCache,Date:,Engine,Entries,Keys [bytes each],Median [micros/op],Open [millis/op],Path,Percentilie P50.000000 [micros/op],Percentilie P75.000000 [micros/op],Percentilie P90.000000 [micros/op],Percentilie P99.900000 [micros/op],Percentilie P99.990000 [micros/op],RawSize [MB (estimated)],Values [bytes each],extra_data,micros/op (avarage),ops/sec,throughput [MB/s],Threads
2,readrandomwriterandom,64,Intel(R) Xeon(R) Gold 6326 CPU @ 2.90GHz,24576 KB,10/29/22 01:14:47,cmap,1000000,16,10.003106,,/mnt/pmem0/pmemkv,10.003106,11.729868,13.152727,24.628869,2246.749870,991.821289,1024,(reads:5000000 writes:5000000 total:10000000 found:5000000),7.849676,127393.796875,126.351883,1
2,readrandomwriterandom,64,Intel(R) Xeon(R) Gold 6326 CPU @ 2.90GHz,24576 KB,10/29/22 01:16:30,cmap,1000000,16,10.059489,,/mnt/pmem0/pmemkv,10.059489,13.045896,13.872899,24.332807,2744.401042,991.821289,1024,(reads:5000000 writes:5000000 total:10000000 found:5000000),8.545401,233693.796875,231.782486,2
2,readrandomwriterandom,64,Intel(R) Xeon(R) Gold 6326 CPU @ 2.90GHz,24576 KB,10/29/22 01:18:21,cmap,1000000,16,10.037165,,/mnt/pmem0/pmemkv,10.037165,13.113907,13.950292,25.051396,2741.981561,991.821289,1024,(reads:5000000 writes:5000000 total:10000000 found:5000000),8.642294,449322.906250,445.648010,4
2,readrandomwriterandom,64,Intel(R) Xeon(R) Gold 6326 CPU @ 2.90GHz,24576 KB,10/29/22 01:20:15,cmap,1000000,16,10.066270,,/mnt/pmem0/pmemkv,10.066270,13.439606,14.812041,60.309522,2741.178764,991.821289,1024,(reads:5000000 writes:5000000 total:10000000 found:5000000),9.004604,874362.375000,867.211182,8
2,readrandomwriterandom,64,Intel(R) Xeon(R) Gold 6326 CPU @ 2.90GHz,24576 KB,10/29/22 01:22:13,cmap,1000000,16,10.242349,,/mnt/pmem0/pmemkv,10.242349,14.124732,15.506218,60.189008,2747.871239,991.821289,1024,(reads:5000000 writes:5000000 total:10000000 found:5000000),9.586929,1654910.125000,1641.375122,16
2,readrandomwriterandom,64,Intel(R) Xeon(R) Gold 6326 CPU @ 2.90GHz,24576 KB,10/29/22 01:24:27,cmap,1000000,16,14.690653,,/mnt/pmem0/pmemkv,14.690653,21.990159,24.193049,73.626201,4754.646325,991.821289,1024,(reads:5000000 writes:5000000 total:10000000 found:5000000),14.890078,2126725.250000,2109.331299,32
