id,Benchmark,CPU,CPU model,CPUCache,Date:,Engine,Entries,Keys [bytes each],Median [micros/op],Open [millis/op],Path,Percentilie P50.000000 [micros/op],Percentilie P75.000000 [micros/op],Percentilie P90.000000 [micros/op],Percentilie P99.900000 [micros/op],Percentilie P99.990000 [micros/op],RawSize [MB (estimated)],Values [bytes each],extra_data,micros/op (avarage),ops/sec,throughput [MB/s],Threads
2,readrandomwriterandom,64,Intel(R) Xeon(R) Gold 6326 CPU @ 2.90GHz,24576 KB,10/29/22 01:14:47,cmap,1000000,16,9.925578,,/mnt/pmem0/pmemkv,9.925578,11.687313,13.115004,24.672479,2246.711649,991.821289,1024,(reads:5000000 writes:5000000 total:10000000 found:5000000),7.837335,127594.940104,126.551376,1
2,readrandomwriterandom,64,Intel(R) Xeon(R) Gold 6326 CPU @ 2.90GHz,24576 KB,10/29/22 01:16:30,cmap,1000000,16,10.068535,,/mnt/pmem0/pmemkv,10.068535,13.085814,13.934115,24.367202,2744.376902,991.821289,1024,(reads:5000000 writes:5000000 total:10000000 found:5000000),8.577471,231814.000000,229.918060,2
2,readrandomwriterandom,64,Intel(R) Xeon(R) Gold 6326 CPU @ 2.90GHz,24576 KB,10/29/22 01:18:21,cmap,1000000,16,10.052763,,/mnt/pmem0/pmemkv,10.052763,13.213771,14.246961,24.374038,2742.136132,991.821289,1024,(reads:5000000 writes:5000000 total:10000000 found:5000000),8.713619,446241.625000,442.591939,4
2,readrandomwriterandom,64,Intel(R) Xeon(R) Gold 6326 CPU @ 2.90GHz,24576 KB,10/29/22 01:20:15,cmap,1000000,16,10.044899,,/mnt/pmem0/pmemkv,10.044899,13.341040,14.594153,50.680774,2741.217990,991.821289,1024,(reads:5000000 writes:5000000 total:10000000 found:5000000),8.931632,872931.562500,865.792094,8
2,readrandomwriterandom,64,Intel(R) Xeon(R) Gold 6326 CPU @ 2.90GHz,24576 KB,10/29/22 01:22:13,cmap,1000000,16,10.132086,,/mnt/pmem0/pmemkv,10.132086,13.803447,15.283146,65.841822,2750.418664,991.821289,1024,(reads:5000000 writes:5000000 total:10000000 found:5000000),9.507937,1673362.000000,1659.676066,16
2,readrandomwriterandom,64,Intel(R) Xeon(R) Gold 6326 CPU @ 2.90GHz,24576 KB,10/29/22 01:24:27,cmap,1000000,16,14.362108,,/mnt/pmem0/pmemkv,14.362108,21.807449,24.077535,73.899597,4758.669642,991.821289,1024,(reads:5000000 writes:5000000 total:10000000 found:5000000),14.778100,2143968.166667,2126.433268,32
