readrandomwriterandom_threads_1.csv
id,Benchmark,CPU,CPU model,CPUCache,Date:,Engine,Entries,Keys [bytes each],Median [micros/op],Open [millis/op],Path,Percentilie P50.000000 [micros/op],Percentilie P75.000000 [micros/op],Percentilie P90.000000 [micros/op],Percentilie P99.900000 [micros/op],Percentilie P99.990000 [micros/op],RawSize [MB (estimated)],Values [bytes each],extra_data,micros/op (avarage),ops/sec,throughput [MB/s],Threads
2,readrandomwriterandom,64,Intel(R) Xeon(R) Gold 6326 CPU @ 2.90GHz,24576 KB,10/28/22 22:24:35,cmap,1000000,16,4.053678,,/mnt/pmem0/pmemkv,4.053678,5.074834,5.773803,11.128758,15.848485,991.821289,1024,(reads:5000000 writes:5000000 total:10000000 found:5000000),3.442395,290495.437500,288.119568,1
2,readrandomwriterandom,64,Intel(R) Xeon(R) Gold 6326 CPU @ 2.90GHz,24576 KB,10/28/22 22:25:19,cmap,1000000,16,4.079163,,/mnt/pmem0/pmemkv,4.079163,5.199689,5.853586,10.228276,68.597194,991.821289,1024,(reads:5000000 writes:5000000 total:10000000 found:5000000),3.510355,568847.375000,564.194946,2
2,readrandomwriterandom,64,Intel(R) Xeon(R) Gold 6326 CPU @ 2.90GHz,24576 KB,10/28/22 22:26:04,cmap,1000000,16,4.190241,,/mnt/pmem0/pmemkv,4.190241,5.419442,6.095569,10.133802,75.275613,991.821289,1024,(reads:5000000 writes:5000000 total:10000000 found:5000000),3.700943,1076744.125000,1067.937744,4
2,readrandomwriterandom,64,Intel(R) Xeon(R) Gold 6326 CPU @ 2.90GHz,24576 KB,10/28/22 22:26:51,cmap,1000000,16,4.609779,,/mnt/pmem0/pmemkv,4.609779,5.848982,6.789781,13.739756,78.731534,991.821289,1024,(reads:5000000 writes:5000000 total:10000000 found:5000000),4.148171,1920137.500000,1904.433228,8
2,readrandomwriterandom,64,Intel(R) Xeon(R) Gold 6326 CPU @ 2.90GHz,24576 KB,10/28/22 22:27:43,cmap,1000000,16,5.730846,,/mnt/pmem0/pmemkv,5.730846,8.523688,11.566592,69.321377,88.035585,991.821289,1024,(reads:5000000 writes:5000000 total:10000000 found:5000000),6.172110,2535329.750000,2514.593994,16
2,readrandomwriterandom,64,Intel(R) Xeon(R) Gold 6326 CPU @ 2.90GHz,24576 KB,10/28/22 22:29:01,cmap,1000000,16,8.618695,,/mnt/pmem0/pmemkv,8.618695,19.745510,28.070303,78.597057,97.687192,991.821289,1024,(reads:5000000 writes:5000000 total:10000000 found:5000000),12.596025,2404909.750000,2385.240723,32
readrandomwriterandom_threads_2.csv
id,Benchmark,CPU,CPU model,CPUCache,Date:,Engine,Entries,Keys [bytes each],Median [micros/op],Open [millis/op],Path,Percentilie P50.000000 [micros/op],Percentilie P75.000000 [micros/op],Percentilie P90.000000 [micros/op],Percentilie P99.900000 [micros/op],Percentilie P99.990000 [micros/op],RawSize [MB (estimated)],Values [bytes each],extra_data,micros/op (avarage),ops/sec,throughput [MB/s],Threads
2,readrandomwriterandom,64,Intel(R) Xeon(R) Gold 6326 CPU @ 2.90GHz,24576 KB,10/28/22 22:31:22,cmap,1000000,16,4.046299,,/mnt/pmem0/pmemkv,4.046299,5.036048,5.753116,11.120497,15.909959,991.821289,1024,(reads:5000000 writes:5000000 total:10000000 found:5000000),3.425049,291966.593750,289.578674,1
2,readrandomwriterandom,64,Intel(R) Xeon(R) Gold 6326 CPU @ 2.90GHz,24576 KB,10/28/22 22:32:05,cmap,1000000,16,4.079545,,/mnt/pmem0/pmemkv,4.079545,5.202653,5.855609,10.194224,68.432203,991.821289,1024,(reads:5000000 writes:5000000 total:10000000 found:5000000),3.512177,567538.000000,562.896240,2
2,readrandomwriterandom,64,Intel(R) Xeon(R) Gold 6326 CPU @ 2.90GHz,24576 KB,10/28/22 22:32:50,cmap,1000000,16,4.186399,,/mnt/pmem0/pmemkv,4.186399,5.404166,6.071023,10.125622,75.144874,991.821289,1024,(reads:5000000 writes:5000000 total:10000000 found:5000000),3.694301,1079059.875000,1070.234619,4
2,readrandomwriterandom,64,Intel(R) Xeon(R) Gold 6326 CPU @ 2.90GHz,24576 KB,10/28/22 22:33:37,cmap,1000000,16,4.607477,,/mnt/pmem0/pmemkv,4.607477,5.848139,6.786944,13.717508,78.779196,991.821289,1024,(reads:5000000 writes:5000000 total:10000000 found:5000000),4.145089,1924912.375000,1909.169067,8
2,readrandomwriterandom,64,Intel(R) Xeon(R) Gold 6326 CPU @ 2.90GHz,24576 KB,10/28/22 22:34:29,cmap,1000000,16,5.763170,,/mnt/pmem0/pmemkv,5.763170,8.599990,11.682762,69.426411,88.079102,991.821289,1024,(reads:5000000 writes:5000000 total:10000000 found:5000000),6.227234,2512493.000000,2491.944092,16
2,readrandomwriterandom,64,Intel(R) Xeon(R) Gold 6326 CPU @ 2.90GHz,24576 KB,10/28/22 22:35:48,cmap,1000000,16,8.768652,,/mnt/pmem0/pmemkv,8.768652,19.800664,28.151857,79.023309,98.353067,991.821289,1024,(reads:5000000 writes:5000000 total:10000000 found:5000000),12.681062,2395650.250000,2376.056885,32
readrandomwriterandom_threads_3.csv
id,Benchmark,CPU,CPU model,CPUCache,Date:,Engine,Entries,Keys [bytes each],Median [micros/op],Open [millis/op],Path,Percentilie P50.000000 [micros/op],Percentilie P75.000000 [micros/op],Percentilie P90.000000 [micros/op],Percentilie P99.900000 [micros/op],Percentilie P99.990000 [micros/op],RawSize [MB (estimated)],Values [bytes each],extra_data,micros/op (avarage),ops/sec,throughput [MB/s],Threads
2,readrandomwriterandom,64,Intel(R) Xeon(R) Gold 6326 CPU @ 2.90GHz,24576 KB,10/28/22 22:38:09,cmap,1000000,16,4.046056,,/mnt/pmem0/pmemkv,4.046056,5.036461,5.754460,11.107568,15.947945,991.821289,1024,(reads:5000000 writes:5000000 total:10000000 found:5000000),3.426106,291876.531250,289.489349,1
2,readrandomwriterandom,64,Intel(R) Xeon(R) Gold 6326 CPU @ 2.90GHz,24576 KB,10/28/22 22:38:53,cmap,1000000,16,4.073002,,/mnt/pmem0/pmemkv,4.073002,5.169844,5.838389,10.177589,68.791423,991.821289,1024,(reads:5000000 writes:5000000 total:10000000 found:5000000),3.498734,571169.312500,566.497864,2
2,readrandomwriterandom,64,Intel(R) Xeon(R) Gold 6326 CPU @ 2.90GHz,24576 KB,10/28/22 22:39:38,cmap,1000000,16,4.175186,,/mnt/pmem0/pmemkv,4.175186,5.375868,6.020011,10.123246,75.268644,991.821289,1024,(reads:5000000 writes:5000000 total:10000000 found:5000000),3.679235,1082953.125000,1074.095947,4
2,readrandomwriterandom,64,Intel(R) Xeon(R) Gold 6326 CPU @ 2.90GHz,24576 KB,10/28/22 22:40:24,cmap,1000000,16,4.621942,,/mnt/pmem0/pmemkv,4.621942,5.861316,6.806526,13.828245,78.697523,991.821289,1024,(reads:5000000 writes:5000000 total:10000000 found:5000000),4.159271,1918679.875000,1902.987549,8
2,readrandomwriterandom,64,Intel(R) Xeon(R) Gold 6326 CPU @ 2.90GHz,24576 KB,10/28/22 22:41:17,cmap,1000000,16,5.722826,,/mnt/pmem0/pmemkv,5.722826,8.534382,11.614299,69.428763,88.140733,991.821289,1024,(reads:5000000 writes:5000000 total:10000000 found:5000000),6.189074,2528426.750000,2507.747559,16
2,readrandomwriterandom,64,Intel(R) Xeon(R) Gold 6326 CPU @ 2.90GHz,24576 KB,10/28/22 22:42:35,cmap,1000000,16,8.461845,,/mnt/pmem0/pmemkv,8.461845,19.579537,28.270442,78.682215,97.797675,991.821289,1024,(reads:5000000 writes:5000000 total:10000000 found:5000000),12.559616,2373616.750000,2354.203613,32
