id,Benchmark,CPU,CPU model,CPUCache,Date:,Engine,Entries,Keys [bytes each],Median [micros/op],Open [millis/op],Path,Percentilie P50.000000 [micros/op],Percentilie P75.000000 [micros/op],Percentilie P90.000000 [micros/op],Percentilie P99.900000 [micros/op],Percentilie P99.990000 [micros/op],RawSize [MB (estimated)],Values [bytes each],extra_data,micros/op (avarage),ops/sec,throughput [MB/s],Threads
2,readrandomwriterandom,64,Intel(R) Xeon(R) Gold 6326 CPU @ 2.90GHz,24576 KB,10/28/22 22:38:09,cmap,1000000,16,4.048678,,/mnt/pmem0/pmemkv,4.048678,5.049114,5.760460,11.118941,15.902130,991.821289,1024,(reads:5000000 writes:5000000 total:10000000 found:5000000),3.431183,291446.187500,289.062530,1
2,readrandomwriterandom,64,Intel(R) Xeon(R) Gold 6326 CPU @ 2.90GHz,24576 KB,10/28/22 22:38:53,cmap,1000000,16,4.077237,,/mnt/pmem0/pmemkv,4.077237,5.190729,5.849195,10.200030,68.606940,991.821289,1024,(reads:5000000 writes:5000000 total:10000000 found:5000000),3.507089,569184.895833,564.529683,2
2,readrandomwriterandom,64,Intel(R) Xeon(R) Gold 6326 CPU @ 2.90GHz,24576 KB,10/28/22 22:39:38,cmap,1000000,16,4.183942,,/mnt/pmem0/pmemkv,4.183942,5.399825,6.062201,10.127557,75.229710,991.821289,1024,(reads:5000000 writes:5000000 total:10000000 found:5000000),3.691493,1079585.708333,1070.756103,4
2,readrandomwriterandom,64,Intel(R) Xeon(R) Gold 6326 CPU @ 2.90GHz,24576 KB,10/28/22 22:40:24,cmap,1000000,16,4.613066,,/mnt/pmem0/pmemkv,4.613066,5.852812,6.794417,13.761836,78.736084,991.821289,1024,(reads:5000000 writes:5000000 total:10000000 found:5000000),4.150844,1921243.250000,1905.529948,8
2,readrandomwriterandom,64,Intel(R) Xeon(R) Gold 6326 CPU @ 2.90GHz,24576 KB,10/28/22 22:41:17,cmap,1000000,16,5.738947,,/mnt/pmem0/pmemkv,5.738947,8.552687,11.621218,69.392184,88.085140,991.821289,1024,(reads:5000000 writes:5000000 total:10000000 found:5000000),6.196139,2525416.500000,2504.761882,16
2,readrandomwriterandom,64,Intel(R) Xeon(R) Gold 6326 CPU @ 2.90GHz,24576 KB,10/28/22 22:42:35,cmap,1000000,16,8.616397,,/mnt/pmem0/pmemkv,8.616397,19.708570,28.164201,78.767527,97.945978,991.821289,1024,(reads:5000000 writes:5000000 total:10000000 found:5000000),12.612234,2391392.250000,2371.833740,32
