id,Benchmark,CPU,CPU model,CPUCache,Date:,Engine,Entries,Keys [bytes each],Median [micros/op],Open [millis/op],Path,Percentilie P50.000000 [micros/op],Percentilie P75.000000 [micros/op],Percentilie P90.000000 [micros/op],Percentilie P99.900000 [micros/op],Percentilie P99.990000 [micros/op],RawSize [MB (estimated)],Values [bytes each],extra_data,micros/op (avarage),ops/sec,throughput [MB/s],Threads
2,readrandomwriterandom,64,Intel(R) Xeon(R) Gold 6326 CPU @ 2.90GHz,24576 KB,10/29/22 12:34:56,cmap,1000000,16,12.640764,,/mnt/pmem0/pmemkv,12.640764,15.736393,17.255135,30.653227,2247.486849,991.821289,1024,(reads:5000000 writes:5000000 total:10000000 found:5000000),10.758824,92948.468750,92.188271,1
2,readrandomwriterandom,64,Intel(R) Xeon(R) Gold 6326 CPU @ 2.90GHz,24576 KB,10/29/22 12:37:22,cmap,1000000,16,14.034810,,/mnt/pmem0/pmemkv,14.034810,17.121796,18.347088,29.640987,2745.400126,991.821289,1024,(reads:5000000 writes:5000000 total:10000000 found:5000000),11.505607,173571.442708,172.151851,2
2,readrandomwriterandom,64,Intel(R) Xeon(R) Gold 6326 CPU @ 2.90GHz,24576 KB,10/29/22 12:39:56,cmap,1000000,16,14.015889,,/mnt/pmem0/pmemkv,14.015889,17.081343,18.280744,29.916391,2742.559053,991.821289,1024,(reads:5000000 writes:5000000 total:10000000 found:5000000),11.484836,343730.947917,340.919668,4
2,readrandomwriterandom,64,Intel(R) Xeon(R) Gold 6326 CPU @ 2.90GHz,24576 KB,10/29/22 12:42:32,cmap,1000000,16,14.010012,,/mnt/pmem0/pmemkv,14.010012,17.190069,18.552843,53.292223,2741.527262,991.821289,1024,(reads:5000000 writes:5000000 total:10000000 found:5000000),11.665065,682776.979167,677.192729,8
2,readrandomwriterandom,64,Intel(R) Xeon(R) Gold 6326 CPU @ 2.90GHz,24576 KB,10/29/22 12:45:10,cmap,1000000,16,14.010729,,/mnt/pmem0/pmemkv,14.010729,17.482529,19.113107,64.352755,2744.489637,991.821289,1024,(reads:5000000 writes:5000000 total:10000000 found:5000000),12.121403,1311975.875000,1301.245646,16
2,readrandomwriterandom,64,Intel(R) Xeon(R) Gold 6326 CPU @ 2.90GHz,24576 KB,10/29/22 12:48:06,cmap,1000000,16,17.174292,,/mnt/pmem0/pmemkv,17.174292,27.506435,29.524933,73.641268,4743.668391,991.821289,1024,(reads:5000000 writes:5000000 total:10000000 found:5000000),18.804226,1679450.166667,1665.714396,32
