readrandomwriterandom_threads_1.csv
id,Benchmark,CPU,CPU model,CPUCache,Date:,Engine,Entries,Keys [bytes each],Median [micros/op],Open [millis/op],Path,Percentilie P50.000000 [micros/op],Percentilie P75.000000 [micros/op],Percentilie P90.000000 [micros/op],Percentilie P99.900000 [micros/op],Percentilie P99.990000 [micros/op],RawSize [MB (estimated)],Values [bytes each],extra_data,micros/op (avarage),ops/sec,throughput [MB/s],Threads
2,readrandomwriterandom,64,Intel(R) Xeon(R) Gold 6326 CPU @ 2.90GHz,24576 KB,10/29/22 12:01:04,cmap,1000000,16,12.442597,,/mnt/pmem0/pmemkv,12.442597,15.645869,17.176207,30.522772,2246.753247,991.821289,1024,(reads:5000000 writes:5000000 total:10000000 found:5000000),10.708244,93385.992188,92.622215,1
2,readrandomwriterandom,64,Intel(R) Xeon(R) Gold 6326 CPU @ 2.90GHz,24576 KB,10/29/22 12:03:29,cmap,1000000,16,14.031693,,/mnt/pmem0/pmemkv,14.031693,17.110217,18.345949,29.986306,2748.541114,991.821289,1024,(reads:5000000 writes:5000000 total:10000000 found:5000000),11.510848,173273.671875,171.856522,2
2,readrandomwriterandom,64,Intel(R) Xeon(R) Gold 6326 CPU @ 2.90GHz,24576 KB,10/29/22 12:06:04,cmap,1000000,16,14.014432,,/mnt/pmem0/pmemkv,14.014432,17.039838,18.187838,29.930744,2742.457737,991.821289,1024,(reads:5000000 writes:5000000 total:10000000 found:5000000),11.458008,346823.000000,343.986450,4
2,readrandomwriterandom,64,Intel(R) Xeon(R) Gold 6326 CPU @ 2.90GHz,24576 KB,10/29/22 12:08:39,cmap,1000000,16,14.009577,,/mnt/pmem0/pmemkv,14.009577,17.168439,18.511815,53.332990,2741.560976,991.821289,1024,(reads:5000000 writes:5000000 total:10000000 found:5000000),11.660969,681986.437500,676.408630,8
2,readrandomwriterandom,64,Intel(R) Xeon(R) Gold 6326 CPU @ 2.90GHz,24576 KB,10/29/22 12:11:16,cmap,1000000,16,14.011920,,/mnt/pmem0/pmemkv,14.011920,17.505084,19.156128,64.345402,2747.466667,991.821289,1024,(reads:5000000 writes:5000000 total:10000000 found:5000000),12.158753,1306717.125000,1296.029907,16
2,readrandomwriterandom,64,Intel(R) Xeon(R) Gold 6326 CPU @ 2.90GHz,24576 KB,10/29/22 12:14:13,cmap,1000000,16,17.096227,,/mnt/pmem0/pmemkv,17.096227,27.568131,29.588536,73.555893,4743.617449,991.821289,1024,(reads:5000000 writes:5000000 total:10000000 found:5000000),18.863636,1671272.875000,1657.604004,32
readrandomwriterandom_threads_2.csv
id,Benchmark,CPU,CPU model,CPUCache,Date:,Engine,Entries,Keys [bytes each],Median [micros/op],Open [millis/op],Path,Percentilie P50.000000 [micros/op],Percentilie P75.000000 [micros/op],Percentilie P90.000000 [micros/op],Percentilie P99.900000 [micros/op],Percentilie P99.990000 [micros/op],RawSize [MB (estimated)],Values [bytes each],extra_data,micros/op (avarage),ops/sec,throughput [MB/s],Threads
2,readrandomwriterandom,64,Intel(R) Xeon(R) Gold 6326 CPU @ 2.90GHz,24576 KB,10/29/22 12:18:00,cmap,1000000,16,12.788156,,/mnt/pmem0/pmemkv,12.788156,15.810662,17.324358,30.743015,2246.756617,991.821289,1024,(reads:5000000 writes:5000000 total:10000000 found:5000000),10.814269,92470.414062,91.714127,1
2,readrandomwriterandom,64,Intel(R) Xeon(R) Gold 6326 CPU @ 2.90GHz,24576 KB,10/29/22 12:20:27,cmap,1000000,16,14.043899,,/mnt/pmem0/pmemkv,14.043899,17.219030,18.546004,29.552169,2743.956330,991.821289,1024,(reads:5000000 writes:5000000 total:10000000 found:5000000),11.562753,172908.859375,171.494690,2
2,readrandomwriterandom,64,Intel(R) Xeon(R) Gold 6326 CPU @ 2.90GHz,24576 KB,10/29/22 12:23:02,cmap,1000000,16,14.015783,,/mnt/pmem0/pmemkv,14.015783,17.086000,18.295062,29.870206,2742.576192,991.821289,1024,(reads:5000000 writes:5000000 total:10000000 found:5000000),11.478796,344212.906250,341.397675,4
2,readrandomwriterandom,64,Intel(R) Xeon(R) Gold 6326 CPU @ 2.90GHz,24576 KB,10/29/22 12:25:37,cmap,1000000,16,14.009656,,/mnt/pmem0/pmemkv,14.009656,17.186015,18.547904,53.527330,2741.467854,991.821289,1024,(reads:5000000 writes:5000000 total:10000000 found:5000000),11.668569,683408.062500,677.818665,8
2,readrandomwriterandom,64,Intel(R) Xeon(R) Gold 6326 CPU @ 2.90GHz,24576 KB,10/29/22 12:28:15,cmap,1000000,16,14.010964,,/mnt/pmem0/pmemkv,14.010964,17.493321,19.127292,64.337655,2743.132499,991.821289,1024,(reads:5000000 writes:5000000 total:10000000 found:5000000),12.123173,1312645.250000,1301.909546,16
2,readrandomwriterandom,64,Intel(R) Xeon(R) Gold 6326 CPU @ 2.90GHz,24576 KB,10/29/22 12:31:12,cmap,1000000,16,17.248738,,/mnt/pmem0/pmemkv,17.248738,27.455627,29.477900,73.871124,4744.411814,991.821289,1024,(reads:5000000 writes:5000000 total:10000000 found:5000000),18.746607,1689443.125000,1675.625610,32
readrandomwriterandom_threads_3.csv
id,Benchmark,CPU,CPU model,CPUCache,Date:,Engine,Entries,Keys [bytes each],Median [micros/op],Open [millis/op],Path,Percentilie P50.000000 [micros/op],Percentilie P75.000000 [micros/op],Percentilie P90.000000 [micros/op],Percentilie P99.900000 [micros/op],Percentilie P99.990000 [micros/op],RawSize [MB (estimated)],Values [bytes each],extra_data,micros/op (avarage),ops/sec,throughput [MB/s],Threads
2,readrandomwriterandom,64,Intel(R) Xeon(R) Gold 6326 CPU @ 2.90GHz,24576 KB,10/29/22 12:34:56,cmap,1000000,16,12.691538,,/mnt/pmem0/pmemkv,12.691538,15.752648,17.264840,30.693893,2248.950682,991.821289,1024,(reads:5000000 writes:5000000 total:10000000 found:5000000),10.753960,92989.000000,92.228470,1
2,readrandomwriterandom,64,Intel(R) Xeon(R) Gold 6326 CPU @ 2.90GHz,24576 KB,10/29/22 12:37:22,cmap,1000000,16,14.028838,,/mnt/pmem0/pmemkv,14.028838,17.036142,18.149312,29.384485,2743.702934,991.821289,1024,(reads:5000000 writes:5000000 total:10000000 found:5000000),11.443219,174531.796875,173.104340,2
2,readrandomwriterandom,64,Intel(R) Xeon(R) Gold 6326 CPU @ 2.90GHz,24576 KB,10/29/22 12:39:56,cmap,1000000,16,14.017451,,/mnt/pmem0/pmemkv,14.017451,17.118191,18.359332,29.948224,2742.643229,991.821289,1024,(reads:5000000 writes:5000000 total:10000000 found:5000000),11.517705,340156.937500,337.374878,4
2,readrandomwriterandom,64,Intel(R) Xeon(R) Gold 6326 CPU @ 2.90GHz,24576 KB,10/29/22 12:42:32,cmap,1000000,16,14.010804,,/mnt/pmem0/pmemkv,14.010804,17.215752,18.598811,53.016350,2741.552956,991.821289,1024,(reads:5000000 writes:5000000 total:10000000 found:5000000),11.665657,682936.437500,677.350891,8
2,readrandomwriterandom,64,Intel(R) Xeon(R) Gold 6326 CPU @ 2.90GHz,24576 KB,10/29/22 12:45:10,cmap,1000000,16,14.009303,,/mnt/pmem0/pmemkv,14.009303,17.449183,19.055901,64.375209,2742.869744,991.821289,1024,(reads:5000000 writes:5000000 total:10000000 found:5000000),12.082282,1316565.250000,1305.797485,16
2,readrandomwriterandom,64,Intel(R) Xeon(R) Gold 6326 CPU @ 2.90GHz,24576 KB,10/29/22 12:48:06,cmap,1000000,16,17.177910,,/mnt/pmem0/pmemkv,17.177910,27.495546,29.508363,73.496786,4742.975910,991.821289,1024,(reads:5000000 writes:5000000 total:10000000 found:5000000),18.802435,1677634.500000,1663.913574,32
