Running readrandom for threads 1
***** SPP runtime statistics *****
__spp_extract_tagval_cnt		: 442648649 
__spp_is_pm_ptr_cnt			: 1777514594 
__spp_vol_ptr_check_cnt			: 1314327833 
__spp_cleantag_cnt			: 481646288 
USELESS__spp_cleantag_cnt		: 20000000 
__spp_cleantag_external_cnt		: 104275834 
USELESS__spp_cleantag_external_cnt	: 77850114 
__spp_checkbound_cnt			: 1176267353 
USELESS__spp_checkbound_cnt		: 932196168 
__spp_updatetag_cnt			: 867110200 
USELESS__spp_updatetag_cnt		: 665575238 
__spp_memintr_check_and_clean_cnt	: 182350371 

***** SPP direct runtime statistics *****
__spp_cleantag_cnt_direct		: 442648649 
__spp_cleantag_external_cnt_direct	: 24885247 
__spp_checkbound_cnt_direct		: 0 
__spp_updatetag_cnt_direct		: 0 
__spp_memintr_check_and_clean_cnt_direct: 0 

Running readrandom for threads 2
***** SPP runtime statistics *****
__spp_extract_tagval_cnt		: 672701261 
__spp_is_pm_ptr_cnt			: 1900257163 
__spp_vol_ptr_check_cnt			: 1543695030 
__spp_cleantag_cnt			: 705499964 
USELESS__spp_cleantag_cnt		: 37988786 
__spp_cleantag_external_cnt		: 176232195 
USELESS__spp_cleantag_external_cnt	: 133565966 
__spp_checkbound_cnt			: 1260418143 
USELESS__spp_checkbound_cnt		: 1087267267 
__spp_updatetag_cnt			: 972428611 
USELESS__spp_updatetag_cnt		: 826704327 
__spp_memintr_check_and_clean_cnt	: 289417565 

***** SPP direct runtime statistics *****
__spp_cleantag_cnt_direct		: 672735696 
__spp_cleantag_external_cnt_direct	: 43224407 
__spp_checkbound_cnt_direct		: 0 
__spp_updatetag_cnt_direct		: 0 
__spp_memintr_check_and_clean_cnt_direct: 0 

Running readrandom for threads 4
***** SPP runtime statistics *****
__spp_extract_tagval_cnt		: 865966507 
__spp_is_pm_ptr_cnt			: 1701115440 
__spp_vol_ptr_check_cnt			: 1539633110 
__spp_cleantag_cnt			: 866968248 
USELESS__spp_cleantag_cnt		: 69166883 
__spp_cleantag_external_cnt		: 263798072 
USELESS__spp_cleantag_external_cnt	: 202040868 
__spp_checkbound_cnt			: 1069688369 
USELESS__spp_checkbound_cnt		: 1000452509 
__spp_updatetag_cnt			: 854941489 
USELESS__spp_updatetag_cnt		: 817568987 
__spp_memintr_check_and_clean_cnt	: 371223932 

***** SPP direct runtime statistics *****
__spp_cleantag_cnt_direct		: 872729042 
__spp_cleantag_external_cnt_direct	: 74676695 
__spp_checkbound_cnt_direct		: 0 
__spp_updatetag_cnt_direct		: 0 
__spp_memintr_check_and_clean_cnt_direct: 0 

Running readrandom for threads 8
***** SPP runtime statistics *****
__spp_extract_tagval_cnt		: 1000129741 
__spp_is_pm_ptr_cnt			: 1702741073 
__spp_vol_ptr_check_cnt			: 1574262195 
__spp_cleantag_cnt			: 978818306 
USELESS__spp_cleantag_cnt		: 118894983 
__spp_cleantag_external_cnt		: 360291471 
USELESS__spp_cleantag_external_cnt	: 278786064 
__spp_checkbound_cnt			: 1061471207 
USELESS__spp_checkbound_cnt		: 1008769271 
__spp_updatetag_cnt			: 846592051 
USELESS__spp_updatetag_cnt		: 844199256 
__spp_memintr_check_and_clean_cnt	: 445126349 

***** SPP direct runtime statistics *****
__spp_cleantag_cnt_direct		: 1010942396 
__spp_cleantag_external_cnt_direct	: 120774187 
__spp_checkbound_cnt_direct		: 0 
__spp_updatetag_cnt_direct		: 0 
__spp_memintr_check_and_clean_cnt_direct: 0 

Running readrandom for threads 16
***** SPP runtime statistics *****
__spp_extract_tagval_cnt		: 1235395237 
__spp_is_pm_ptr_cnt			: 1829468607 
__spp_vol_ptr_check_cnt			: 1660892890 
__spp_cleantag_cnt			: 1190425101 
USELESS__spp_cleantag_cnt		: 203360864 
__spp_cleantag_external_cnt		: 476070350 
USELESS__spp_cleantag_external_cnt	: 373208270 
__spp_checkbound_cnt			: 1187664209 
USELESS__spp_checkbound_cnt		: 1090539499 
__spp_updatetag_cnt			: 941024355 
USELESS__spp_updatetag_cnt		: 907774221 
__spp_memintr_check_and_clean_cnt	: 594226217 

***** SPP direct runtime statistics *****
__spp_cleantag_cnt_direct		: 1239773107 
__spp_cleantag_external_cnt_direct	: 201208607 
__spp_checkbound_cnt_direct		: 0 
__spp_updatetag_cnt_direct		: 0 
__spp_memintr_check_and_clean_cnt_direct: 0 

Running readrandom for threads 32
***** SPP runtime statistics *****
__spp_extract_tagval_cnt		: 2070560114 
__spp_is_pm_ptr_cnt			: 2287039854 
__spp_vol_ptr_check_cnt			: 2085525365 
__spp_cleantag_cnt			: 2014474307 
USELESS__spp_cleantag_cnt		: 408047392 
__spp_cleantag_external_cnt		: 1015253835 
USELESS__spp_cleantag_external_cnt	: 805062093 
__spp_checkbound_cnt			: 1868732329 
USELESS__spp_checkbound_cnt		: 1637691623 
__spp_updatetag_cnt			: 1634266247 
USELESS__spp_updatetag_cnt		: 1494287440 
__spp_memintr_check_and_clean_cnt	: 1495586880 

***** SPP direct runtime statistics *****
__spp_cleantag_cnt_direct		: 2049448940 
__spp_cleantag_external_cnt_direct	: 443423966 
__spp_checkbound_cnt_direct		: 0 
__spp_updatetag_cnt_direct		: 0 
__spp_memintr_check_and_clean_cnt_direct: 0 

