Running readseq for threads 1
***** SPP runtime statistics *****
__spp_extract_tagval_cnt		: 438939219 
__spp_is_pm_ptr_cnt			: 1751011873 
__spp_vol_ptr_check_cnt			: 1291532876 
__spp_cleantag_cnt			: 477939219 
USELESS__spp_cleantag_cnt		: 20000000 
__spp_cleantag_external_cnt		: 104258142 
USELESS__spp_cleantag_external_cnt	: 77858025 
__spp_checkbound_cnt			: 1161369175 
USELESS__spp_checkbound_cnt		: 919908508 
__spp_updatetag_cnt			: 854592147 
USELESS__spp_updatetag_cnt		: 654590779 
__spp_memintr_check_and_clean_cnt	: 181845578 

***** SPP direct runtime statistics *****
__spp_cleantag_cnt_direct		: 438939219 
__spp_cleantag_external_cnt_direct	: 24860339 
__spp_checkbound_cnt_direct		: 0 
__spp_updatetag_cnt_direct		: 0 
__spp_memintr_check_and_clean_cnt_direct: 0 

Running readseq for threads 2
***** SPP runtime statistics *****
__spp_extract_tagval_cnt		: 599977036 
__spp_is_pm_ptr_cnt			: 1842798226 
__spp_vol_ptr_check_cnt			: 1434933403 
__spp_cleantag_cnt			: 645206896 
USELESS__spp_cleantag_cnt		: 35256545 
__spp_cleantag_external_cnt		: 166522757 
USELESS__spp_cleantag_external_cnt	: 125206139 
__spp_checkbound_cnt			: 1233841033 
USELESS__spp_checkbound_cnt		: 1034289855 
__spp_updatetag_cnt			: 939523189 
USELESS__spp_updatetag_cnt		: 756938806 
__spp_memintr_check_and_clean_cnt	: 275532750 

***** SPP direct runtime statistics *****
__spp_cleantag_cnt_direct		: 600006913 
__spp_cleantag_external_cnt_direct	: 40131406 
__spp_checkbound_cnt_direct		: 0 
__spp_updatetag_cnt_direct		: 0 
__spp_memintr_check_and_clean_cnt_direct: 0 

Running readseq for threads 4
***** SPP runtime statistics *****
__spp_extract_tagval_cnt		: 855848071 
__spp_is_pm_ptr_cnt			: 1715921523 
__spp_vol_ptr_check_cnt			: 1519659320 
__spp_cleantag_cnt			: 859107180 
USELESS__spp_cleantag_cnt		: 67283733 
__spp_cleantag_external_cnt		: 264324741 
USELESS__spp_cleantag_external_cnt	: 200520694 
__spp_checkbound_cnt			: 1094093484 
USELESS__spp_checkbound_cnt		: 1007993531 
__spp_updatetag_cnt			: 865595280 
USELESS__spp_updatetag_cnt		: 811937033 
__spp_memintr_check_and_clean_cnt	: 359983699 

***** SPP direct runtime statistics *****
__spp_cleantag_cnt_direct		: 860333585 
__spp_cleantag_external_cnt_direct	: 74856212 
__spp_checkbound_cnt_direct		: 0 
__spp_updatetag_cnt_direct		: 0 
__spp_memintr_check_and_clean_cnt_direct: 0 

Running readseq for threads 8
***** SPP runtime statistics *****
__spp_extract_tagval_cnt		: 984443035 
__spp_is_pm_ptr_cnt			: 1785526812 
__spp_vol_ptr_check_cnt			: 1594437572 
__spp_cleantag_cnt			: 973561074 
USELESS__spp_cleantag_cnt		: 112575697 
__spp_cleantag_external_cnt		: 360955351 
USELESS__spp_cleantag_external_cnt	: 274753000 
__spp_checkbound_cnt			: 1139048968 
USELESS__spp_checkbound_cnt		: 1049787734 
__spp_updatetag_cnt			: 892448124 
USELESS__spp_updatetag_cnt		: 858327299 
__spp_memintr_check_and_clean_cnt	: 435147121 

***** SPP direct runtime statistics *****
__spp_cleantag_cnt_direct		: 993309512 
__spp_cleantag_external_cnt_direct	: 120423578 
__spp_checkbound_cnt_direct		: 0 
__spp_updatetag_cnt_direct		: 0 
__spp_memintr_check_and_clean_cnt_direct: 0 

Running readseq for threads 16
***** SPP runtime statistics *****
__spp_extract_tagval_cnt		: 1201706380 
__spp_is_pm_ptr_cnt			: 1889735910 
__spp_vol_ptr_check_cnt			: 1659049453 
__spp_cleantag_cnt			: 1170296943 
USELESS__spp_cleantag_cnt		: 189757078 
__spp_cleantag_external_cnt		: 479149915 
USELESS__spp_cleantag_external_cnt	: 368170374 
__spp_checkbound_cnt			: 1250415395 
USELESS__spp_checkbound_cnt		: 1114664444 
__spp_updatetag_cnt			: 978092383 
USELESS__spp_updatetag_cnt		: 913081932 
__spp_memintr_check_and_clean_cnt	: 568533869 

***** SPP direct runtime statistics *****
__spp_cleantag_cnt_direct		: 1204448585 
__spp_cleantag_external_cnt_direct	: 197763752 
__spp_checkbound_cnt_direct		: 0 
__spp_updatetag_cnt_direct		: 0 
__spp_memintr_check_and_clean_cnt_direct: 0 

Running readseq for threads 32
***** SPP runtime statistics *****
__spp_extract_tagval_cnt		: 2036333968 
__spp_is_pm_ptr_cnt			: 2359320937 
__spp_vol_ptr_check_cnt			: 2122226915 
__spp_cleantag_cnt			: 2002353968 
USELESS__spp_cleantag_cnt		: 400774143 
__spp_cleantag_external_cnt		: 1009607669 
USELESS__spp_cleantag_external_cnt	: 791843306 
__spp_checkbound_cnt			: 1923807253 
USELESS__spp_checkbound_cnt		: 1667793530 
__spp_updatetag_cnt			: 1677227252 
USELESS__spp_updatetag_cnt		: 1511547105 
__spp_memintr_check_and_clean_cnt	: 1540839357 

***** SPP direct runtime statistics *****
__spp_cleantag_cnt_direct		: 2008668828 
__spp_cleantag_external_cnt_direct	: 442912885 
__spp_checkbound_cnt_direct		: 0 
__spp_updatetag_cnt_direct		: 0 
__spp_memintr_check_and_clean_cnt_direct: 0 

