id,Benchmark,CPU,CPU model,CPUCache,Date:,Engine,Entries,Keys [bytes each],Median [micros/op],Open [millis/op],Path,Percentilie P50.000000 [micros/op],Percentilie P75.000000 [micros/op],Percentilie P90.000000 [micros/op],Percentilie P99.900000 [micros/op],Percentilie P99.990000 [micros/op],RawSize [MB (estimated)],Values [bytes each],extra_data,micros/op (avarage),ops/sec,throughput [MB/s],Threads
2,readrandomwriterandom,64,Intel(R) Xeon(R) Gold 6326 CPU @ 2.90GHz,24576 KB,10/29/22 14:46:39,cmap,1000000,16,4.247559,,/mnt/pmem0/pmemkv,4.247559,5.477330,6.176637,11.636892,17.483201,991.821289,1024,(reads:5000000 writes:5000000 total:10000000 found:5000000),3.727922,268246.218750,266.052318,1
2,readrandomwriterandom,64,Intel(R) Xeon(R) Gold 6326 CPU @ 2.90GHz,24576 KB,10/29/22 14:47:31,cmap,1000000,16,4.341793,,/mnt/pmem0/pmemkv,4.341793,5.600383,6.404252,10.884640,70.180759,991.821289,1024,(reads:5000000 writes:5000000 total:10000000 found:5000000),3.827276,521337.343750,517.073486,2
2,readrandomwriterandom,64,Intel(R) Xeon(R) Gold 6326 CPU @ 2.90GHz,24576 KB,10/29/22 14:48:24,cmap,1000000,16,4.486828,,/mnt/pmem0/pmemkv,4.486828,5.719160,6.610902,10.850129,75.252807,991.821289,1024,(reads:5000000 writes:5000000 total:10000000 found:5000000),3.979479,1002287.187500,994.089763,4
2,readrandomwriterandom,64,Intel(R) Xeon(R) Gold 6326 CPU @ 2.90GHz,24576 KB,10/29/22 14:49:21,cmap,1000000,16,5.096966,,/mnt/pmem0/pmemkv,5.096966,6.458299,7.480681,26.844382,78.985412,991.821289,1024,(reads:5000000 writes:5000000 total:10000000 found:5000000),4.551763,1748878.625000,1734.575073,8
2,readrandomwriterandom,64,Intel(R) Xeon(R) Gold 6326 CPU @ 2.90GHz,24576 KB,10/29/22 14:50:23,cmap,1000000,16,6.029800,,/mnt/pmem0/pmemkv,6.029800,8.699528,11.678294,69.825344,88.439921,991.821289,1024,(reads:5000000 writes:5000000 total:10000000 found:5000000),6.385050,2458321.666667,2438.215739,16
2,readrandomwriterandom,64,Intel(R) Xeon(R) Gold 6326 CPU @ 2.90GHz,24576 KB,10/29/22 14:51:50,cmap,1000000,16,8.997024,,/mnt/pmem0/pmemkv,8.997024,20.494379,28.906634,79.669566,98.456817,991.821289,1024,(reads:5000000 writes:5000000 total:10000000 found:5000000),13.183901,2273134.916667,2254.543538,32
