readrandomwriterandom_threads_1.csv
id,Benchmark,CPU,CPU model,CPUCache,Date:,Engine,Entries,Keys [bytes each],Median [micros/op],Open [millis/op],Path,Percentilie P50.000000 [micros/op],Percentilie P75.000000 [micros/op],Percentilie P90.000000 [micros/op],Percentilie P99.900000 [micros/op],Percentilie P99.990000 [micros/op],RawSize [MB (estimated)],Values [bytes each],extra_data,micros/op (avarage),ops/sec,throughput [MB/s],Threads
2,readrandomwriterandom,64,Intel(R) Xeon(R) Gold 6326 CPU @ 2.90GHz,24576 KB,10/29/22 14:31:09,cmap,1000000,16,4.243586,,/mnt/pmem0/pmemkv,4.243586,5.463276,6.153937,11.607055,17.434084,991.821289,1024,(reads:5000000 writes:5000000 total:10000000 found:5000000),3.723316,268577.781250,266.381165,1
2,readrandomwriterandom,64,Intel(R) Xeon(R) Gold 6326 CPU @ 2.90GHz,24576 KB,10/29/22 14:32:01,cmap,1000000,16,4.357615,,/mnt/pmem0/pmemkv,4.357615,5.620279,6.431059,10.891837,70.285563,991.821289,1024,(reads:5000000 writes:5000000 total:10000000 found:5000000),3.839415,519714.937500,515.464355,2
2,readrandomwriterandom,64,Intel(R) Xeon(R) Gold 6326 CPU @ 2.90GHz,24576 KB,10/29/22 14:32:54,cmap,1000000,16,4.481862,,/mnt/pmem0/pmemkv,4.481862,5.715503,6.606035,10.828366,75.179071,991.821289,1024,(reads:5000000 writes:5000000 total:10000000 found:5000000),3.974816,1004941.250000,996.722107,4
2,readrandomwriterandom,64,Intel(R) Xeon(R) Gold 6326 CPU @ 2.90GHz,24576 KB,10/29/22 14:33:51,cmap,1000000,16,5.155908,,/mnt/pmem0/pmemkv,5.155908,6.581349,7.611039,33.874627,79.162851,991.821289,1024,(reads:5000000 writes:5000000 total:10000000 found:5000000),4.611133,1722997.125000,1708.905273,8
2,readrandomwriterandom,64,Intel(R) Xeon(R) Gold 6326 CPU @ 2.90GHz,24576 KB,10/29/22 14:34:53,cmap,1000000,16,6.025032,,/mnt/pmem0/pmemkv,6.025032,8.702732,11.693473,69.753667,88.452705,991.821289,1024,(reads:5000000 writes:5000000 total:10000000 found:5000000),6.388341,2457571.250000,2437.471680,16
2,readrandomwriterandom,64,Intel(R) Xeon(R) Gold 6326 CPU @ 2.90GHz,24576 KB,10/29/22 14:36:20,cmap,1000000,16,8.935714,,/mnt/pmem0/pmemkv,8.935714,20.243558,28.617871,78.211838,97.300655,991.821289,1024,(reads:5000000 writes:5000000 total:10000000 found:5000000),13.024136,2300003.750000,2281.192627,32
readrandomwriterandom_threads_2.csv
id,Benchmark,CPU,CPU model,CPUCache,Date:,Engine,Entries,Keys [bytes each],Median [micros/op],Open [millis/op],Path,Percentilie P50.000000 [micros/op],Percentilie P75.000000 [micros/op],Percentilie P90.000000 [micros/op],Percentilie P99.900000 [micros/op],Percentilie P99.990000 [micros/op],RawSize [MB (estimated)],Values [bytes each],extra_data,micros/op (avarage),ops/sec,throughput [MB/s],Threads
2,readrandomwriterandom,64,Intel(R) Xeon(R) Gold 6326 CPU @ 2.90GHz,24576 KB,10/29/22 14:38:52,cmap,1000000,16,4.247123,,/mnt/pmem0/pmemkv,4.247123,5.479472,6.181239,11.690367,17.580737,991.821289,1024,(reads:5000000 writes:5000000 total:10000000 found:5000000),3.727677,268263.593750,266.069550,1
2,readrandomwriterandom,64,Intel(R) Xeon(R) Gold 6326 CPU @ 2.90GHz,24576 KB,10/29/22 14:39:44,cmap,1000000,16,4.343849,,/mnt/pmem0/pmemkv,4.343849,5.602310,6.406768,10.889911,70.134048,991.821289,1024,(reads:5000000 writes:5000000 total:10000000 found:5000000),3.829603,521590.250000,517.324341,2
2,readrandomwriterandom,64,Intel(R) Xeon(R) Gold 6326 CPU @ 2.90GHz,24576 KB,10/29/22 14:40:37,cmap,1000000,16,4.502516,,/mnt/pmem0/pmemkv,4.502516,5.738085,6.632442,10.903341,75.286790,991.821289,1024,(reads:5000000 writes:5000000 total:10000000 found:5000000),3.990010,997854.875000,989.693726,4
2,readrandomwriterandom,64,Intel(R) Xeon(R) Gold 6326 CPU @ 2.90GHz,24576 KB,10/29/22 14:41:32,cmap,1000000,16,4.984491,,/mnt/pmem0/pmemkv,4.984491,6.230428,7.237046,15.092893,78.758263,991.821289,1024,(reads:5000000 writes:5000000 total:10000000 found:5000000),4.437486,1796823.750000,1782.128052,8
2,readrandomwriterandom,64,Intel(R) Xeon(R) Gold 6326 CPU @ 2.90GHz,24576 KB,10/29/22 14:42:32,cmap,1000000,16,6.040885,,/mnt/pmem0/pmemkv,6.040885,8.688910,11.650107,69.906015,88.480653,991.821289,1024,(reads:5000000 writes:5000000 total:10000000 found:5000000),6.382492,2457979.500000,2437.876221,16
2,readrandomwriterandom,64,Intel(R) Xeon(R) Gold 6326 CPU @ 2.90GHz,24576 KB,10/29/22 14:44:02,cmap,1000000,16,9.101307,,/mnt/pmem0/pmemkv,9.101307,21.023293,29.573608,82.482893,100.651575,991.821289,1024,(reads:5000000 writes:5000000 total:10000000 found:5000000),13.519196,2218132.500000,2199.990967,32
readrandomwriterandom_threads_3.csv
id,Benchmark,CPU,CPU model,CPUCache,Date:,Engine,Entries,Keys [bytes each],Median [micros/op],Open [millis/op],Path,Percentilie P50.000000 [micros/op],Percentilie P75.000000 [micros/op],Percentilie P90.000000 [micros/op],Percentilie P99.900000 [micros/op],Percentilie P99.990000 [micros/op],RawSize [MB (estimated)],Values [bytes each],extra_data,micros/op (avarage),ops/sec,throughput [MB/s],Threads
2,readrandomwriterandom,64,Intel(R) Xeon(R) Gold 6326 CPU @ 2.90GHz,24576 KB,10/29/22 14:46:39,cmap,1000000,16,4.251969,,/mnt/pmem0/pmemkv,4.251969,5.489242,6.194735,11.613255,17.434783,991.821289,1024,(reads:5000000 writes:5000000 total:10000000 found:5000000),3.732774,267897.281250,265.706238,1
2,readrandomwriterandom,64,Intel(R) Xeon(R) Gold 6326 CPU @ 2.90GHz,24576 KB,10/29/22 14:47:31,cmap,1000000,16,4.323914,,/mnt/pmem0/pmemkv,4.323914,5.578559,6.374930,10.872173,70.122667,991.821289,1024,(reads:5000000 writes:5000000 total:10000000 found:5000000),3.812810,522706.843750,518.431763,2
2,readrandomwriterandom,64,Intel(R) Xeon(R) Gold 6326 CPU @ 2.90GHz,24576 KB,10/29/22 14:48:24,cmap,1000000,16,4.476106,,/mnt/pmem0/pmemkv,4.476106,5.703893,6.594228,10.818681,75.292561,991.821289,1024,(reads:5000000 writes:5000000 total:10000000 found:5000000),3.973611,1004065.437500,995.853455,4
2,readrandomwriterandom,64,Intel(R) Xeon(R) Gold 6326 CPU @ 2.90GHz,24576 KB,10/29/22 14:49:21,cmap,1000000,16,5.150499,,/mnt/pmem0/pmemkv,5.150499,6.563121,7.593958,31.565627,79.035121,991.821289,1024,(reads:5000000 writes:5000000 total:10000000 found:5000000),4.606671,1726815.000000,1712.691895,8
2,readrandomwriterandom,64,Intel(R) Xeon(R) Gold 6326 CPU @ 2.90GHz,24576 KB,10/29/22 14:50:23,cmap,1000000,16,6.023482,,/mnt/pmem0/pmemkv,6.023482,8.706943,11.691302,69.816349,88.386404,991.821289,1024,(reads:5000000 writes:5000000 total:10000000 found:5000000),6.384316,2459414.250000,2439.299316,16
2,readrandomwriterandom,64,Intel(R) Xeon(R) Gold 6326 CPU @ 2.90GHz,24576 KB,10/29/22 14:51:50,cmap,1000000,16,8.954050,,/mnt/pmem0/pmemkv,8.954050,20.216287,28.528424,78.313968,97.418222,991.821289,1024,(reads:5000000 writes:5000000 total:10000000 found:5000000),13.008370,2301268.500000,2282.447021,32
