id,Benchmark,CPU,CPU model,CPUCache,Date:,Engine,Entries,Keys [bytes each],Median [micros/op],Open [millis/op],Path,Percentilie P50.000000 [micros/op],Percentilie P75.000000 [micros/op],Percentilie P90.000000 [micros/op],Percentilie P99.900000 [micros/op],Percentilie P99.990000 [micros/op],RawSize [MB (estimated)],Values [bytes each],extra_data,micros/op (avarage),ops/sec,throughput [MB/s],Threads
2,deleterandom,64,Intel(R) Xeon(R) Gold 6326 CPU @ 2.90GHz,24576 KB,10/29/22 00:18:50,cmap,1000000,16,14.647141,,/mnt/pmem0/pmemkv,14.647141,15.994986,17.576347,28.871680,86.424348,991.821289,1024,,10.331549,96842.187500,0.000000,1
2,deleterandom,64,Intel(R) Xeon(R) Gold 6326 CPU @ 2.90GHz,24576 KB,10/29/22 00:19:16,cmap,1000000,16,1.982907,,/mnt/pmem0/pmemkv,1.982907,14.974779,15.871085,25.464869,84.064287,991.821289,1024,,6.967727,286777.354167,0.000000,2
2,deleterandom,64,Intel(R) Xeon(R) Gold 6326 CPU @ 2.90GHz,24576 KB,10/29/22 00:19:38,cmap,1000000,16,1.491547,,/mnt/pmem0/pmemkv,1.491547,2.958149,15.444963,25.948274,82.723739,991.821289,1024,,4.203816,950534.625000,0.000000,4
2,deleterandom,64,Intel(R) Xeon(R) Gold 6326 CPU @ 2.90GHz,24576 KB,10/29/22 00:19:59,cmap,1000000,16,1.148429,,/mnt/pmem0/pmemkv,1.148429,1.752777,14.495580,24.661752,77.755007,991.821289,1024,,2.386552,3347963.333333,0.000000,8
2,deleterandom,64,Intel(R) Xeon(R) Gold 6326 CPU @ 2.90GHz,24576 KB,10/29/22 00:20:17,cmap,1000000,16,0.980282,,/mnt/pmem0/pmemkv,0.980282,1.589107,1.957463,27.452667,49.843712,991.821289,1024,,1.474700,10806039.666667,0.000000,16
2,deleterandom,64,Intel(R) Xeon(R) Gold 6326 CPU @ 2.90GHz,24576 KB,10/29/22 00:20:42,cmap,1000000,16,1.196251,,/mnt/pmem0/pmemkv,1.196251,1.654710,1.929786,40.202911,61.548550,991.821289,1024,,1.522033,20848948.666667,0.000000,32
