deleteseq_threads_1.csv
id,Benchmark,CPU,CPU model,CPUCache,Date:,Engine,Entries,Keys [bytes each],Median [micros/op],Open [millis/op],Path,Percentilie P50.000000 [micros/op],Percentilie P75.000000 [micros/op],Percentilie P90.000000 [micros/op],Percentilie P99.900000 [micros/op],Percentilie P99.990000 [micros/op],RawSize [MB (estimated)],Values [bytes each],extra_data,micros/op (avarage),ops/sec,throughput [MB/s],Threads
2,deleteseq,64,Intel(R) Xeon(R) Gold 6326 CPU @ 2.90GHz,24576 KB,10/29/22 00:04:57,cmap,1000000,16,15.079963,,/mnt/pmem0/pmemkv,15.079963,15.740801,17.210764,28.123346,82.761905,991.821289,1024,,14.750643,67793.656250,0.000000,1
2,deleteseq,64,Intel(R) Xeon(R) Gold 6326 CPU @ 2.90GHz,24576 KB,10/29/22 00:05:27,cmap,1000000,16,15.165354,,/mnt/pmem0/pmemkv,15.165354,15.822233,17.414019,26.912669,82.205128,991.821289,1024,,14.888669,134330.328125,0.000000,2
2,deleteseq,64,Intel(R) Xeon(R) Gold 6326 CPU @ 2.90GHz,24576 KB,10/29/22 00:05:57,cmap,1000000,16,15.280740,,/mnt/pmem0/pmemkv,15.280740,16.076335,18.832957,27.405909,81.825843,991.821289,1024,,15.201256,263136.062500,0.000000,4
2,deleteseq,64,Intel(R) Xeon(R) Gold 6326 CPU @ 2.90GHz,24576 KB,10/29/22 00:06:27,cmap,1000000,16,16.432445,,/mnt/pmem0/pmemkv,16.432445,22.638925,27.305745,37.742398,49.528302,991.821289,1024,,15.054964,531386.000000,0.000000,8
2,deleteseq,64,Intel(R) Xeon(R) Gold 6326 CPU @ 2.90GHz,24576 KB,10/29/22 00:06:58,cmap,1000000,16,18.072138,,/mnt/pmem0/pmemkv,18.072138,25.417337,34.549631,60.129364,69.633688,991.821289,1024,,15.813369,1011799.812500,0.000000,16
2,deleteseq,64,Intel(R) Xeon(R) Gold 6326 CPU @ 2.90GHz,24576 KB,10/29/22 00:07:37,cmap,1000000,16,16.998572,,/mnt/pmem0/pmemkv,16.998572,27.927748,41.458192,117.251854,135.484628,991.821289,1024,,17.426933,1836234.000000,0.000000,32
deleteseq_threads_2.csv
id,Benchmark,CPU,CPU model,CPUCache,Date:,Engine,Entries,Keys [bytes each],Median [micros/op],Open [millis/op],Path,Percentilie P50.000000 [micros/op],Percentilie P75.000000 [micros/op],Percentilie P90.000000 [micros/op],Percentilie P99.900000 [micros/op],Percentilie P99.990000 [micros/op],RawSize [MB (estimated)],Values [bytes each],extra_data,micros/op (avarage),ops/sec,throughput [MB/s],Threads
2,deleteseq,64,Intel(R) Xeon(R) Gold 6326 CPU @ 2.90GHz,24576 KB,10/29/22 00:08:07,cmap,1000000,16,13.870942,,/mnt/pmem0/pmemkv,13.870942,15.167276,15.979727,24.986336,83.538462,991.821289,1024,,13.852096,72191.242188,0.000000,1
2,deleteseq,64,Intel(R) Xeon(R) Gold 6326 CPU @ 2.90GHz,24576 KB,10/29/22 00:08:36,cmap,1000000,16,15.165145,,/mnt/pmem0/pmemkv,15.165145,15.824277,17.405567,27.009382,80.820513,991.821289,1024,,14.892045,134299.875000,0.000000,2
2,deleteseq,64,Intel(R) Xeon(R) Gold 6326 CPU @ 2.90GHz,24576 KB,10/29/22 00:09:06,cmap,1000000,16,15.124844,,/mnt/pmem0/pmemkv,15.124844,15.798693,17.393067,27.338710,82.820513,991.821289,1024,,14.813519,270023.500000,0.000000,4
2,deleteseq,64,Intel(R) Xeon(R) Gold 6326 CPU @ 2.90GHz,24576 KB,10/29/22 00:09:39,cmap,1000000,16,17.911183,,/mnt/pmem0/pmemkv,17.911183,23.833248,28.334065,39.481003,80.816327,991.821289,1024,,16.287405,491176.531250,0.000000,8
2,deleteseq,64,Intel(R) Xeon(R) Gold 6326 CPU @ 2.90GHz,24576 KB,10/29/22 00:10:11,cmap,1000000,16,18.304399,,/mnt/pmem0/pmemkv,18.304399,25.817693,35.048389,62.245151,70.136187,991.821289,1024,,16.086897,994595.937500,0.000000,16
2,deleteseq,64,Intel(R) Xeon(R) Gold 6326 CPU @ 2.90GHz,24576 KB,10/29/22 00:10:50,cmap,1000000,16,17.067702,,/mnt/pmem0/pmemkv,17.067702,28.063306,41.484875,117.026747,133.322353,991.821289,1024,,17.456743,1833097.750000,0.000000,32
deleteseq_threads_3.csv
id,Benchmark,CPU,CPU model,CPUCache,Date:,Engine,Entries,Keys [bytes each],Median [micros/op],Open [millis/op],Path,Percentilie P50.000000 [micros/op],Percentilie P75.000000 [micros/op],Percentilie P90.000000 [micros/op],Percentilie P99.900000 [micros/op],Percentilie P99.990000 [micros/op],RawSize [MB (estimated)],Values [bytes each],extra_data,micros/op (avarage),ops/sec,throughput [MB/s],Threads
2,deleteseq,64,Intel(R) Xeon(R) Gold 6326 CPU @ 2.90GHz,24576 KB,10/29/22 00:11:21,cmap,1000000,16,13.883821,,/mnt/pmem0/pmemkv,13.883821,15.183886,15.994161,24.973641,83.170732,991.821289,1024,,13.870233,72096.843750,0.000000,1
2,deleteseq,64,Intel(R) Xeon(R) Gold 6326 CPU @ 2.90GHz,24576 KB,10/29/22 00:11:50,cmap,1000000,16,15.366724,,/mnt/pmem0/pmemkv,15.366724,16.290470,17.769793,27.722853,83.251232,991.821289,1024,,15.243032,131207.484375,0.000000,2
2,deleteseq,64,Intel(R) Xeon(R) Gold 6326 CPU @ 2.90GHz,24576 KB,10/29/22 00:12:20,cmap,1000000,16,15.201662,,/mnt/pmem0/pmemkv,15.201662,15.862024,17.502407,28.210803,83.756757,991.821289,1024,,14.970482,267192.375000,0.000000,4
2,deleteseq,64,Intel(R) Xeon(R) Gold 6326 CPU @ 2.90GHz,24576 KB,10/29/22 00:12:51,cmap,1000000,16,16.601769,,/mnt/pmem0/pmemkv,16.601769,22.759414,27.431661,38.067881,49.840426,991.821289,1024,,15.158751,527747.750000,0.000000,8
2,deleteseq,64,Intel(R) Xeon(R) Gold 6326 CPU @ 2.90GHz,24576 KB,10/29/22 00:13:22,cmap,1000000,16,18.073304,,/mnt/pmem0/pmemkv,18.073304,25.432966,34.565112,60.357143,69.606886,991.821289,1024,,15.827310,1010908.500000,0.000000,16
2,deleteseq,64,Intel(R) Xeon(R) Gold 6326 CPU @ 2.90GHz,24576 KB,10/29/22 00:14:00,cmap,1000000,16,17.176343,,/mnt/pmem0/pmemkv,17.176343,28.008193,41.544961,117.447358,136.216569,991.821289,1024,,17.499203,1828645.375000,0.000000,32
