deleterandom_threads_1.csv
id,Benchmark,CPU,CPU model,CPUCache,Date:,Engine,Entries,Keys [bytes each],Median [micros/op],Open [millis/op],Path,Percentilie P50.000000 [micros/op],Percentilie P75.000000 [micros/op],Percentilie P90.000000 [micros/op],Percentilie P99.900000 [micros/op],Percentilie P99.990000 [micros/op],RawSize [MB (estimated)],Values [bytes each],extra_data,micros/op (avarage),ops/sec,throughput [MB/s],Threads
2,deleterandom,64,Intel(R) Xeon(R) Gold 6326 CPU @ 2.90GHz,24576 KB,10/29/22 00:14:36,cmap,1000000,16,14.470414,,/mnt/pmem0/pmemkv,14.470414,15.547517,17.164152,28.149652,86.125000,991.821289,1024,,10.003380,99966.210938,0.000000,1
2,deleterandom,64,Intel(R) Xeon(R) Gold 6326 CPU @ 2.90GHz,24576 KB,10/29/22 00:15:01,cmap,1000000,16,1.983446,,/mnt/pmem0/pmemkv,1.983446,14.969551,15.866647,25.561414,84.100418,991.821289,1024,,6.959984,286992.000000,0.000000,2
2,deleterandom,64,Intel(R) Xeon(R) Gold 6326 CPU @ 2.90GHz,24576 KB,10/29/22 00:15:23,cmap,1000000,16,1.472417,,/mnt/pmem0/pmemkv,1.472417,2.945682,15.441145,24.886336,82.511962,991.821289,1024,,4.179590,956132.187500,0.000000,4
2,deleterandom,64,Intel(R) Xeon(R) Gold 6326 CPU @ 2.90GHz,24576 KB,10/29/22 00:15:43,cmap,1000000,16,1.142202,,/mnt/pmem0/pmemkv,1.142202,1.750168,14.484638,24.579518,76.647564,991.821289,1024,,2.377501,3360952.000000,0.000000,8
2,deleterandom,64,Intel(R) Xeon(R) Gold 6326 CPU @ 2.90GHz,24576 KB,10/29/22 00:16:01,cmap,1000000,16,0.975222,,/mnt/pmem0/pmemkv,0.975222,1.585250,1.955199,26.891007,48.539326,991.821289,1024,,1.461887,10921427.000000,0.000000,16
2,deleterandom,64,Intel(R) Xeon(R) Gold 6326 CPU @ 2.90GHz,24576 KB,10/29/22 00:16:25,cmap,1000000,16,1.185226,,/mnt/pmem0/pmemkv,1.185226,1.648229,1.926031,40.191646,59.405778,991.821289,1024,,1.510741,21090942.000000,0.000000,32
deleterandom_threads_2.csv
id,Benchmark,CPU,CPU model,CPUCache,Date:,Engine,Entries,Keys [bytes each],Median [micros/op],Open [millis/op],Path,Percentilie P50.000000 [micros/op],Percentilie P75.000000 [micros/op],Percentilie P90.000000 [micros/op],Percentilie P99.900000 [micros/op],Percentilie P99.990000 [micros/op],RawSize [MB (estimated)],Values [bytes each],extra_data,micros/op (avarage),ops/sec,throughput [MB/s],Threads
2,deleterandom,64,Intel(R) Xeon(R) Gold 6326 CPU @ 2.90GHz,24576 KB,10/29/22 00:16:43,cmap,1000000,16,14.691812,,/mnt/pmem0/pmemkv,14.691812,16.023151,17.743996,29.156714,86.500000,991.821289,1024,,10.442351,95763.875000,0.000000,1
2,deleterandom,64,Intel(R) Xeon(R) Gold 6326 CPU @ 2.90GHz,24576 KB,10/29/22 00:17:08,cmap,1000000,16,1.985954,,/mnt/pmem0/pmemkv,1.985954,14.992866,15.886064,25.762911,83.775100,991.821289,1024,,6.994532,285755.000000,0.000000,2
2,deleterandom,64,Intel(R) Xeon(R) Gold 6326 CPU @ 2.90GHz,24576 KB,10/29/22 00:17:30,cmap,1000000,16,1.476359,,/mnt/pmem0/pmemkv,1.476359,2.948717,15.438835,24.906028,82.950450,991.821289,1024,,4.183136,954966.187500,0.000000,4
2,deleterandom,64,Intel(R) Xeon(R) Gold 6326 CPU @ 2.90GHz,24576 KB,10/29/22 00:17:50,cmap,1000000,16,1.158235,,/mnt/pmem0/pmemkv,1.158235,1.756364,14.492177,24.700065,79.344729,991.821289,1024,,2.392978,3340185.000000,0.000000,8
2,deleterandom,64,Intel(R) Xeon(R) Gold 6326 CPU @ 2.90GHz,24576 KB,10/29/22 00:18:08,cmap,1000000,16,0.975150,,/mnt/pmem0/pmemkv,0.975150,1.585027,1.954895,24.555688,47.424242,991.821289,1024,,1.450790,11013330.000000,0.000000,16
2,deleterandom,64,Intel(R) Xeon(R) Gold 6326 CPU @ 2.90GHz,24576 KB,10/29/22 00:18:33,cmap,1000000,16,1.184642,,/mnt/pmem0/pmemkv,1.184642,1.648010,1.926031,39.987172,59.303400,991.821289,1024,,1.505302,21188938.000000,0.000000,32
deleterandom_threads_3.csv
id,Benchmark,CPU,CPU model,CPUCache,Date:,Engine,Entries,Keys [bytes each],Median [micros/op],Open [millis/op],Path,Percentilie P50.000000 [micros/op],Percentilie P75.000000 [micros/op],Percentilie P90.000000 [micros/op],Percentilie P99.900000 [micros/op],Percentilie P99.990000 [micros/op],RawSize [MB (estimated)],Values [bytes each],extra_data,micros/op (avarage),ops/sec,throughput [MB/s],Threads
2,deleterandom,64,Intel(R) Xeon(R) Gold 6326 CPU @ 2.90GHz,24576 KB,10/29/22 00:18:50,cmap,1000000,16,14.779197,,/mnt/pmem0/pmemkv,14.779197,16.414291,17.820893,29.308673,86.648045,991.821289,1024,,10.548915,94796.476562,0.000000,1
2,deleterandom,64,Intel(R) Xeon(R) Gold 6326 CPU @ 2.90GHz,24576 KB,10/29/22 00:19:16,cmap,1000000,16,1.979321,,/mnt/pmem0/pmemkv,1.979321,14.961919,15.860543,25.070281,84.317343,991.821289,1024,,6.948666,287585.062500,0.000000,2
2,deleterandom,64,Intel(R) Xeon(R) Gold 6326 CPU @ 2.90GHz,24576 KB,10/29/22 00:19:38,cmap,1000000,16,1.525865,,/mnt/pmem0/pmemkv,1.525865,2.980049,15.454909,28.052457,82.708804,991.821289,1024,,4.248721,940505.500000,0.000000,4
2,deleterandom,64,Intel(R) Xeon(R) Gold 6326 CPU @ 2.90GHz,24576 KB,10/29/22 00:19:59,cmap,1000000,16,1.144850,,/mnt/pmem0/pmemkv,1.144850,1.751800,14.509925,24.705674,77.272727,991.821289,1024,,2.389176,3342753.000000,0.000000,8
2,deleterandom,64,Intel(R) Xeon(R) Gold 6326 CPU @ 2.90GHz,24576 KB,10/29/22 00:20:17,cmap,1000000,16,0.990475,,/mnt/pmem0/pmemkv,0.990475,1.597045,1.962296,30.911307,53.567568,991.821289,1024,,1.511423,10483362.000000,0.000000,16
2,deleterandom,64,Intel(R) Xeon(R) Gold 6326 CPU @ 2.90GHz,24576 KB,10/29/22 00:20:42,cmap,1000000,16,1.218885,,/mnt/pmem0/pmemkv,1.218885,1.667892,1.937295,40.429915,65.936473,991.821289,1024,,1.550055,20266966.000000,0.000000,32
