id,Benchmark,CPU,CPU model,CPUCache,Date:,Engine,Entries,Keys [bytes each],Median [micros/op],Open [millis/op],Path,Percentilie P50.000000 [micros/op],Percentilie P75.000000 [micros/op],Percentilie P90.000000 [micros/op],Percentilie P99.900000 [micros/op],Percentilie P99.990000 [micros/op],RawSize [MB (estimated)],Values [bytes each],extra_data,micros/op (avarage),ops/sec,throughput [MB/s],Threads
2,deleteseq,64,Intel(R) Xeon(R) Gold 6326 CPU @ 2.90GHz,24576 KB,10/29/22 00:11:21,cmap,1000000,16,14.278242,,/mnt/pmem0/pmemkv,14.278242,15.363988,16.394884,26.027774,83.157033,991.821289,1024,,14.157657,70693.914063,0.000000,1
2,deleteseq,64,Intel(R) Xeon(R) Gold 6326 CPU @ 2.90GHz,24576 KB,10/29/22 00:11:50,cmap,1000000,16,15.232408,,/mnt/pmem0/pmemkv,15.232408,15.978993,17.529793,27.214968,82.092291,991.821289,1024,,15.007915,133279.229167,0.000000,2
2,deleteseq,64,Intel(R) Xeon(R) Gold 6326 CPU @ 2.90GHz,24576 KB,10/29/22 00:12:20,cmap,1000000,16,15.202415,,/mnt/pmem0/pmemkv,15.202415,15.912351,17.909477,27.651807,82.801038,991.821289,1024,,14.995086,266783.979167,0.000000,4
2,deleteseq,64,Intel(R) Xeon(R) Gold 6326 CPU @ 2.90GHz,24576 KB,10/29/22 00:12:51,cmap,1000000,16,16.981799,,/mnt/pmem0/pmemkv,16.981799,23.077196,27.690490,38.430427,60.061685,991.821289,1024,,15.500373,516770.093750,0.000000,8
2,deleteseq,64,Intel(R) Xeon(R) Gold 6326 CPU @ 2.90GHz,24576 KB,10/29/22 00:13:22,cmap,1000000,16,18.149947,,/mnt/pmem0/pmemkv,18.149947,25.555999,34.721044,60.910553,69.792254,991.821289,1024,,15.909192,1005768.083333,0.000000,16
2,deleteseq,64,Intel(R) Xeon(R) Gold 6326 CPU @ 2.90GHz,24576 KB,10/29/22 00:14:00,cmap,1000000,16,17.080872,,/mnt/pmem0/pmemkv,17.080872,27.999749,41.496009,117.241986,135.007850,991.821289,1024,,17.460960,1832659.041667,0.000000,32
