readrandom_threads_1.csv
id,Benchmark,CPU,CPU model,CPUCache,Date:,Engine,Entries,Keys [bytes each],Median [micros/op],Open [millis/op],Path,Percentilie P50.000000 [micros/op],Percentilie P75.000000 [micros/op],Percentilie P90.000000 [micros/op],Percentilie P99.900000 [micros/op],Percentilie P99.990000 [micros/op],RawSize [MB (estimated)],Values [bytes each],extra_data,micros/op (avarage),ops/sec,throughput [MB/s],Threads
2,readrandom,64,Intel(R) Xeon(R) Gold 6326 CPU @ 2.90GHz,24576 KB,10/29/22 09:49:26,cmap,1000000,16,1.861575,,/mnt/pmem0/pmemkv,1.861575,3.254622,4.419224,10.842026,13.890320,991.821289,1024,(1002361 of 10000000 found by one thread),1.904124,525175.812500,59.421337,1
2,readrandom,64,Intel(R) Xeon(R) Gold 6326 CPU @ 2.90GHz,24576 KB,10/29/22 09:50:06,cmap,1000000,16,1.821639,,/mnt/pmem0/pmemkv,1.821639,3.083518,4.229452,9.618923,13.342231,991.821289,1024,(1002361 of 10000000 found by one thread),1.794546,1114190.875000,125.915489,2
2,readrandom,64,Intel(R) Xeon(R) Gold 6326 CPU @ 2.90GHz,24576 KB,10/29/22 09:50:46,cmap,1000000,16,1.806076,,/mnt/pmem0/pmemkv,1.806076,3.028371,4.183883,8.680447,12.651894,991.821289,1024,(1002361 of 10000000 found by one thread),1.758884,2271589.500000,256.812439,4
2,readrandom,64,Intel(R) Xeon(R) Gold 6326 CPU @ 2.90GHz,24576 KB,10/29/22 09:51:25,cmap,1000000,16,1.804071,,/mnt/pmem0/pmemkv,1.804071,3.051274,4.231528,7.898466,11.759141,991.821289,1024,(1002361 of 10000000 found by one thread),1.765867,4509292.000000,509.841400,8
2,readrandom,64,Intel(R) Xeon(R) Gold 6326 CPU @ 2.90GHz,24576 KB,10/29/22 09:52:06,cmap,1000000,16,1.828455,,/mnt/pmem0/pmemkv,1.828455,3.187549,4.434729,7.998067,11.551061,991.821289,1024,(1002361 of 10000000 found by one thread),1.850353,8618792.000000,974.332825,16
2,readrandom,64,Intel(R) Xeon(R) Gold 6326 CPU @ 2.90GHz,24576 KB,10/29/22 09:52:57,cmap,1000000,16,2.644400,,/mnt/pmem0/pmemkv,2.644400,4.069095,5.601081,9.944568,13.761429,991.821289,1024,(1002361 of 10000000 found by one thread),2.612829,12127515.000000,1370.790894,32
readrandom_threads_2.csv
id,Benchmark,CPU,CPU model,CPUCache,Date:,Engine,Entries,Keys [bytes each],Median [micros/op],Open [millis/op],Path,Percentilie P50.000000 [micros/op],Percentilie P75.000000 [micros/op],Percentilie P90.000000 [micros/op],Percentilie P99.900000 [micros/op],Percentilie P99.990000 [micros/op],RawSize [MB (estimated)],Values [bytes each],extra_data,micros/op (avarage),ops/sec,throughput [MB/s],Threads
2,readrandom,64,Intel(R) Xeon(R) Gold 6326 CPU @ 2.90GHz,24576 KB,10/29/22 09:53:46,cmap,1000000,16,1.865623,,/mnt/pmem0/pmemkv,1.865623,3.262003,4.432814,11.440580,14.987795,991.821289,1024,(1002361 of 10000000 found by one thread),1.921570,520407.906250,58.881866,1
2,readrandom,64,Intel(R) Xeon(R) Gold 6326 CPU @ 2.90GHz,24576 KB,10/29/22 09:54:27,cmap,1000000,16,1.820668,,/mnt/pmem0/pmemkv,1.820668,3.095737,4.240169,9.699914,13.447314,991.821289,1024,(1002361 of 10000000 found by one thread),1.798621,1111709.750000,125.635086,2
2,readrandom,64,Intel(R) Xeon(R) Gold 6326 CPU @ 2.90GHz,24576 KB,10/29/22 09:55:06,cmap,1000000,16,1.803044,,/mnt/pmem0/pmemkv,1.803044,3.011980,4.162470,8.602032,12.526998,991.821289,1024,(1002361 of 10000000 found by one thread),1.748227,2285797.250000,258.418701,4
2,readrandom,64,Intel(R) Xeon(R) Gold 6326 CPU @ 2.90GHz,24576 KB,10/29/22 09:55:46,cmap,1000000,16,1.800829,,/mnt/pmem0/pmemkv,1.800829,3.026842,4.210366,7.846495,11.746273,991.821289,1024,(1002361 of 10000000 found by one thread),1.753628,4546835.000000,514.086182,8
2,readrandom,64,Intel(R) Xeon(R) Gold 6326 CPU @ 2.90GHz,24576 KB,10/29/22 09:56:26,cmap,1000000,16,1.823474,,/mnt/pmem0/pmemkv,1.823474,3.179089,4.425350,7.956009,11.498485,991.821289,1024,(1002361 of 10000000 found by one thread),1.841346,8660097.000000,979.002258,16
2,readrandom,64,Intel(R) Xeon(R) Gold 6326 CPU @ 2.90GHz,24576 KB,10/29/22 09:57:17,cmap,1000000,16,2.618751,,/mnt/pmem0/pmemkv,2.618751,4.030423,5.571547,9.907568,13.712772,991.821289,1024,(1002361 of 10000000 found by one thread),2.580244,12283797.000000,1388.455811,32
readrandom_threads_3.csv
id,Benchmark,CPU,CPU model,CPUCache,Date:,Engine,Entries,Keys [bytes each],Median [micros/op],Open [millis/op],Path,Percentilie P50.000000 [micros/op],Percentilie P75.000000 [micros/op],Percentilie P90.000000 [micros/op],Percentilie P99.900000 [micros/op],Percentilie P99.990000 [micros/op],RawSize [MB (estimated)],Values [bytes each],extra_data,micros/op (avarage),ops/sec,throughput [MB/s],Threads
2,readrandom,64,Intel(R) Xeon(R) Gold 6326 CPU @ 2.90GHz,24576 KB,10/29/22 09:58:03,cmap,1000000,16,1.865444,,/mnt/pmem0/pmemkv,1.865444,3.269729,4.434390,10.870995,13.890016,991.821289,1024,(1002361 of 10000000 found by one thread),1.915972,521928.218750,59.053883,1
2,readrandom,64,Intel(R) Xeon(R) Gold 6326 CPU @ 2.90GHz,24576 KB,10/29/22 09:58:43,cmap,1000000,16,1.821611,,/mnt/pmem0/pmemkv,1.821611,3.091502,4.235734,9.620018,13.390875,991.821289,1024,(1002361 of 10000000 found by one thread),1.797404,1112338.750000,125.706177,2
2,readrandom,64,Intel(R) Xeon(R) Gold 6326 CPU @ 2.90GHz,24576 KB,10/29/22 09:59:26,cmap,1000000,16,1.803739,,/mnt/pmem0/pmemkv,1.803739,3.016446,4.167935,8.992861,13.372648,991.821289,1024,(1002361 of 10000000 found by one thread),1.754650,2270923.750000,256.737183,4
2,readrandom,64,Intel(R) Xeon(R) Gold 6326 CPU @ 2.90GHz,24576 KB,10/29/22 10:00:06,cmap,1000000,16,1.805405,,/mnt/pmem0/pmemkv,1.805405,3.064065,4.238823,7.851988,11.753302,991.821289,1024,(1002361 of 10000000 found by one thread),1.770674,4500911.500000,508.893860,8
2,readrandom,64,Intel(R) Xeon(R) Gold 6326 CPU @ 2.90GHz,24576 KB,10/29/22 10:00:46,cmap,1000000,16,1.830061,,/mnt/pmem0/pmemkv,1.830061,3.185791,4.441565,7.967301,11.837404,991.821289,1024,(1002361 of 10000000 found by one thread),1.852839,8612828.000000,973.658630,16
2,readrandom,64,Intel(R) Xeon(R) Gold 6326 CPU @ 2.90GHz,24576 KB,10/29/22 10:01:38,cmap,1000000,16,2.632260,,/mnt/pmem0/pmemkv,2.632260,4.057039,5.594280,9.984298,14.978054,991.821289,1024,(1002361 of 10000000 found by one thread),2.600726,12235548.000000,1383.002075,32
