id,Benchmark,CPU,CPU model,CPUCache,Date:,Engine,Entries,Keys [bytes each],Median [micros/op],Open [millis/op],Path,Percentilie P50.000000 [micros/op],Percentilie P75.000000 [micros/op],Percentilie P90.000000 [micros/op],Percentilie P99.900000 [micros/op],Percentilie P99.990000 [micros/op],RawSize [MB (estimated)],Values [bytes each],extra_data,micros/op (avarage),ops/sec,throughput [MB/s],Threads
2,readrandom,64,Intel(R) Xeon(R) Gold 6326 CPU @ 2.90GHz,24576 KB,10/29/22 09:58:03,cmap,1000000,16,1.864214,,/mnt/pmem0/pmemkv,1.864214,3.262118,4.428809,11.051200,14.256044,991.821289,1024,(1002361 of 10000000 found by one thread),1.913889,522503.979167,59.119029,1
2,readrandom,64,Intel(R) Xeon(R) Gold 6326 CPU @ 2.90GHz,24576 KB,10/29/22 09:58:43,cmap,1000000,16,1.821306,,/mnt/pmem0/pmemkv,1.821306,3.090252,4.235118,9.646285,13.393473,991.821289,1024,(1002361 of 10000000 found by one thread),1.796857,1112746.458333,125.752251,2
2,readrandom,64,Intel(R) Xeon(R) Gold 6326 CPU @ 2.90GHz,24576 KB,10/29/22 09:59:26,cmap,1000000,16,1.804286,,/mnt/pmem0/pmemkv,1.804286,3.018932,4.171429,8.758447,12.850513,991.821289,1024,(1002361 of 10000000 found by one thread),1.753920,2276103.500000,257.322774,4
2,readrandom,64,Intel(R) Xeon(R) Gold 6326 CPU @ 2.90GHz,24576 KB,10/29/22 10:00:06,cmap,1000000,16,1.803435,,/mnt/pmem0/pmemkv,1.803435,3.047394,4.226906,7.865650,11.752905,991.821289,1024,(1002361 of 10000000 found by one thread),1.763390,4519012.833333,510.940481,8
2,readrandom,64,Intel(R) Xeon(R) Gold 6326 CPU @ 2.90GHz,24576 KB,10/29/22 10:00:46,cmap,1000000,16,1.827330,,/mnt/pmem0/pmemkv,1.827330,3.184143,4.433881,7.973792,11.628983,991.821289,1024,(1002361 of 10000000 found by one thread),1.848179,8630572.333333,975.664571,16
2,readrandom,64,Intel(R) Xeon(R) Gold 6326 CPU @ 2.90GHz,24576 KB,10/29/22 10:01:38,cmap,1000000,16,2.631804,,/mnt/pmem0/pmemkv,2.631804,4.052186,5.588969,9.945478,14.150752,991.821289,1024,(1002361 of 10000000 found by one thread),2.597933,12215620.000000,1380.749593,32
