readseq_threads_1.csv
id,Benchmark,CPU,CPU model,CPUCache,Date:,Engine,Entries,Keys [bytes each],Median [micros/op],Open [millis/op],Path,Percentilie P50.000000 [micros/op],Percentilie P75.000000 [micros/op],Percentilie P90.000000 [micros/op],Percentilie P99.900000 [micros/op],Percentilie P99.990000 [micros/op],RawSize [MB (estimated)],Values [bytes each],extra_data,micros/op (avarage),ops/sec,throughput [MB/s],Threads
2,readseq,64,Intel(R) Xeon(R) Gold 6326 CPU @ 2.90GHz,24576 KB,10/29/22 09:37:00,cmap,1000000,16,1.771288,,/mnt/pmem0/pmemkv,1.771288,2.774843,3.974239,10.724528,14.425876,991.821289,1024,(1000000 of 10000000 found by one thread),1.673526,597540.875000,67.471352,1
2,readseq,64,Intel(R) Xeon(R) Gold 6326 CPU @ 2.90GHz,24576 KB,10/29/22 09:37:38,cmap,1000000,16,1.659647,,/mnt/pmem0/pmemkv,1.659647,2.420156,3.847796,13.607698,17.583166,991.821289,1024,(1000000 of 10000000 found by one thread),1.584510,1262219.500000,142.523560,2
2,readseq,64,Intel(R) Xeon(R) Gold 6326 CPU @ 2.90GHz,24576 KB,10/29/22 09:38:15,cmap,1000000,16,1.613146,,/mnt/pmem0/pmemkv,1.613146,2.264106,3.796027,15.528124,19.527143,991.821289,1024,(1000000 of 10000000 found by one thread),1.598553,2502260.750000,282.542847,4
2,readseq,64,Intel(R) Xeon(R) Gold 6326 CPU @ 2.90GHz,24576 KB,10/29/22 09:38:53,cmap,1000000,16,1.635592,,/mnt/pmem0/pmemkv,1.635592,2.343196,3.701809,17.776626,23.301552,991.821289,1024,(1000000 of 10000000 found by one thread),1.651520,4844018.500000,546.962524,8
2,readseq,64,Intel(R) Xeon(R) Gold 6326 CPU @ 2.90GHz,24576 KB,10/29/22 09:39:35,cmap,1000000,16,1.641030,,/mnt/pmem0/pmemkv,1.641030,2.363636,3.584575,23.327602,28.471718,991.821289,1024,(1000000 of 10000000 found by one thread),1.640714,9751808.000000,1101.125732,16
2,readseq,64,Intel(R) Xeon(R) Gold 6326 CPU @ 2.90GHz,24576 KB,10/29/22 09:40:24,cmap,1000000,16,2.243802,,/mnt/pmem0/pmemkv,2.243802,2.973017,4.316046,30.792222,40.628685,991.821289,1024,(1000000 of 10000000 found by one thread),2.291398,13965211.000000,1576.882324,32
readseq_threads_2.csv
id,Benchmark,CPU,CPU model,CPUCache,Date:,Engine,Entries,Keys [bytes each],Median [micros/op],Open [millis/op],Path,Percentilie P50.000000 [micros/op],Percentilie P75.000000 [micros/op],Percentilie P90.000000 [micros/op],Percentilie P99.900000 [micros/op],Percentilie P99.990000 [micros/op],RawSize [MB (estimated)],Values [bytes each],extra_data,micros/op (avarage),ops/sec,throughput [MB/s],Threads
2,readseq,64,Intel(R) Xeon(R) Gold 6326 CPU @ 2.90GHz,24576 KB,10/29/22 09:41:07,cmap,1000000,16,1.771972,,/mnt/pmem0/pmemkv,1.771972,2.777804,3.981244,10.861704,14.573643,991.821289,1024,(1000000 of 10000000 found by one thread),1.677918,595976.687500,67.294731,1
2,readseq,64,Intel(R) Xeon(R) Gold 6326 CPU @ 2.90GHz,24576 KB,10/29/22 09:41:45,cmap,1000000,16,1.681470,,/mnt/pmem0/pmemkv,1.681470,2.471854,3.887383,13.633070,17.671602,991.821289,1024,(1000000 of 10000000 found by one thread),1.618568,1235659.000000,139.524475,2
2,readseq,64,Intel(R) Xeon(R) Gold 6326 CPU @ 2.90GHz,24576 KB,10/29/22 09:42:23,cmap,1000000,16,1.618316,,/mnt/pmem0/pmemkv,1.618316,2.282397,3.815674,15.511541,19.543970,991.821289,1024,(1000000 of 10000000 found by one thread),1.607179,2488825.250000,281.025787,4
2,readseq,64,Intel(R) Xeon(R) Gold 6326 CPU @ 2.90GHz,24576 KB,10/29/22 09:43:04,cmap,1000000,16,1.629423,,/mnt/pmem0/pmemkv,1.629423,2.332755,3.695790,18.355125,24.055791,991.821289,1024,(1000000 of 10000000 found by one thread),1.657886,4825408.500000,544.861145,8
2,readseq,64,Intel(R) Xeon(R) Gold 6326 CPU @ 2.90GHz,24576 KB,10/29/22 09:43:45,cmap,1000000,16,1.646905,,/mnt/pmem0/pmemkv,1.646905,2.382510,3.602782,23.427332,28.579620,991.821289,1024,(1000000 of 10000000 found by one thread),1.651883,9685888.000000,1093.682373,16
2,readseq,64,Intel(R) Xeon(R) Gold 6326 CPU @ 2.90GHz,24576 KB,10/29/22 09:44:35,cmap,1000000,16,2.183743,,/mnt/pmem0/pmemkv,2.183743,2.951300,4.297684,30.410578,39.903591,991.821289,1024,(1000000 of 10000000 found by one thread),2.256618,14180447.000000,1601.185791,32
readseq_threads_3.csv
id,Benchmark,CPU,CPU model,CPUCache,Date:,Engine,Entries,Keys [bytes each],Median [micros/op],Open [millis/op],Path,Percentilie P50.000000 [micros/op],Percentilie P75.000000 [micros/op],Percentilie P90.000000 [micros/op],Percentilie P99.900000 [micros/op],Percentilie P99.990000 [micros/op],RawSize [MB (estimated)],Values [bytes each],extra_data,micros/op (avarage),ops/sec,throughput [MB/s],Threads
2,readseq,64,Intel(R) Xeon(R) Gold 6326 CPU @ 2.90GHz,24576 KB,10/29/22 09:45:17,cmap,1000000,16,1.772792,,/mnt/pmem0/pmemkv,1.772792,2.789309,3.997012,10.989115,14.843931,991.821289,1024,(1000000 of 10000000 found by one thread),1.683547,593984.000000,67.069725,1
2,readseq,64,Intel(R) Xeon(R) Gold 6326 CPU @ 2.90GHz,24576 KB,10/29/22 09:45:55,cmap,1000000,16,1.650755,,/mnt/pmem0/pmemkv,1.650755,2.394105,3.827996,13.548644,17.496533,991.821289,1024,(1000000 of 10000000 found by one thread),1.567054,1276278.375000,144.111023,2
2,readseq,64,Intel(R) Xeon(R) Gold 6326 CPU @ 2.90GHz,24576 KB,10/29/22 09:46:33,cmap,1000000,16,1.615635,,/mnt/pmem0/pmemkv,1.615635,2.274437,3.807110,15.481791,19.485125,991.821289,1024,(1000000 of 10000000 found by one thread),1.602837,2495570.250000,281.787415,4
2,readseq,64,Intel(R) Xeon(R) Gold 6326 CPU @ 2.90GHz,24576 KB,10/29/22 09:47:11,cmap,1000000,16,1.628153,,/mnt/pmem0/pmemkv,1.628153,2.324585,3.676103,17.781379,23.346889,991.821289,1024,(1000000 of 10000000 found by one thread),1.636402,4888765.500000,552.015137,8
2,readseq,64,Intel(R) Xeon(R) Gold 6326 CPU @ 2.90GHz,24576 KB,10/29/22 09:47:52,cmap,1000000,16,1.646439,,/mnt/pmem0/pmemkv,1.646439,2.376199,3.584058,23.370932,28.571643,991.821289,1024,(1000000 of 10000000 found by one thread),1.646116,9719835.000000,1097.515625,16
2,readseq,64,Intel(R) Xeon(R) Gold 6326 CPU @ 2.90GHz,24576 KB,10/29/22 09:48:42,cmap,1000000,16,2.190361,,/mnt/pmem0/pmemkv,2.190361,2.940480,4.214357,30.476525,39.958868,991.821289,1024,(1000000 of 10000000 found by one thread),2.246885,14241827.000000,1608.116455,32
