id,Benchmark,CPU,CPU model,CPUCache,Date:,Engine,Entries,Keys [bytes each],Median [micros/op],Open [millis/op],Path,Percentilie P50.000000 [micros/op],Percentilie P75.000000 [micros/op],Percentilie P90.000000 [micros/op],Percentilie P99.900000 [micros/op],Percentilie P99.990000 [micros/op],RawSize [MB (estimated)],Values [bytes each],extra_data,micros/op (avarage),ops/sec,throughput [MB/s],Threads
2,readseq,64,Intel(R) Xeon(R) Gold 6326 CPU @ 2.90GHz,24576 KB,10/29/22 09:45:17,cmap,1000000,16,1.772017,,/mnt/pmem0/pmemkv,1.772017,2.780652,3.984165,10.858449,14.614483,991.821289,1024,(1000000 of 10000000 found by one thread),1.678330,595833.854167,67.278603,1
2,readseq,64,Intel(R) Xeon(R) Gold 6326 CPU @ 2.90GHz,24576 KB,10/29/22 09:45:55,cmap,1000000,16,1.663957,,/mnt/pmem0/pmemkv,1.663957,2.428705,3.854392,13.596471,17.583767,991.821289,1024,(1000000 of 10000000 found by one thread),1.590044,1258052.291667,142.053019,2
2,readseq,64,Intel(R) Xeon(R) Gold 6326 CPU @ 2.90GHz,24576 KB,10/29/22 09:46:33,cmap,1000000,16,1.615699,,/mnt/pmem0/pmemkv,1.615699,2.273647,3.806270,15.507152,19.518746,991.821289,1024,(1000000 of 10000000 found by one thread),1.602856,2495552.083333,281.785350,4
2,readseq,64,Intel(R) Xeon(R) Gold 6326 CPU @ 2.90GHz,24576 KB,10/29/22 09:47:11,cmap,1000000,16,1.631056,,/mnt/pmem0/pmemkv,1.631056,2.333512,3.691234,17.971043,23.568077,991.821289,1024,(1000000 of 10000000 found by one thread),1.648603,4852730.833333,547.946269,8
2,readseq,64,Intel(R) Xeon(R) Gold 6326 CPU @ 2.90GHz,24576 KB,10/29/22 09:47:52,cmap,1000000,16,1.644791,,/mnt/pmem0/pmemkv,1.644791,2.374115,3.590472,23.375289,28.540994,991.821289,1024,(1000000 of 10000000 found by one thread),1.646238,9719177.000000,1097.441243,16
2,readseq,64,Intel(R) Xeon(R) Gold 6326 CPU @ 2.90GHz,24576 KB,10/29/22 09:48:42,cmap,1000000,16,2.205969,,/mnt/pmem0/pmemkv,2.205969,2.954932,4.276029,30.559775,40.163715,991.821289,1024,(1000000 of 10000000 found by one thread),2.264967,14129161.666667,1595.394857,32
