deleteseq_threads_1.csv
id,Benchmark,CPU,CPU model,CPUCache,Date:,Engine,Entries,Keys [bytes each],Median [micros/op],Open [millis/op],Path,Percentilie P50.000000 [micros/op],Percentilie P75.000000 [micros/op],Percentilie P90.000000 [micros/op],Percentilie P99.900000 [micros/op],Percentilie P99.990000 [micros/op],RawSize [MB (estimated)],Values [bytes each],extra_data,micros/op (avarage),ops/sec,throughput [MB/s],Threads
2,deleteseq,64,Intel(R) Xeon(R) Gold 6326 CPU @ 2.90GHz,24576 KB,10/29/22 01:49:44,cmap,1000000,16,19.306805,,/mnt/pmem0/pmemkv,19.306805,20.539884,24.164560,42.749529,2804.878049,991.821289,1024,,20.382317,49062.136719,0.000000,1
2,deleteseq,64,Intel(R) Xeon(R) Gold 6326 CPU @ 2.90GHz,24576 KB,10/29/22 01:50:30,cmap,1000000,16,22.843176,,/mnt/pmem0/pmemkv,22.843176,24.266381,26.458520,48.926006,3416.666667,991.821289,1024,,24.434038,81853.023438,0.000000,2
2,deleteseq,64,Intel(R) Xeon(R) Gold 6326 CPU @ 2.90GHz,24576 KB,10/29/22 01:51:20,cmap,1000000,16,22.665151,,/mnt/pmem0/pmemkv,22.665151,24.092413,24.948770,48.497222,3470.829069,991.821289,1024,,23.363760,171205.296875,0.000000,4
2,deleteseq,64,Intel(R) Xeon(R) Gold 6326 CPU @ 2.90GHz,24576 KB,10/29/22 01:52:09,cmap,1000000,16,24.815958,,/mnt/pmem0/pmemkv,24.815958,28.671190,32.715789,54.435609,4253.229974,991.821289,1024,,24.571489,325580.437500,0.000000,8
2,deleteseq,64,Intel(R) Xeon(R) Gold 6326 CPU @ 2.90GHz,24576 KB,10/29/22 01:52:59,cmap,1000000,16,27.509699,,/mnt/pmem0/pmemkv,27.509699,35.811020,44.732670,75.121466,5336.184773,991.821289,1024,,25.950575,616555.937500,0.000000,16
2,deleteseq,64,Intel(R) Xeon(R) Gold 6326 CPU @ 2.90GHz,24576 KB,10/29/22 01:54:02,cmap,1000000,16,27.161723,,/mnt/pmem0/pmemkv,27.161723,39.775563,60.486861,136.563211,6735.327817,991.821289,1024,,28.669237,1116176.250000,0.000000,32
deleteseq_threads_2.csv
id,Benchmark,CPU,CPU model,CPUCache,Date:,Engine,Entries,Keys [bytes each],Median [micros/op],Open [millis/op],Path,Percentilie P50.000000 [micros/op],Percentilie P75.000000 [micros/op],Percentilie P90.000000 [micros/op],Percentilie P99.900000 [micros/op],Percentilie P99.990000 [micros/op],RawSize [MB (estimated)],Values [bytes each],extra_data,micros/op (avarage),ops/sec,throughput [MB/s],Threads
2,deleteseq,64,Intel(R) Xeon(R) Gold 6326 CPU @ 2.90GHz,24576 KB,10/29/22 01:54:52,cmap,1000000,16,19.458450,,/mnt/pmem0/pmemkv,19.458450,21.454633,24.417187,43.176568,2796.218487,991.821289,1024,,20.609495,48521.324219,0.000000,1
2,deleteseq,64,Intel(R) Xeon(R) Gold 6326 CPU @ 2.90GHz,24576 KB,10/29/22 01:55:37,cmap,1000000,16,22.688792,,/mnt/pmem0/pmemkv,22.688792,24.090265,24.931148,47.618715,3418.198529,991.821289,1024,,23.363071,85605.179688,0.000000,2
2,deleteseq,64,Intel(R) Xeon(R) Gold 6326 CPU @ 2.90GHz,24576 KB,10/29/22 01:56:26,cmap,1000000,16,22.693252,,/mnt/pmem0/pmemkv,22.693252,24.110609,24.961023,48.890353,3479.144943,991.821289,1024,,23.492262,170268.781250,0.000000,4
2,deleteseq,64,Intel(R) Xeon(R) Gold 6326 CPU @ 2.90GHz,24576 KB,10/29/22 01:57:15,cmap,1000000,16,24.285076,,/mnt/pmem0/pmemkv,24.285076,28.145382,31.906175,54.129781,4273.718326,991.821289,1024,,24.006374,333244.687500,0.000000,8
2,deleteseq,64,Intel(R) Xeon(R) Gold 6326 CPU @ 2.90GHz,24576 KB,10/29/22 01:58:04,cmap,1000000,16,27.211663,,/mnt/pmem0/pmemkv,27.211663,35.334640,44.258474,74.554315,5374.193548,991.821289,1024,,25.621212,624481.687500,0.000000,16
2,deleteseq,64,Intel(R) Xeon(R) Gold 6326 CPU @ 2.90GHz,24576 KB,10/29/22 01:59:08,cmap,1000000,16,28.220269,,/mnt/pmem0/pmemkv,28.220269,41.276918,63.094707,136.901635,6723.690836,991.821289,1024,,29.616449,1080478.625000,0.000000,32
deleteseq_threads_3.csv
id,Benchmark,CPU,CPU model,CPUCache,Date:,Engine,Entries,Keys [bytes each],Median [micros/op],Open [millis/op],Path,Percentilie P50.000000 [micros/op],Percentilie P75.000000 [micros/op],Percentilie P90.000000 [micros/op],Percentilie P99.900000 [micros/op],Percentilie P99.990000 [micros/op],RawSize [MB (estimated)],Values [bytes each],extra_data,micros/op (avarage),ops/sec,throughput [MB/s],Threads
2,deleteseq,64,Intel(R) Xeon(R) Gold 6326 CPU @ 2.90GHz,24576 KB,10/29/22 02:00:00,cmap,1000000,16,19.374775,,/mnt/pmem0/pmemkv,19.374775,20.956146,24.253124,43.456973,2799.163180,991.821289,1024,,20.485920,48814.015625,0.000000,1
2,deleteseq,64,Intel(R) Xeon(R) Gold 6326 CPU @ 2.90GHz,24576 KB,10/29/22 02:00:45,cmap,1000000,16,22.663953,,/mnt/pmem0/pmemkv,22.663953,24.079145,24.928261,48.120525,3418.198529,991.821289,1024,,23.269058,85951.046875,0.000000,2
2,deleteseq,64,Intel(R) Xeon(R) Gold 6326 CPU @ 2.90GHz,24576 KB,10/29/22 02:01:33,cmap,1000000,16,22.736951,,/mnt/pmem0/pmemkv,22.736951,24.151274,24.999868,49.016192,3488.935722,991.821289,1024,,23.743408,168467.796875,0.000000,4
2,deleteseq,64,Intel(R) Xeon(R) Gold 6326 CPU @ 2.90GHz,24576 KB,10/29/22 02:02:23,cmap,1000000,16,24.635831,,/mnt/pmem0/pmemkv,24.635831,28.454002,32.351178,53.858672,4280.701754,991.821289,1024,,24.385036,328069.875000,0.000000,8
2,deleteseq,64,Intel(R) Xeon(R) Gold 6326 CPU @ 2.90GHz,24576 KB,10/29/22 02:03:13,cmap,1000000,16,27.149726,,/mnt/pmem0/pmemkv,27.149726,35.279797,44.199327,74.261674,5291.185971,991.821289,1024,,25.556847,626054.750000,0.000000,16
2,deleteseq,64,Intel(R) Xeon(R) Gold 6326 CPU @ 2.90GHz,24576 KB,10/29/22 02:04:16,cmap,1000000,16,27.169253,,/mnt/pmem0/pmemkv,27.169253,39.805754,60.662219,136.421565,6740.423449,991.821289,1024,,28.730965,1113778.500000,0.000000,32
