id,Benchmark,CPU,CPU model,CPUCache,Date:,Engine,Entries,Keys [bytes each],Median [micros/op],Open [millis/op],Path,Percentilie P50.000000 [micros/op],Percentilie P75.000000 [micros/op],Percentilie P90.000000 [micros/op],Percentilie P99.900000 [micros/op],Percentilie P99.990000 [micros/op],RawSize [MB (estimated)],Values [bytes each],extra_data,micros/op (avarage),ops/sec,throughput [MB/s],Threads
2,deleterandom,64,Intel(R) Xeon(R) Gold 6326 CPU @ 2.90GHz,24576 KB,10/29/22 02:11:57,cmap,1000000,16,20.611619,,/mnt/pmem0/pmemkv,20.611619,23.144345,24.663980,43.157300,2622.435897,991.821289,1024,,14.799778,67569.721354,0.000000,1
2,deleterandom,64,Intel(R) Xeon(R) Gold 6326 CPU @ 2.90GHz,24576 KB,10/29/22 02:12:36,cmap,1000000,16,2.825854,,/mnt/pmem0/pmemkv,2.825854,22.314384,24.242525,41.837807,3229.673089,991.821289,1024,,10.972091,181873.046875,0.000000,2
2,deleterandom,64,Intel(R) Xeon(R) Gold 6326 CPU @ 2.90GHz,24576 KB,10/29/22 02:13:12,cmap,1000000,16,1.795725,,/mnt/pmem0/pmemkv,1.795725,3.962996,23.257645,39.726178,286.666667,991.821289,1024,,6.679149,597978.166667,0.000000,4
2,deleterandom,64,Intel(R) Xeon(R) Gold 6326 CPU @ 2.90GHz,24576 KB,10/29/22 02:13:45,cmap,1000000,16,1.563200,,/mnt/pmem0/pmemkv,1.563200,1.973722,21.119092,38.890554,89.754131,991.821289,1024,,3.888140,2050391.875000,0.000000,8
2,deleterandom,64,Intel(R) Xeon(R) Gold 6326 CPU @ 2.90GHz,24576 KB,10/29/22 02:14:14,cmap,1000000,16,1.497277,,/mnt/pmem0/pmemkv,1.497277,1.899715,2.846586,37.991744,82.330275,991.821289,1024,,2.507070,6288541.166667,0.000000,16
2,deleterandom,64,Intel(R) Xeon(R) Gold 6326 CPU @ 2.90GHz,24576 KB,10/29/22 02:14:54,cmap,1000000,16,1.824949,,/mnt/pmem0/pmemkv,1.824949,2.478878,2.948136,63.863329,114.103052,991.821289,1024,,2.787199,11220582.333333,0.000000,32
