deleterandom_threads_1.csv
id,Benchmark,CPU,CPU model,CPUCache,Date:,Engine,Entries,Keys [bytes each],Median [micros/op],Open [millis/op],Path,Percentilie P50.000000 [micros/op],Percentilie P75.000000 [micros/op],Percentilie P90.000000 [micros/op],Percentilie P99.900000 [micros/op],Percentilie P99.990000 [micros/op],RawSize [MB (estimated)],Values [bytes each],extra_data,micros/op (avarage),ops/sec,throughput [MB/s],Threads
2,deleterandom,64,Intel(R) Xeon(R) Gold 6326 CPU @ 2.90GHz,24576 KB,10/29/22 02:05:11,cmap,1000000,16,20.523558,,/mnt/pmem0/pmemkv,20.523558,23.106170,24.655738,43.176064,2623.076923,991.821289,1024,,14.754439,67776.210938,0.000000,1
2,deleterandom,64,Intel(R) Xeon(R) Gold 6326 CPU @ 2.90GHz,24576 KB,10/29/22 02:05:50,cmap,1000000,16,2.830440,,/mnt/pmem0/pmemkv,2.830440,22.311518,24.239556,41.746104,3227.272727,991.821289,1024,,10.957969,182065.718750,0.000000,2
2,deleterandom,64,Intel(R) Xeon(R) Gold 6326 CPU @ 2.90GHz,24576 KB,10/29/22 02:06:27,cmap,1000000,16,1.795196,,/mnt/pmem0/pmemkv,1.795196,3.964489,23.276274,39.783291,400.000000,991.821289,1024,,6.735276,592690.062500,0.000000,4
2,deleterandom,64,Intel(R) Xeon(R) Gold 6326 CPU @ 2.90GHz,24576 KB,10/29/22 02:06:59,cmap,1000000,16,1.562466,,/mnt/pmem0/pmemkv,1.562466,1.973750,21.130497,39.278723,89.873418,991.821289,1024,,3.902158,2044292.625000,0.000000,8
2,deleterandom,64,Intel(R) Xeon(R) Gold 6326 CPU @ 2.90GHz,24576 KB,10/29/22 02:07:29,cmap,1000000,16,1.492780,,/mnt/pmem0/pmemkv,1.492780,1.894355,2.839253,38.374299,83.519459,991.821289,1024,,2.498204,6281111.000000,0.000000,16
2,deleterandom,64,Intel(R) Xeon(R) Gold 6326 CPU @ 2.90GHz,24576 KB,10/29/22 02:08:09,cmap,1000000,16,1.826082,,/mnt/pmem0/pmemkv,1.826082,2.479093,2.946663,64.256063,116.697248,991.821289,1024,,2.787256,11190318.000000,0.000000,32
deleterandom_threads_2.csv
id,Benchmark,CPU,CPU model,CPUCache,Date:,Engine,Entries,Keys [bytes each],Median [micros/op],Open [millis/op],Path,Percentilie P50.000000 [micros/op],Percentilie P75.000000 [micros/op],Percentilie P90.000000 [micros/op],Percentilie P99.900000 [micros/op],Percentilie P99.990000 [micros/op],RawSize [MB (estimated)],Values [bytes each],extra_data,micros/op (avarage),ops/sec,throughput [MB/s],Threads
2,deleterandom,64,Intel(R) Xeon(R) Gold 6326 CPU @ 2.90GHz,24576 KB,10/29/22 02:08:34,cmap,1000000,16,20.783852,,/mnt/pmem0/pmemkv,20.783852,23.218899,24.679928,43.221591,2619.230769,991.821289,1024,,14.885988,67177.265625,0.000000,1
2,deleterandom,64,Intel(R) Xeon(R) Gold 6326 CPU @ 2.90GHz,24576 KB,10/29/22 02:09:13,cmap,1000000,16,2.823498,,/mnt/pmem0/pmemkv,2.823498,22.323950,24.249572,42.044627,3235.395189,991.821289,1024,,11.019809,181137.343750,0.000000,2
2,deleterandom,64,Intel(R) Xeon(R) Gold 6326 CPU @ 2.90GHz,24576 KB,10/29/22 02:09:50,cmap,1000000,16,1.796777,,/mnt/pmem0/pmemkv,1.796777,3.962210,23.245379,39.673853,160.000000,991.821289,1024,,6.640271,602061.187500,0.000000,4
2,deleterandom,64,Intel(R) Xeon(R) Gold 6326 CPU @ 2.90GHz,24576 KB,10/29/22 02:10:22,cmap,1000000,16,1.565064,,/mnt/pmem0/pmemkv,1.565064,1.974937,21.106370,38.675452,89.821074,991.821289,1024,,3.871841,2059221.625000,0.000000,8
2,deleterandom,64,Intel(R) Xeon(R) Gold 6326 CPU @ 2.90GHz,24576 KB,10/29/22 02:10:52,cmap,1000000,16,1.510045,,/mnt/pmem0/pmemkv,1.510045,1.913620,2.867646,37.436696,81.570681,991.821289,1024,,2.528872,6226354.500000,0.000000,16
2,deleterandom,64,Intel(R) Xeon(R) Gold 6326 CPU @ 2.90GHz,24576 KB,10/29/22 02:11:32,cmap,1000000,16,1.821917,,/mnt/pmem0/pmemkv,1.821917,2.475661,2.947492,63.202229,114.114972,991.821289,1024,,2.782236,11240131.000000,0.000000,32
deleterandom_threads_3.csv
id,Benchmark,CPU,CPU model,CPUCache,Date:,Engine,Entries,Keys [bytes each],Median [micros/op],Open [millis/op],Path,Percentilie P50.000000 [micros/op],Percentilie P75.000000 [micros/op],Percentilie P90.000000 [micros/op],Percentilie P99.900000 [micros/op],Percentilie P99.990000 [micros/op],RawSize [MB (estimated)],Values [bytes each],extra_data,micros/op (avarage),ops/sec,throughput [MB/s],Threads
2,deleterandom,64,Intel(R) Xeon(R) Gold 6326 CPU @ 2.90GHz,24576 KB,10/29/22 02:11:57,cmap,1000000,16,20.527447,,/mnt/pmem0/pmemkv,20.527447,23.107965,24.656275,43.074246,2625.000000,991.821289,1024,,14.758908,67755.687500,0.000000,1
2,deleterandom,64,Intel(R) Xeon(R) Gold 6326 CPU @ 2.90GHz,24576 KB,10/29/22 02:12:36,cmap,1000000,16,2.823624,,/mnt/pmem0/pmemkv,2.823624,22.307683,24.238448,41.722689,3226.351351,991.821289,1024,,10.938495,182416.078125,0.000000,2
2,deleterandom,64,Intel(R) Xeon(R) Gold 6326 CPU @ 2.90GHz,24576 KB,10/29/22 02:13:12,cmap,1000000,16,1.795203,,/mnt/pmem0/pmemkv,1.795203,3.962289,23.251283,39.721390,300.000000,991.821289,1024,,6.661901,599183.250000,0.000000,4
2,deleterandom,64,Intel(R) Xeon(R) Gold 6326 CPU @ 2.90GHz,24576 KB,10/29/22 02:13:45,cmap,1000000,16,1.562070,,/mnt/pmem0/pmemkv,1.562070,1.972478,21.120408,38.717487,89.567901,991.821289,1024,,3.890421,2047661.375000,0.000000,8
2,deleterandom,64,Intel(R) Xeon(R) Gold 6326 CPU @ 2.90GHz,24576 KB,10/29/22 02:14:14,cmap,1000000,16,1.489005,,/mnt/pmem0/pmemkv,1.489005,1.891171,2.832860,38.164238,81.900685,991.821289,1024,,2.494134,6358158.000000,0.000000,16
2,deleterandom,64,Intel(R) Xeon(R) Gold 6326 CPU @ 2.90GHz,24576 KB,10/29/22 02:14:54,cmap,1000000,16,1.826849,,/mnt/pmem0/pmemkv,1.826849,2.481880,2.950252,64.131695,111.496936,991.821289,1024,,2.792104,11231298.000000,0.000000,32
