id,Benchmark,CPU,CPU model,CPUCache,Date:,Engine,Entries,Keys [bytes each],Median [micros/op],Open [millis/op],Path,Percentilie P50.000000 [micros/op],Percentilie P75.000000 [micros/op],Percentilie P90.000000 [micros/op],Percentilie P99.900000 [micros/op],Percentilie P99.990000 [micros/op],RawSize [MB (estimated)],Values [bytes each],extra_data,micros/op (avarage),ops/sec,throughput [MB/s],Threads
2,deleteseq,64,Intel(R) Xeon(R) Gold 6326 CPU @ 2.90GHz,24576 KB,10/29/22 02:00:00,cmap,1000000,16,19.380010,,/mnt/pmem0/pmemkv,19.380010,20.983554,24.278290,43.127690,2800.086572,991.821289,1024,,20.492577,48799.158854,0.000000,1
2,deleteseq,64,Intel(R) Xeon(R) Gold 6326 CPU @ 2.90GHz,24576 KB,10/29/22 02:00:45,cmap,1000000,16,22.731974,,/mnt/pmem0/pmemkv,22.731974,24.145264,25.439310,48.221749,3417.687908,991.821289,1024,,23.688722,84469.750000,0.000000,2
2,deleteseq,64,Intel(R) Xeon(R) Gold 6326 CPU @ 2.90GHz,24576 KB,10/29/22 02:01:33,cmap,1000000,16,22.698451,,/mnt/pmem0/pmemkv,22.698451,24.118099,24.969887,48.801256,3479.636578,991.821289,1024,,23.533143,169980.625000,0.000000,4
2,deleteseq,64,Intel(R) Xeon(R) Gold 6326 CPU @ 2.90GHz,24576 KB,10/29/22 02:02:23,cmap,1000000,16,24.578955,,/mnt/pmem0/pmemkv,24.578955,28.423525,32.324381,54.141354,4269.216685,991.821289,1024,,24.320966,328965.000000,0.000000,8
2,deleteseq,64,Intel(R) Xeon(R) Gold 6326 CPU @ 2.90GHz,24576 KB,10/29/22 02:03:13,cmap,1000000,16,27.290363,,/mnt/pmem0/pmemkv,27.290363,35.475152,44.396824,74.645818,5333.854764,991.821289,1024,,25.709545,622364.125000,0.000000,16
2,deleteseq,64,Intel(R) Xeon(R) Gold 6326 CPU @ 2.90GHz,24576 KB,10/29/22 02:04:16,cmap,1000000,16,27.517082,,/mnt/pmem0/pmemkv,27.517082,40.286078,61.414596,136.628804,6733.147367,991.821289,1024,,29.005550,1103477.791667,0.000000,32
