readseq_threads_1.csv
id,Benchmark,CPU,CPU model,CPUCache,Date:,Engine,Entries,Keys [bytes each],Median [micros/op],Open [millis/op],Path,Percentilie P50.000000 [micros/op],Percentilie P75.000000 [micros/op],Percentilie P90.000000 [micros/op],Percentilie P99.900000 [micros/op],Percentilie P99.990000 [micros/op],RawSize [MB (estimated)],Values [bytes each],extra_data,micros/op (avarage),ops/sec,throughput [MB/s],Threads
2,readseq,64,Intel(R) Xeon(R) Gold 6326 CPU @ 2.90GHz,24576 KB,10/28/22 22:11:50,cmap,1000000,16,1.332983,,/mnt/pmem0/pmemkv,1.332983,1.883740,2.668192,8.169797,11.634855,991.821289,1024,(1000000 of 10000000 found by one thread),0.936453,1067859.375000,120.577385,1
2,readseq,64,Intel(R) Xeon(R) Gold 6326 CPU @ 2.90GHz,24576 KB,10/28/22 22:12:09,cmap,1000000,16,1.113571,,/mnt/pmem0/pmemkv,1.113571,1.735064,2.489031,10.168305,13.577335,991.821289,1024,(1000000 of 10000000 found by one thread),0.851300,2349344.500000,265.276337,2
2,readseq,64,Intel(R) Xeon(R) Gold 6326 CPU @ 2.90GHz,24576 KB,10/28/22 22:12:27,cmap,1000000,16,1.070063,,/mnt/pmem0/pmemkv,1.070063,1.717971,2.493867,12.042798,15.596489,991.821289,1024,(1000000 of 10000000 found by one thread),0.912315,4384451.000000,495.070465,4
2,readseq,64,Intel(R) Xeon(R) Gold 6326 CPU @ 2.90GHz,24576 KB,10/28/22 22:12:46,cmap,1000000,16,1.046901,,/mnt/pmem0/pmemkv,1.046901,1.710796,2.457456,14.028563,17.623398,991.821289,1024,(1000000 of 10000000 found by one thread),0.902872,8860613.000000,1000.496460,8
2,readseq,64,Intel(R) Xeon(R) Gold 6326 CPU @ 2.90GHz,24576 KB,10/28/22 22:13:06,cmap,1000000,16,1.053796,,/mnt/pmem0/pmemkv,1.053796,1.744948,2.567253,17.065849,23.475770,991.821289,1024,(1000000 of 10000000 found by one thread),0.895482,17867348.000000,2017.492432,16
2,readseq,64,Intel(R) Xeon(R) Gold 6326 CPU @ 2.90GHz,24576 KB,10/28/22 22:13:30,cmap,1000000,16,1.242150,,/mnt/pmem0/pmemkv,1.242150,1.822825,2.777113,24.363936,34.000245,991.821289,1024,(1000000 of 10000000 found by one thread),1.084993,29493232.000000,3330.229492,32
readseq_threads_2.csv
id,Benchmark,CPU,CPU model,CPUCache,Date:,Engine,Entries,Keys [bytes each],Median [micros/op],Open [millis/op],Path,Percentilie P50.000000 [micros/op],Percentilie P75.000000 [micros/op],Percentilie P90.000000 [micros/op],Percentilie P99.900000 [micros/op],Percentilie P99.990000 [micros/op],RawSize [MB (estimated)],Values [bytes each],extra_data,micros/op (avarage),ops/sec,throughput [MB/s],Threads
2,readseq,64,Intel(R) Xeon(R) Gold 6326 CPU @ 2.90GHz,24576 KB,10/28/22 22:13:49,cmap,1000000,16,1.327291,,/mnt/pmem0/pmemkv,1.327291,1.879136,2.654267,7.954683,11.372498,991.821289,1024,(1000000 of 10000000 found by one thread),0.926266,1079603.750000,121.903496,1
2,readseq,64,Intel(R) Xeon(R) Gold 6326 CPU @ 2.90GHz,24576 KB,10/28/22 22:14:08,cmap,1000000,16,1.112385,,/mnt/pmem0/pmemkv,1.112385,1.734218,2.487511,10.347891,13.660440,991.821289,1024,(1000000 of 10000000 found by one thread),0.854283,2341141.750000,264.350128,2
2,readseq,64,Intel(R) Xeon(R) Gold 6326 CPU @ 2.90GHz,24576 KB,10/28/22 22:14:26,cmap,1000000,16,1.068005,,/mnt/pmem0/pmemkv,1.068005,1.717535,2.493880,11.989509,15.571767,991.821289,1024,(1000000 of 10000000 found by one thread),0.908684,4401968.000000,497.048370,4
2,readseq,64,Intel(R) Xeon(R) Gold 6326 CPU @ 2.90GHz,24576 KB,10/28/22 22:14:45,cmap,1000000,16,1.043804,,/mnt/pmem0/pmemkv,1.043804,1.708849,2.454509,13.939179,17.520565,991.821289,1024,(1000000 of 10000000 found by one thread),0.899173,8897059.000000,1004.611816,8
2,readseq,64,Intel(R) Xeon(R) Gold 6326 CPU @ 2.90GHz,24576 KB,10/28/22 22:15:04,cmap,1000000,16,1.054842,,/mnt/pmem0/pmemkv,1.054842,1.743031,2.559658,17.334258,23.677034,991.821289,1024,(1000000 of 10000000 found by one thread),0.896778,17841434.000000,2014.566162,16
2,readseq,64,Intel(R) Xeon(R) Gold 6326 CPU @ 2.90GHz,24576 KB,10/28/22 22:15:28,cmap,1000000,16,1.231007,,/mnt/pmem0/pmemkv,1.231007,1.818072,2.772438,24.403095,34.021458,991.821289,1024,(1000000 of 10000000 found by one thread),1.079126,29653552.000000,3348.332031,32
readseq_threads_3.csv
id,Benchmark,CPU,CPU model,CPUCache,Date:,Engine,Entries,Keys [bytes each],Median [micros/op],Open [millis/op],Path,Percentilie P50.000000 [micros/op],Percentilie P75.000000 [micros/op],Percentilie P90.000000 [micros/op],Percentilie P99.900000 [micros/op],Percentilie P99.990000 [micros/op],RawSize [MB (estimated)],Values [bytes each],extra_data,micros/op (avarage),ops/sec,throughput [MB/s],Threads
2,readseq,64,Intel(R) Xeon(R) Gold 6326 CPU @ 2.90GHz,24576 KB,10/28/22 22:15:47,cmap,1000000,16,1.325609,,/mnt/pmem0/pmemkv,1.325609,1.877597,2.650979,7.957161,11.412073,991.821289,1024,(1000000 of 10000000 found by one thread),0.924383,1081802.500000,122.151779,1
2,readseq,64,Intel(R) Xeon(R) Gold 6326 CPU @ 2.90GHz,24576 KB,10/28/22 22:16:06,cmap,1000000,16,1.110234,,/mnt/pmem0/pmemkv,1.110234,1.732877,2.484725,10.267212,13.627470,991.821289,1024,(1000000 of 10000000 found by one thread),0.851251,2349480.250000,265.291656,2
2,readseq,64,Intel(R) Xeon(R) Gold 6326 CPU @ 2.90GHz,24576 KB,10/28/22 22:16:24,cmap,1000000,16,1.069288,,/mnt/pmem0/pmemkv,1.069288,1.717394,2.492263,11.969827,15.515014,991.821289,1024,(1000000 of 10000000 found by one thread),0.908899,4400930.000000,496.931183,4
2,readseq,64,Intel(R) Xeon(R) Gold 6326 CPU @ 2.90GHz,24576 KB,10/28/22 22:16:43,cmap,1000000,16,1.040239,,/mnt/pmem0/pmemkv,1.040239,1.708103,2.455466,13.959948,17.558507,991.821289,1024,(1000000 of 10000000 found by one thread),0.899201,8896768.000000,1004.578979,8
2,readseq,64,Intel(R) Xeon(R) Gold 6326 CPU @ 2.90GHz,24576 KB,10/28/22 22:17:02,cmap,1000000,16,1.052343,,/mnt/pmem0/pmemkv,1.052343,1.743325,2.564139,17.260052,23.613493,991.821289,1024,(1000000 of 10000000 found by one thread),0.896001,17857032.000000,2016.327393,16
2,readseq,64,Intel(R) Xeon(R) Gold 6326 CPU @ 2.90GHz,24576 KB,10/28/22 22:17:26,cmap,1000000,16,1.231511,,/mnt/pmem0/pmemkv,1.231511,1.818583,2.773796,24.299449,33.890338,991.821289,1024,(1000000 of 10000000 found by one thread),1.077062,29710392.000000,3354.750000,32
