id,Benchmark,CPU,CPU model,CPUCache,Date:,Engine,Entries,Keys [bytes each],Median [micros/op],Open [millis/op],Path,Percentilie P50.000000 [micros/op],Percentilie P75.000000 [micros/op],Percentilie P90.000000 [micros/op],Percentilie P99.900000 [micros/op],Percentilie P99.990000 [micros/op],RawSize [MB (estimated)],Values [bytes each],extra_data,micros/op (avarage),ops/sec,throughput [MB/s],Threads
2,readrandom,64,Intel(R) Xeon(R) Gold 6326 CPU @ 2.90GHz,24576 KB,10/28/22 22:22:17,cmap,1000000,16,1.513425,,/mnt/pmem0/pmemkv,1.513425,2.163715,2.913969,7.947551,10.890607,991.821289,1024,(1002361 of 10000000 found by one thread),1.135622,880575.125000,99.633207,1
2,readrandom,64,Intel(R) Xeon(R) Gold 6326 CPU @ 2.90GHz,24576 KB,10/28/22 22:22:38,cmap,1000000,16,1.475359,,/mnt/pmem0/pmemkv,1.475359,2.057653,2.838919,7.176527,9.912681,991.821289,1024,(1002361 of 10000000 found by one thread),1.070665,1865588.625000,210.831461,2
2,readrandom,64,Intel(R) Xeon(R) Gold 6326 CPU @ 2.90GHz,24576 KB,10/28/22 22:22:59,cmap,1000000,16,1.467875,,/mnt/pmem0/pmemkv,1.467875,2.034701,2.839417,6.513374,9.649303,991.821289,1024,(1002361 of 10000000 found by one thread),1.058554,3767362.916667,425.915731,4
2,readrandom,64,Intel(R) Xeon(R) Gold 6326 CPU @ 2.90GHz,24576 KB,10/28/22 22:23:19,cmap,1000000,16,1.486424,,/mnt/pmem0/pmemkv,1.486424,2.086720,2.916007,5.950157,9.026898,991.821289,1024,(1002361 of 10000000 found by one thread),1.091812,7306245.833333,826.077942,8
2,readrandom,64,Intel(R) Xeon(R) Gold 6326 CPU @ 2.90GHz,24576 KB,10/28/22 22:23:41,cmap,1000000,16,1.553415,,/mnt/pmem0/pmemkv,1.553415,2.289337,3.307906,6.609561,9.288885,991.821289,1024,(1002361 of 10000000 found by one thread),1.222793,13038760.333333,1473.999227,16
2,readrandom,64,Intel(R) Xeon(R) Gold 6326 CPU @ 2.90GHz,24576 KB,10/28/22 22:24:08,cmap,1000000,16,1.783809,,/mnt/pmem0/pmemkv,1.783809,2.931786,4.346219,8.999786,14.978666,991.821289,1024,(1002361 of 10000000 found by one thread),1.695359,18834146.000000,2128.851399,32
