readrandom_threads_1.csv
id,Benchmark,CPU,CPU model,CPUCache,Date:,Engine,Entries,Keys [bytes each],Median [micros/op],Open [millis/op],Path,Percentilie P50.000000 [micros/op],Percentilie P75.000000 [micros/op],Percentilie P90.000000 [micros/op],Percentilie P99.900000 [micros/op],Percentilie P99.990000 [micros/op],RawSize [MB (estimated)],Values [bytes each],extra_data,micros/op (avarage),ops/sec,throughput [MB/s],Threads
2,readrandom,64,Intel(R) Xeon(R) Gold 6326 CPU @ 2.90GHz,24576 KB,10/28/22 22:17:47,cmap,1000000,16,1.513895,,/mnt/pmem0/pmemkv,1.513895,2.165086,2.914879,7.964565,10.943005,991.821289,1024,(1002361 of 10000000 found by one thread),1.136333,880023.625000,99.570808,1
2,readrandom,64,Intel(R) Xeon(R) Gold 6326 CPU @ 2.90GHz,24576 KB,10/28/22 22:18:08,cmap,1000000,16,1.475569,,/mnt/pmem0/pmemkv,1.475569,2.058483,2.839803,7.199673,9.921569,991.821289,1024,(1002361 of 10000000 found by one thread),1.071222,1864636.875000,210.723907,2
2,readrandom,64,Intel(R) Xeon(R) Gold 6326 CPU @ 2.90GHz,24576 KB,10/28/22 22:18:28,cmap,1000000,16,1.466702,,/mnt/pmem0/pmemkv,1.466702,2.032223,2.836615,6.522453,9.650429,991.821289,1024,(1002361 of 10000000 found by one thread),1.056862,3777252.500000,427.033783,4
2,readrandom,64,Intel(R) Xeon(R) Gold 6326 CPU @ 2.90GHz,24576 KB,10/28/22 22:18:49,cmap,1000000,16,1.487206,,/mnt/pmem0/pmemkv,1.487206,2.088251,2.916899,5.965845,9.057692,991.821289,1024,(1002361 of 10000000 found by one thread),1.092891,7298752.500000,825.230713,8
2,readrandom,64,Intel(R) Xeon(R) Gold 6326 CPU @ 2.90GHz,24576 KB,10/28/22 22:19:10,cmap,1000000,16,1.552450,,/mnt/pmem0/pmemkv,1.552450,2.286167,3.302274,6.572245,9.161950,991.821289,1024,(1002361 of 10000000 found by one thread),1.220628,13060452.000000,1476.451416,16
2,readrandom,64,Intel(R) Xeon(R) Gold 6326 CPU @ 2.90GHz,24576 KB,10/28/22 22:19:37,cmap,1000000,16,1.783964,,/mnt/pmem0/pmemkv,1.783964,2.932581,4.348714,9.042607,15.333730,991.821289,1024,(1002361 of 10000000 found by one thread),1.696496,18828446.000000,2128.207031,32
readrandom_threads_2.csv
id,Benchmark,CPU,CPU model,CPUCache,Date:,Engine,Entries,Keys [bytes each],Median [micros/op],Open [millis/op],Path,Percentilie P50.000000 [micros/op],Percentilie P75.000000 [micros/op],Percentilie P90.000000 [micros/op],Percentilie P99.900000 [micros/op],Percentilie P99.990000 [micros/op],RawSize [MB (estimated)],Values [bytes each],extra_data,micros/op (avarage),ops/sec,throughput [MB/s],Threads
2,readrandom,64,Intel(R) Xeon(R) Gold 6326 CPU @ 2.90GHz,24576 KB,10/28/22 22:20:02,cmap,1000000,16,1.513130,,/mnt/pmem0/pmemkv,1.513130,2.162838,2.913352,7.947631,10.917127,991.821289,1024,(1002361 of 10000000 found by one thread),1.135256,880858.812500,99.665306,1
2,readrandom,64,Intel(R) Xeon(R) Gold 6326 CPU @ 2.90GHz,24576 KB,10/28/22 22:20:23,cmap,1000000,16,1.475360,,/mnt/pmem0/pmemkv,1.475360,2.057744,2.838931,7.169263,9.913549,991.821289,1024,(1002361 of 10000000 found by one thread),1.070683,1865872.375000,210.863525,2
2,readrandom,64,Intel(R) Xeon(R) Gold 6326 CPU @ 2.90GHz,24576 KB,10/28/22 22:20:44,cmap,1000000,16,1.468789,,/mnt/pmem0/pmemkv,1.468789,2.036551,2.841463,6.512279,9.651025,991.821289,1024,(1002361 of 10000000 found by one thread),1.059842,3763834.500000,425.516815,4
2,readrandom,64,Intel(R) Xeon(R) Gold 6326 CPU @ 2.90GHz,24576 KB,10/28/22 22:21:04,cmap,1000000,16,1.486593,,/mnt/pmem0/pmemkv,1.486593,2.086859,2.915811,5.941986,8.990287,991.821289,1024,(1002361 of 10000000 found by one thread),1.091807,7313430.500000,826.890259,8
2,readrandom,64,Intel(R) Xeon(R) Gold 6326 CPU @ 2.90GHz,24576 KB,10/28/22 22:21:25,cmap,1000000,16,1.554417,,/mnt/pmem0/pmemkv,1.554417,2.292333,3.312812,6.627595,9.300085,991.821289,1024,(1002361 of 10000000 found by one thread),1.224711,13018355.000000,1471.692505,16
2,readrandom,64,Intel(R) Xeon(R) Gold 6326 CPU @ 2.90GHz,24576 KB,10/28/22 22:21:53,cmap,1000000,16,1.785707,,/mnt/pmem0/pmemkv,1.785707,2.936186,4.355331,8.990009,14.546208,991.821289,1024,(1002361 of 10000000 found by one thread),1.699232,18781770.000000,2122.931396,32
readrandom_threads_3.csv
id,Benchmark,CPU,CPU model,CPUCache,Date:,Engine,Entries,Keys [bytes each],Median [micros/op],Open [millis/op],Path,Percentilie P50.000000 [micros/op],Percentilie P75.000000 [micros/op],Percentilie P90.000000 [micros/op],Percentilie P99.900000 [micros/op],Percentilie P99.990000 [micros/op],RawSize [MB (estimated)],Values [bytes each],extra_data,micros/op (avarage),ops/sec,throughput [MB/s],Threads
2,readrandom,64,Intel(R) Xeon(R) Gold 6326 CPU @ 2.90GHz,24576 KB,10/28/22 22:22:17,cmap,1000000,16,1.513251,,/mnt/pmem0/pmemkv,1.513251,2.163220,2.913676,7.930456,10.811688,991.821289,1024,(1002361 of 10000000 found by one thread),1.135276,880842.937500,99.663506,1
2,readrandom,64,Intel(R) Xeon(R) Gold 6326 CPU @ 2.90GHz,24576 KB,10/28/22 22:22:38,cmap,1000000,16,1.475149,,/mnt/pmem0/pmemkv,1.475149,2.056732,2.838022,7.160645,9.902924,991.821289,1024,(1002361 of 10000000 found by one thread),1.070090,1866256.625000,210.906952,2
2,readrandom,64,Intel(R) Xeon(R) Gold 6326 CPU @ 2.90GHz,24576 KB,10/28/22 22:22:59,cmap,1000000,16,1.468135,,/mnt/pmem0/pmemkv,1.468135,2.035330,2.840172,6.505390,9.646456,991.821289,1024,(1002361 of 10000000 found by one thread),1.058957,3761001.750000,425.196594,4
2,readrandom,64,Intel(R) Xeon(R) Gold 6326 CPU @ 2.90GHz,24576 KB,10/28/22 22:23:19,cmap,1000000,16,1.485473,,/mnt/pmem0/pmemkv,1.485473,2.085050,2.915312,5.942639,9.032714,991.821289,1024,(1002361 of 10000000 found by one thread),1.090737,7306554.500000,826.112854,8
2,readrandom,64,Intel(R) Xeon(R) Gold 6326 CPU @ 2.90GHz,24576 KB,10/28/22 22:23:41,cmap,1000000,16,1.553377,,/mnt/pmem0/pmemkv,1.553377,2.289511,3.308631,6.628842,9.404621,991.821289,1024,(1002361 of 10000000 found by one thread),1.223040,13037474.000000,1473.853760,16
2,readrandom,64,Intel(R) Xeon(R) Gold 6326 CPU @ 2.90GHz,24576 KB,10/28/22 22:24:08,cmap,1000000,16,1.781757,,/mnt/pmem0/pmemkv,1.781757,2.926590,4.334612,8.966741,15.056059,991.821289,1024,(1002361 of 10000000 found by one thread),1.690349,18892222.000000,2135.415771,32
