id,Benchmark,CPU,CPU model,CPUCache,Date:,Engine,Entries,Keys [bytes each],Median [micros/op],Open [millis/op],Path,Percentilie P50.000000 [micros/op],Percentilie P75.000000 [micros/op],Percentilie P90.000000 [micros/op],Percentilie P99.900000 [micros/op],Percentilie P99.990000 [micros/op],RawSize [MB (estimated)],Values [bytes each],extra_data,micros/op (avarage),ops/sec,throughput [MB/s],Threads
2,readseq,64,Intel(R) Xeon(R) Gold 6326 CPU @ 2.90GHz,24576 KB,10/28/22 22:15:47,cmap,1000000,16,1.328628,,/mnt/pmem0/pmemkv,1.328628,1.880158,2.657813,8.027214,11.473142,991.821289,1024,(1000000 of 10000000 found by one thread),0.929034,1076421.875000,121.544220,1
2,readseq,64,Intel(R) Xeon(R) Gold 6326 CPU @ 2.90GHz,24576 KB,10/28/22 22:16:06,cmap,1000000,16,1.112063,,/mnt/pmem0/pmemkv,1.112063,1.734053,2.487089,10.261136,13.621748,991.821289,1024,(1000000 of 10000000 found by one thread),0.852278,2346655.500000,264.972707,2
2,readseq,64,Intel(R) Xeon(R) Gold 6326 CPU @ 2.90GHz,24576 KB,10/28/22 22:16:24,cmap,1000000,16,1.069119,,/mnt/pmem0/pmemkv,1.069119,1.717633,2.493337,12.000711,15.561090,991.821289,1024,(1000000 of 10000000 found by one thread),0.909966,4395783.000000,496.350006,4
2,readseq,64,Intel(R) Xeon(R) Gold 6326 CPU @ 2.90GHz,24576 KB,10/28/22 22:16:43,cmap,1000000,16,1.043648,,/mnt/pmem0/pmemkv,1.043648,1.709249,2.455810,13.975897,17.567490,991.821289,1024,(1000000 of 10000000 found by one thread),0.900415,8884813.333333,1003.229085,8
2,readseq,64,Intel(R) Xeon(R) Gold 6326 CPU @ 2.90GHz,24576 KB,10/28/22 22:17:02,cmap,1000000,16,1.053660,,/mnt/pmem0/pmemkv,1.053660,1.743768,2.563683,17.220053,23.588766,991.821289,1024,(1000000 of 10000000 found by one thread),0.896087,17855271.333333,2016.128662,16
2,readseq,64,Intel(R) Xeon(R) Gold 6326 CPU @ 2.90GHz,24576 KB,10/28/22 22:17:26,cmap,1000000,16,1.234889,,/mnt/pmem0/pmemkv,1.234889,1.819827,2.774449,24.355493,33.970680,991.821289,1024,(1000000 of 10000000 found by one thread),1.080394,29619058.666667,3344.437174,32
