readrandomwriterandom_threads_1.csv
id,Benchmark,CPU,CPU model,CPUCache,Date:,Engine,Entries,Keys [bytes each],Median [micros/op],Open [millis/op],Path,Percentilie P50.000000 [micros/op],Percentilie P75.000000 [micros/op],Percentilie P90.000000 [micros/op],Percentilie P99.900000 [micros/op],Percentilie P99.990000 [micros/op],RawSize [MB (estimated)],Values [bytes each],extra_data,micros/op (avarage),ops/sec,throughput [MB/s],Threads
2,readrandomwriterandom,64,Intel(R) Xeon(R) Gold 6326 CPU @ 2.90GHz,24576 KB,10/29/22 12:51:52,cmap,1000000,16,5.485039,,/mnt/pmem0/pmemkv,5.485039,6.460572,7.738221,23.229596,33.304135,991.821289,1024,(reads:9500000 writes:500000 total:10000000 found:9500000),5.733887,174401.781250,172.975388,1
2,readrandomwriterandom,64,Intel(R) Xeon(R) Gold 6326 CPU @ 2.90GHz,24576 KB,10/29/22 12:53:28,cmap,1000000,16,5.502830,,/mnt/pmem0/pmemkv,5.502830,6.491100,7.738972,23.766686,32.826545,991.821289,1024,(reads:9500000 writes:500000 total:10000000 found:9500000),5.811826,344107.218750,341.292877,2
2,readrandomwriterandom,64,Intel(R) Xeon(R) Gold 6326 CPU @ 2.90GHz,24576 KB,10/29/22 12:55:06,cmap,1000000,16,5.557952,,/mnt/pmem0/pmemkv,5.557952,6.562795,7.775608,23.072226,29.442945,991.821289,1024,(reads:9500000 writes:500000 total:10000000 found:9500000),5.851768,682158.250000,676.579102,4
2,readrandomwriterandom,64,Intel(R) Xeon(R) Gold 6326 CPU @ 2.90GHz,24576 KB,10/29/22 12:56:44,cmap,1000000,16,5.676762,,/mnt/pmem0/pmemkv,5.676762,6.733643,7.895882,23.417374,27.674366,991.821289,1024,(reads:9500000 writes:500000 total:10000000 found:9500000),5.983470,1332620.625000,1321.721558,8
2,readrandomwriterandom,64,Intel(R) Xeon(R) Gold 6326 CPU @ 2.90GHz,24576 KB,10/29/22 12:58:24,cmap,1000000,16,6.003831,,/mnt/pmem0/pmemkv,6.003831,7.170539,8.590369,24.266404,28.308488,991.821289,1024,(reads:9500000 writes:500000 total:10000000 found:9500000),6.370914,2482678.500000,2462.373291,16
2,readrandomwriterandom,64,Intel(R) Xeon(R) Gold 6326 CPU @ 2.90GHz,24576 KB,10/29/22 13:00:24,cmap,1000000,16,8.660959,,/mnt/pmem0/pmemkv,8.660959,10.172705,11.920305,34.441261,43.518333,991.821289,1024,(reads:9500000 writes:500000 total:10000000 found:9500000),9.420452,3375674.750000,3348.066162,32
readrandomwriterandom_threads_2.csv
id,Benchmark,CPU,CPU model,CPUCache,Date:,Engine,Entries,Keys [bytes each],Median [micros/op],Open [millis/op],Path,Percentilie P50.000000 [micros/op],Percentilie P75.000000 [micros/op],Percentilie P90.000000 [micros/op],Percentilie P99.900000 [micros/op],Percentilie P99.990000 [micros/op],RawSize [MB (estimated)],Values [bytes each],extra_data,micros/op (avarage),ops/sec,throughput [MB/s],Threads
2,readrandomwriterandom,64,Intel(R) Xeon(R) Gold 6326 CPU @ 2.90GHz,24576 KB,10/29/22 13:02:33,cmap,1000000,16,5.433317,,/mnt/pmem0/pmemkv,5.433317,6.418231,7.711971,23.293959,33.355493,991.821289,1024,(reads:9500000 writes:500000 total:10000000 found:9500000),5.689035,175776.718750,174.339096,1
2,readrandomwriterandom,64,Intel(R) Xeon(R) Gold 6326 CPU @ 2.90GHz,24576 KB,10/29/22 13:04:09,cmap,1000000,16,5.471495,,/mnt/pmem0/pmemkv,5.471495,6.453072,7.712300,23.435613,32.275704,991.821289,1024,(reads:9500000 writes:500000 total:10000000 found:9500000),5.768373,346685.343750,343.849884,2
2,readrandomwriterandom,64,Intel(R) Xeon(R) Gold 6326 CPU @ 2.90GHz,24576 KB,10/29/22 13:05:46,cmap,1000000,16,5.565539,,/mnt/pmem0/pmemkv,5.565539,6.568685,7.777567,22.835883,29.461509,991.821289,1024,(reads:9500000 writes:500000 total:10000000 found:9500000),5.852419,681288.062500,675.716003,4
2,readrandomwriterandom,64,Intel(R) Xeon(R) Gold 6326 CPU @ 2.90GHz,24576 KB,10/29/22 13:07:24,cmap,1000000,16,5.697406,,/mnt/pmem0/pmemkv,5.697406,6.755246,7.910193,23.621003,28.083887,991.821289,1024,(reads:9500000 writes:500000 total:10000000 found:9500000),6.009580,1323511.000000,1312.686401,8
2,readrandomwriterandom,64,Intel(R) Xeon(R) Gold 6326 CPU @ 2.90GHz,24576 KB,10/29/22 13:09:05,cmap,1000000,16,5.995841,,/mnt/pmem0/pmemkv,5.995841,7.163512,8.586874,24.269349,28.176256,991.821289,1024,(reads:9500000 writes:500000 total:10000000 found:9500000),6.362999,2492056.750000,2471.674805,16
2,readrandomwriterandom,64,Intel(R) Xeon(R) Gold 6326 CPU @ 2.90GHz,24576 KB,10/29/22 13:11:04,cmap,1000000,16,8.622967,,/mnt/pmem0/pmemkv,8.622967,10.111593,11.899245,34.418088,42.977177,991.821289,1024,(reads:9500000 writes:500000 total:10000000 found:9500000),9.377184,3375768.500000,3348.159180,32
readrandomwriterandom_threads_3.csv
id,Benchmark,CPU,CPU model,CPUCache,Date:,Engine,Entries,Keys [bytes each],Median [micros/op],Open [millis/op],Path,Percentilie P50.000000 [micros/op],Percentilie P75.000000 [micros/op],Percentilie P90.000000 [micros/op],Percentilie P99.900000 [micros/op],Percentilie P99.990000 [micros/op],RawSize [MB (estimated)],Values [bytes each],extra_data,micros/op (avarage),ops/sec,throughput [MB/s],Threads
2,readrandomwriterandom,64,Intel(R) Xeon(R) Gold 6326 CPU @ 2.90GHz,24576 KB,10/29/22 13:13:14,cmap,1000000,16,5.462980,,/mnt/pmem0/pmemkv,5.462980,6.440485,7.725154,23.325784,33.375427,991.821289,1024,(reads:9500000 writes:500000 total:10000000 found:9500000),5.718966,174856.765625,173.426666,1
2,readrandomwriterandom,64,Intel(R) Xeon(R) Gold 6326 CPU @ 2.90GHz,24576 KB,10/29/22 13:14:50,cmap,1000000,16,5.478852,,/mnt/pmem0/pmemkv,5.478852,6.465279,7.722576,23.562765,32.328581,991.821289,1024,(reads:9500000 writes:500000 total:10000000 found:9500000),5.781961,345888.312500,343.059418,2
2,readrandomwriterandom,64,Intel(R) Xeon(R) Gold 6326 CPU @ 2.90GHz,24576 KB,10/29/22 13:16:27,cmap,1000000,16,5.573793,,/mnt/pmem0/pmemkv,5.573793,6.580249,7.785252,23.118311,29.483064,991.821289,1024,(reads:9500000 writes:500000 total:10000000 found:9500000),5.867371,679241.937500,673.686646,4
2,readrandomwriterandom,64,Intel(R) Xeon(R) Gold 6326 CPU @ 2.90GHz,24576 KB,10/29/22 13:18:06,cmap,1000000,16,5.684203,,/mnt/pmem0/pmemkv,5.684203,6.738894,7.898192,23.538052,27.801439,991.821289,1024,(reads:9500000 writes:500000 total:10000000 found:9500000),5.995497,1324005.125000,1313.176514,8
2,readrandomwriterandom,64,Intel(R) Xeon(R) Gold 6326 CPU @ 2.90GHz,24576 KB,10/29/22 13:19:46,cmap,1000000,16,6.116445,,/mnt/pmem0/pmemkv,6.116445,7.262596,8.666750,24.211033,28.111600,991.821289,1024,(reads:9500000 writes:500000 total:10000000 found:9500000),6.444342,2423088.750000,2403.270996,16
2,readrandomwriterandom,64,Intel(R) Xeon(R) Gold 6326 CPU @ 2.90GHz,24576 KB,10/29/22 13:21:47,cmap,1000000,16,8.657046,,/mnt/pmem0/pmemkv,8.657046,10.164055,11.915589,34.433778,43.436788,991.821289,1024,(reads:9500000 writes:500000 total:10000000 found:9500000),9.415131,3372695.250000,3345.110840,32
