id,Benchmark,CPU,CPU model,CPUCache,Date:,Engine,Entries,Keys [bytes each],Median [micros/op],Open [millis/op],Path,Percentilie P50.000000 [micros/op],Percentilie P75.000000 [micros/op],Percentilie P90.000000 [micros/op],Percentilie P99.900000 [micros/op],Percentilie P99.990000 [micros/op],RawSize [MB (estimated)],Values [bytes each],extra_data,micros/op (avarage),ops/sec,throughput [MB/s],Threads
2,readrandomwriterandom,64,Intel(R) Xeon(R) Gold 6326 CPU @ 2.90GHz,24576 KB,10/29/22 13:13:14,cmap,1000000,16,5.460445,,/mnt/pmem0/pmemkv,5.460445,6.439763,7.725115,23.283113,33.345018,991.821289,1024,(reads:9500000 writes:500000 total:10000000 found:9500000),5.713963,175011.755208,173.580383,1
2,readrandomwriterandom,64,Intel(R) Xeon(R) Gold 6326 CPU @ 2.90GHz,24576 KB,10/29/22 13:14:50,cmap,1000000,16,5.484392,,/mnt/pmem0/pmemkv,5.484392,6.469817,7.724616,23.588355,32.476943,991.821289,1024,(reads:9500000 writes:500000 total:10000000 found:9500000),5.787387,345560.291667,342.734060,2
2,readrandomwriterandom,64,Intel(R) Xeon(R) Gold 6326 CPU @ 2.90GHz,24576 KB,10/29/22 13:16:27,cmap,1000000,16,5.565761,,/mnt/pmem0/pmemkv,5.565761,6.570576,7.779476,23.008807,29.462506,991.821289,1024,(reads:9500000 writes:500000 total:10000000 found:9500000),5.857186,680896.083333,675.327250,4
2,readrandomwriterandom,64,Intel(R) Xeon(R) Gold 6326 CPU @ 2.90GHz,24576 KB,10/29/22 13:18:06,cmap,1000000,16,5.686124,,/mnt/pmem0/pmemkv,5.686124,6.742594,7.901422,23.525476,27.853231,991.821289,1024,(reads:9500000 writes:500000 total:10000000 found:9500000),5.996182,1326712.250000,1315.861491,8
2,readrandomwriterandom,64,Intel(R) Xeon(R) Gold 6326 CPU @ 2.90GHz,24576 KB,10/29/22 13:19:46,cmap,1000000,16,6.038706,,/mnt/pmem0/pmemkv,6.038706,7.198882,8.614664,24.248929,28.198781,991.821289,1024,(reads:9500000 writes:500000 total:10000000 found:9500000),6.392752,2465941.333333,2445.773031,16
2,readrandomwriterandom,64,Intel(R) Xeon(R) Gold 6326 CPU @ 2.90GHz,24576 KB,10/29/22 13:21:47,cmap,1000000,16,8.646991,,/mnt/pmem0/pmemkv,8.646991,10.149451,11.911713,34.431042,43.310766,991.821289,1024,(reads:9500000 writes:500000 total:10000000 found:9500000),9.404256,3374712.833333,3347.112061,32
