readrandomwriterandom_threads_1.csv
id,Benchmark,CPU,CPU model,CPUCache,Date:,Engine,Entries,Keys [bytes each],Median [micros/op],Open [millis/op],Path,Percentilie P50.000000 [micros/op],Percentilie P75.000000 [micros/op],Percentilie P90.000000 [micros/op],Percentilie P99.900000 [micros/op],Percentilie P99.990000 [micros/op],RawSize [MB (estimated)],Values [bytes each],extra_data,micros/op (avarage),ops/sec,throughput [MB/s],Threads
2,readrandomwriterandom,64,Intel(R) Xeon(R) Gold 6326 CPU @ 2.90GHz,24576 KB,10/28/22 23:49:21,cmap,1000000,16,3.110936,,/mnt/pmem0/pmemkv,3.110936,3.850860,4.768400,11.115231,16.216814,991.821289,1024,(reads:9500000 writes:500000 total:10000000 found:9500000),2.826576,353784.937500,350.891418,1
2,readrandomwriterandom,64,Intel(R) Xeon(R) Gold 6326 CPU @ 2.90GHz,24576 KB,10/28/22 23:50:04,cmap,1000000,16,3.149298,,/mnt/pmem0/pmemkv,3.149298,3.876964,4.801814,9.720987,13.590809,991.821289,1024,(reads:9500000 writes:500000 total:10000000 found:9500000),2.848855,701230.937500,695.495789,2
2,readrandomwriterandom,64,Intel(R) Xeon(R) Gold 6326 CPU @ 2.90GHz,24576 KB,10/28/22 23:50:49,cmap,1000000,16,3.242815,,/mnt/pmem0/pmemkv,3.242815,3.946320,4.877915,9.049520,12.902054,991.821289,1024,(reads:9500000 writes:500000 total:10000000 found:9500000),2.918168,1367074.500000,1355.893555,4
2,readrandomwriterandom,64,Intel(R) Xeon(R) Gold 6326 CPU @ 2.90GHz,24576 KB,10/28/22 23:51:33,cmap,1000000,16,3.463623,,/mnt/pmem0/pmemkv,3.463623,4.273710,5.223265,9.457296,12.703362,991.821289,1024,(reads:9500000 writes:500000 total:10000000 found:9500000),3.137371,2540514.500000,2519.736328,8
2,readrandomwriterandom,64,Intel(R) Xeon(R) Gold 6326 CPU @ 2.90GHz,24576 KB,10/28/22 23:52:21,cmap,1000000,16,3.927166,,/mnt/pmem0/pmemkv,3.927166,4.954859,6.121764,11.159405,13.588592,991.821289,1024,(reads:9500000 writes:500000 total:10000000 found:9500000),3.688629,4324023.000000,4288.657715,16
2,readrandomwriterandom,64,Intel(R) Xeon(R) Gold 6326 CPU @ 2.90GHz,24576 KB,10/28/22 23:53:25,cmap,1000000,16,5.651497,,/mnt/pmem0/pmemkv,5.651497,7.291118,9.351807,23.558162,35.831261,991.821289,1024,(reads:9500000 writes:500000 total:10000000 found:9500000),5.664636,5631801.000000,5585.740234,32
readrandomwriterandom_threads_2.csv
id,Benchmark,CPU,CPU model,CPUCache,Date:,Engine,Entries,Keys [bytes each],Median [micros/op],Open [millis/op],Path,Percentilie P50.000000 [micros/op],Percentilie P75.000000 [micros/op],Percentilie P90.000000 [micros/op],Percentilie P99.900000 [micros/op],Percentilie P99.990000 [micros/op],RawSize [MB (estimated)],Values [bytes each],extra_data,micros/op (avarage),ops/sec,throughput [MB/s],Threads
2,readrandomwriterandom,64,Intel(R) Xeon(R) Gold 6326 CPU @ 2.90GHz,24576 KB,10/28/22 23:54:35,cmap,1000000,16,3.068859,,/mnt/pmem0/pmemkv,3.068859,3.820379,4.726034,10.261101,13.841558,991.821289,1024,(reads:9500000 writes:500000 total:10000000 found:9500000),2.785121,359050.781250,356.114227,1
2,readrandomwriterandom,64,Intel(R) Xeon(R) Gold 6326 CPU @ 2.90GHz,24576 KB,10/28/22 23:55:18,cmap,1000000,16,3.162951,,/mnt/pmem0/pmemkv,3.162951,3.890888,4.825623,10.519281,13.986613,991.821289,1024,(reads:9500000 writes:500000 total:10000000 found:9500000),2.865603,697878.062500,692.170288,2
2,readrandomwriterandom,64,Intel(R) Xeon(R) Gold 6326 CPU @ 2.90GHz,24576 KB,10/28/22 23:56:02,cmap,1000000,16,3.250359,,/mnt/pmem0/pmemkv,3.250359,3.953162,4.869870,9.034391,13.167255,991.821289,1024,(reads:9500000 writes:500000 total:10000000 found:9500000),2.921143,1362729.500000,1351.584106,4
2,readrandomwriterandom,64,Intel(R) Xeon(R) Gold 6326 CPU @ 2.90GHz,24576 KB,10/28/22 23:56:47,cmap,1000000,16,3.456037,,/mnt/pmem0/pmemkv,3.456037,4.257062,5.185448,9.113990,11.969524,991.821289,1024,(reads:9500000 writes:500000 total:10000000 found:9500000),3.122895,2550940.500000,2530.077148,8
2,readrandomwriterandom,64,Intel(R) Xeon(R) Gold 6326 CPU @ 2.90GHz,24576 KB,10/28/22 23:57:34,cmap,1000000,16,3.944965,,/mnt/pmem0/pmemkv,3.944965,4.975310,6.178328,11.678336,14.765165,991.821289,1024,(reads:9500000 writes:500000 total:10000000 found:9500000),3.720285,4275234.000000,4240.268066,16
2,readrandomwriterandom,64,Intel(R) Xeon(R) Gold 6326 CPU @ 2.90GHz,24576 KB,10/28/22 23:58:36,cmap,1000000,16,5.635870,,/mnt/pmem0/pmemkv,5.635870,7.246280,9.286659,23.652419,39.341865,991.821289,1024,(reads:9500000 writes:500000 total:10000000 found:9500000),5.669157,5617240.000000,5571.297852,32
readrandomwriterandom_threads_3.csv
id,Benchmark,CPU,CPU model,CPUCache,Date:,Engine,Entries,Keys [bytes each],Median [micros/op],Open [millis/op],Path,Percentilie P50.000000 [micros/op],Percentilie P75.000000 [micros/op],Percentilie P90.000000 [micros/op],Percentilie P99.900000 [micros/op],Percentilie P99.990000 [micros/op],RawSize [MB (estimated)],Values [bytes each],extra_data,micros/op (avarage),ops/sec,throughput [MB/s],Threads
2,readrandomwriterandom,64,Intel(R) Xeon(R) Gold 6326 CPU @ 2.90GHz,24576 KB,10/28/22 23:59:46,cmap,1000000,16,3.091067,,/mnt/pmem0/pmemkv,3.091067,3.838935,4.755484,10.453369,13.995507,991.821289,1024,(reads:9500000 writes:500000 total:10000000 found:9500000),2.807052,356245.562500,353.331940,1
2,readrandomwriterandom,64,Intel(R) Xeon(R) Gold 6326 CPU @ 2.90GHz,24576 KB,10/29/22 00:00:29,cmap,1000000,16,3.134854,,/mnt/pmem0/pmemkv,3.134854,3.860866,4.777367,9.215242,13.291637,991.821289,1024,(reads:9500000 writes:500000 total:10000000 found:9500000),2.831140,705636.750000,699.865601,2
2,readrandomwriterandom,64,Intel(R) Xeon(R) Gold 6326 CPU @ 2.90GHz,24576 KB,10/29/22 00:01:13,cmap,1000000,16,3.235434,,/mnt/pmem0/pmemkv,3.235434,3.937218,4.843925,8.767402,12.416322,991.821289,1024,(reads:9500000 writes:500000 total:10000000 found:9500000),2.901419,1375689.250000,1364.437988,4
2,readrandomwriterandom,64,Intel(R) Xeon(R) Gold 6326 CPU @ 2.90GHz,24576 KB,10/29/22 00:01:57,cmap,1000000,16,3.453858,,/mnt/pmem0/pmemkv,3.453858,4.256630,5.188845,8.995892,11.893416,991.821289,1024,(reads:9500000 writes:500000 total:10000000 found:9500000),3.121155,2558192.000000,2537.269287,8
2,readrandomwriterandom,64,Intel(R) Xeon(R) Gold 6326 CPU @ 2.90GHz,24576 KB,10/29/22 00:02:44,cmap,1000000,16,3.941214,,/mnt/pmem0/pmemkv,3.941214,4.965892,6.122540,11.130728,13.582327,991.821289,1024,(reads:9500000 writes:500000 total:10000000 found:9500000),3.700207,4312412.500000,4277.142578,16
2,readrandomwriterandom,64,Intel(R) Xeon(R) Gold 6326 CPU @ 2.90GHz,24576 KB,10/29/22 00:03:44,cmap,1000000,16,5.645526,,/mnt/pmem0/pmemkv,5.645526,7.282922,9.343362,23.576919,35.947579,991.821289,1024,(reads:9500000 writes:500000 total:10000000 found:9500000),5.659607,5632130.000000,5586.066895,32
