id,Benchmark,CPU,CPU model,CPUCache,Date:,Engine,Entries,Keys [bytes each],Median [micros/op],Open [millis/op],Path,Percentilie P50.000000 [micros/op],Percentilie P75.000000 [micros/op],Percentilie P90.000000 [micros/op],Percentilie P99.900000 [micros/op],Percentilie P99.990000 [micros/op],RawSize [MB (estimated)],Values [bytes each],extra_data,micros/op (avarage),ops/sec,throughput [MB/s],Threads
2,readrandomwriterandom,64,Intel(R) Xeon(R) Gold 6326 CPU @ 2.90GHz,24576 KB,10/28/22 23:59:46,cmap,1000000,16,3.090287,,/mnt/pmem0/pmemkv,3.090287,3.836725,4.749973,10.609900,14.684626,991.821289,1024,(reads:9500000 writes:500000 total:10000000 found:9500000),2.806250,356360.427083,353.445862,1
2,readrandomwriterandom,64,Intel(R) Xeon(R) Gold 6326 CPU @ 2.90GHz,24576 KB,10/29/22 00:00:29,cmap,1000000,16,3.149034,,/mnt/pmem0/pmemkv,3.149034,3.876239,4.801601,9.818503,13.623020,991.821289,1024,(reads:9500000 writes:500000 total:10000000 found:9500000),2.848533,701581.916667,695.843893,2
2,readrandomwriterandom,64,Intel(R) Xeon(R) Gold 6326 CPU @ 2.90GHz,24576 KB,10/29/22 00:01:13,cmap,1000000,16,3.242869,,/mnt/pmem0/pmemkv,3.242869,3.945567,4.863903,8.950438,12.828544,991.821289,1024,(reads:9500000 writes:500000 total:10000000 found:9500000),2.913577,1368497.750000,1357.305216,4
2,readrandomwriterandom,64,Intel(R) Xeon(R) Gold 6326 CPU @ 2.90GHz,24576 KB,10/29/22 00:01:57,cmap,1000000,16,3.457839,,/mnt/pmem0/pmemkv,3.457839,4.262467,5.199186,9.189059,12.188767,991.821289,1024,(reads:9500000 writes:500000 total:10000000 found:9500000),3.127140,2549882.333333,2529.027588,8
2,readrandomwriterandom,64,Intel(R) Xeon(R) Gold 6326 CPU @ 2.90GHz,24576 KB,10/29/22 00:02:44,cmap,1000000,16,3.937782,,/mnt/pmem0/pmemkv,3.937782,4.965354,6.140877,11.322823,13.978695,991.821289,1024,(reads:9500000 writes:500000 total:10000000 found:9500000),3.703040,4303889.833333,4268.689453,16
2,readrandomwriterandom,64,Intel(R) Xeon(R) Gold 6326 CPU @ 2.90GHz,24576 KB,10/29/22 00:03:44,cmap,1000000,16,5.644298,,/mnt/pmem0/pmemkv,5.644298,7.273440,9.327276,23.595833,37.040235,991.821289,1024,(reads:9500000 writes:500000 total:10000000 found:9500000),5.664467,5627057.000000,5581.034994,32
