Threads: 1
***** SPP runtime statistics *****
__spp_extract_tagval_cnt		: 795735135 
__spp_is_pm_ptr_cnt			: 2499512903 
__spp_vol_ptr_check_cnt			: 1681687449 
__spp_cleantag_cnt			: 832235135 
USELESS__spp_cleantag_cnt		: 24000000 
__spp_cleantag_external_cnt		: 164794843 
USELESS__spp_cleantag_external_cnt	: 109312894 
__spp_checkbound_cnt			: 1567909730 
USELESS__spp_checkbound_cnt		: 1127812928 
__spp_updatetag_cnt			: 1112201474 
USELESS__spp_updatetag_cnt		: 789136510 
__spp_memintr_check_and_clean_cnt	: 298241944 

***** SPP direct runtime statistics *****
__spp_cleantag_cnt_direct		: 795735135 
__spp_cleantag_external_cnt_direct	: 45891630 
__spp_checkbound_cnt_direct		: 0 
__spp_updatetag_cnt_direct		: 0 
__spp_memintr_check_and_clean_cnt_direct: 0 

Threads: 2
***** SPP runtime statistics *****
__spp_extract_tagval_cnt		: 1285517380 
__spp_is_pm_ptr_cnt			: 3017532882 
__spp_vol_ptr_check_cnt			: 2250094528 
__spp_cleantag_cnt			: 1303710941 
USELESS__spp_cleantag_cnt		: 47283730 
__spp_cleantag_external_cnt		: 297268552 
USELESS__spp_cleantag_external_cnt	: 198358120 
__spp_checkbound_cnt			: 1948465384 
USELESS__spp_checkbound_cnt		: 1562304113 
__spp_updatetag_cnt			: 1480946086 
USELESS__spp_updatetag_cnt		: 1168498521 
__spp_memintr_check_and_clean_cnt	: 499125016 

***** SPP direct runtime statistics *****
__spp_cleantag_cnt_direct		: 1285133074 
__spp_cleantag_external_cnt_direct	: 87656345 
__spp_checkbound_cnt_direct		: 0 
__spp_updatetag_cnt_direct		: 0 
__spp_memintr_check_and_clean_cnt_direct: 0 

Threads: 4
***** SPP runtime statistics *****
__spp_extract_tagval_cnt		: 1500682622 
__spp_is_pm_ptr_cnt			: 2424500302 
__spp_vol_ptr_check_cnt			: 2021193266 
__spp_cleantag_cnt			: 1493324822 
USELESS__spp_cleantag_cnt		: 85814327 
__spp_cleantag_external_cnt		: 442801845 
USELESS__spp_cleantag_external_cnt	: 297382288 
__spp_checkbound_cnt			: 1513334925 
USELESS__spp_checkbound_cnt		: 1351791432 
__spp_updatetag_cnt			: 1201297925 
USELESS__spp_updatetag_cnt		: 1100826922 
__spp_memintr_check_and_clean_cnt	: 603113962 

***** SPP direct runtime statistics *****
__spp_cleantag_cnt_direct		: 1499920456 
__spp_cleantag_external_cnt_direct	: 154102384 
__spp_checkbound_cnt_direct		: 0 
__spp_updatetag_cnt_direct		: 0 
__spp_memintr_check_and_clean_cnt_direct: 0 

Threads: 8
***** SPP runtime statistics *****
__spp_extract_tagval_cnt		: 1729002526 
__spp_is_pm_ptr_cnt			: 2478398311 
__spp_vol_ptr_check_cnt			: 2138988807 
__spp_cleantag_cnt			: 1709003167 
USELESS__spp_cleantag_cnt		: 152734216 
__spp_cleantag_external_cnt		: 633116014 
USELESS__spp_cleantag_external_cnt	: 433205315 
__spp_checkbound_cnt			: 1533808722 
USELESS__spp_checkbound_cnt		: 1392286076 
__spp_updatetag_cnt			: 1198427843 
USELESS__spp_updatetag_cnt		: 1162093511 
__spp_memintr_check_and_clean_cnt	: 729979851 

***** SPP direct runtime statistics *****
__spp_cleantag_cnt_direct		: 1731438579 
__spp_cleantag_external_cnt_direct	: 259778605 
__spp_checkbound_cnt_direct		: 0 
__spp_updatetag_cnt_direct		: 0 
__spp_memintr_check_and_clean_cnt_direct: 0 

Threads: 16
***** SPP runtime statistics *****
__spp_extract_tagval_cnt		: 2013527951 
__spp_is_pm_ptr_cnt			: 2740724577 
__spp_vol_ptr_check_cnt			: 2292425792 
__spp_cleantag_cnt			: 1985015566 
USELESS__spp_cleantag_cnt		: 267513851 
__spp_cleantag_external_cnt		: 841964863 
USELESS__spp_cleantag_external_cnt	: 580605010 
__spp_checkbound_cnt			: 1769483504 
USELESS__spp_checkbound_cnt		: 1529996414 
__spp_updatetag_cnt			: 1370278391 
USELESS__spp_updatetag_cnt		: 1289530555 
__spp_memintr_check_and_clean_cnt	: 952271061 

***** SPP direct runtime statistics *****
__spp_cleantag_cnt_direct		: 2006215835 
__spp_cleantag_external_cnt_direct	: 433173603 
__spp_checkbound_cnt_direct		: 0 
__spp_updatetag_cnt_direct		: 0 
__spp_memintr_check_and_clean_cnt_direct: 0 

Threads: 32
***** SPP runtime statistics *****
__spp_extract_tagval_cnt		: 3300471851 
__spp_is_pm_ptr_cnt			: 3513599344 
__spp_vol_ptr_check_cnt			: 3057135957 
__spp_cleantag_cnt			: 3282681649 
USELESS__spp_cleantag_cnt		: 539908839 
__spp_cleantag_external_cnt		: 1838909354 
USELESS__spp_cleantag_external_cnt	: 1280190455 
__spp_checkbound_cnt			: 2862915754 
USELESS__spp_checkbound_cnt		: 2378175657 
__spp_updatetag_cnt			: 2442514339 
USELESS__spp_updatetag_cnt		: 2174404363 
__spp_memintr_check_and_clean_cnt	: 2226860528 

***** SPP direct runtime statistics *****
__spp_cleantag_cnt_direct		: 3242347888 
__spp_cleantag_external_cnt_direct	: 933389957 
__spp_checkbound_cnt_direct		: 0 
__spp_updatetag_cnt_direct		: 0 
__spp_memintr_check_and_clean_cnt_direct: 0 

