id,Benchmark,CPU,CPU model,CPUCache,Date:,Engine,Entries,Keys [bytes each],Median [micros/op],Open [millis/op],Path,Percentilie P50.000000 [micros/op],Percentilie P75.000000 [micros/op],Percentilie P90.000000 [micros/op],Percentilie P99.900000 [micros/op],Percentilie P99.990000 [micros/op],RawSize [MB (estimated)],Values [bytes each],extra_data,micros/op (avarage),ops/sec,throughput [MB/s],Threads
2,readseq,64,Intel(R) Xeon(R) Gold 6326 CPU @ 2.90GHz,24576 KB,10/29/22 00:30:54,cmap,1000000,16,1.741018,,/mnt/pmem0/pmemkv,1.741018,2.516819,3.583210,16.818623,23.912728,991.821289,1024,(1000000 of 10000000 found by one thread),1.704624,586706.604167,66.247999,1
2,readseq,64,Intel(R) Xeon(R) Gold 6326 CPU @ 2.90GHz,24576 KB,10/29/22 00:31:36,cmap,1000000,16,1.704708,,/mnt/pmem0/pmemkv,1.704708,2.432362,3.522422,20.259595,28.895786,991.821289,1024,(1000000 of 10000000 found by one thread),1.803267,1110080.000000,125.344726,2
2,readseq,64,Intel(R) Xeon(R) Gold 6326 CPU @ 2.90GHz,24576 KB,10/29/22 00:32:19,cmap,1000000,16,1.665910,,/mnt/pmem0/pmemkv,1.665910,2.343325,3.401954,22.704321,31.183329,991.821289,1024,(1000000 of 10000000 found by one thread),1.860674,2150003.083333,242.767680,4
2,readseq,64,Intel(R) Xeon(R) Gold 6326 CPU @ 2.90GHz,24576 KB,10/29/22 00:33:04,cmap,1000000,16,1.717888,,/mnt/pmem0/pmemkv,1.717888,2.450693,3.413226,24.530716,35.030730,991.821289,1024,(1000000 of 10000000 found by one thread),2.035869,3931711.666667,443.949381,8
2,readseq,64,Intel(R) Xeon(R) Gold 6326 CPU @ 2.90GHz,24576 KB,10/29/22 00:33:50,cmap,1000000,16,1.740789,,/mnt/pmem0/pmemkv,1.740789,2.480615,3.365239,28.521434,39.979410,991.821289,1024,(1000000 of 10000000 found by one thread),2.143124,7418331.000000,837.641134,16
2,readseq,64,Intel(R) Xeon(R) Gold 6326 CPU @ 2.90GHz,24576 KB,10/29/22 00:34:49,cmap,1000000,16,2.181471,,/mnt/pmem0/pmemkv,2.181471,2.998041,4.240650,42.358463,72.302752,991.821289,1024,(1000000 of 10000000 found by one thread),2.885878,11035234.333333,1246.043864,32
