readseq_threads_1.csv
id,Benchmark,CPU,CPU model,CPUCache,Date:,Engine,Entries,Keys [bytes each],Median [micros/op],Open [millis/op],Path,Percentilie P50.000000 [micros/op],Percentilie P75.000000 [micros/op],Percentilie P90.000000 [micros/op],Percentilie P99.900000 [micros/op],Percentilie P99.990000 [micros/op],RawSize [MB (estimated)],Values [bytes each],extra_data,micros/op (avarage),ops/sec,throughput [MB/s],Threads
2,readseq,64,Intel(R) Xeon(R) Gold 6326 CPU @ 2.90GHz,24576 KB,10/29/22 00:21:11,cmap,1000000,16,1.750532,,/mnt/pmem0/pmemkv,1.750532,2.540186,3.615461,17.187521,24.753998,991.821289,1024,(1000000 of 10000000 found by one thread),1.730456,577882.500000,65.251625,1
2,readseq,64,Intel(R) Xeon(R) Gold 6326 CPU @ 2.90GHz,24576 KB,10/29/22 00:21:54,cmap,1000000,16,1.750786,,/mnt/pmem0/pmemkv,1.750786,2.534388,3.612946,20.966861,29.662094,991.821289,1024,(1000000 of 10000000 found by one thread),1.879787,1063950.500000,120.136009,2
2,readseq,64,Intel(R) Xeon(R) Gold 6326 CPU @ 2.90GHz,24576 KB,10/29/22 00:22:39,cmap,1000000,16,1.684930,,/mnt/pmem0/pmemkv,1.684930,2.387212,3.435312,22.851106,31.803969,991.821289,1024,(1000000 of 10000000 found by one thread),1.885799,2121117.000000,239.505997,4
2,readseq,64,Intel(R) Xeon(R) Gold 6326 CPU @ 2.90GHz,24576 KB,10/29/22 00:23:25,cmap,1000000,16,1.702774,,/mnt/pmem0/pmemkv,1.702774,2.426971,3.392592,24.294030,33.571429,991.821289,1024,(1000000 of 10000000 found by one thread),2.009978,3980133.750000,449.416962,8
2,readseq,64,Intel(R) Xeon(R) Gold 6326 CPU @ 2.90GHz,24576 KB,10/29/22 00:24:11,cmap,1000000,16,1.731600,,/mnt/pmem0/pmemkv,1.731600,2.469009,3.338729,27.892553,37.701896,991.821289,1024,(1000000 of 10000000 found by one thread),2.108574,7564800.500000,854.179749,16
2,readseq,64,Intel(R) Xeon(R) Gold 6326 CPU @ 2.90GHz,24576 KB,10/29/22 00:25:10,cmap,1000000,16,2.195927,,/mnt/pmem0/pmemkv,2.195927,2.997343,4.259208,41.271979,59.205710,991.821289,1024,(1000000 of 10000000 found by one thread),2.870873,11080525.000000,1251.157837,32
readseq_threads_2.csv
id,Benchmark,CPU,CPU model,CPUCache,Date:,Engine,Entries,Keys [bytes each],Median [micros/op],Open [millis/op],Path,Percentilie P50.000000 [micros/op],Percentilie P75.000000 [micros/op],Percentilie P90.000000 [micros/op],Percentilie P99.900000 [micros/op],Percentilie P99.990000 [micros/op],RawSize [MB (estimated)],Values [bytes each],extra_data,micros/op (avarage),ops/sec,throughput [MB/s],Threads
2,readseq,64,Intel(R) Xeon(R) Gold 6326 CPU @ 2.90GHz,24576 KB,10/29/22 00:26:01,cmap,1000000,16,1.735810,,/mnt/pmem0/pmemkv,1.735810,2.504614,3.567499,16.759053,23.541167,991.821289,1024,(1000000 of 10000000 found by one thread),1.692025,591007.875000,66.733673,1
2,readseq,64,Intel(R) Xeon(R) Gold 6326 CPU @ 2.90GHz,24576 KB,10/29/22 00:26:43,cmap,1000000,16,1.683078,,/mnt/pmem0/pmemkv,1.683078,2.384887,3.479238,19.979829,28.698478,991.821289,1024,(1000000 of 10000000 found by one thread),1.768457,1130929.375000,127.698936,2
2,readseq,64,Intel(R) Xeon(R) Gold 6326 CPU @ 2.90GHz,24576 KB,10/29/22 00:27:27,cmap,1000000,16,1.660375,,/mnt/pmem0/pmemkv,1.660375,2.330111,3.392481,22.712544,31.072235,991.821289,1024,(1000000 of 10000000 found by one thread),1.859194,2151465.750000,242.932846,4
2,readseq,64,Intel(R) Xeon(R) Gold 6326 CPU @ 2.90GHz,24576 KB,10/29/22 00:28:12,cmap,1000000,16,1.755228,,/mnt/pmem0/pmemkv,1.755228,2.510577,3.468400,24.995823,37.796648,991.821289,1024,(1000000 of 10000000 found by one thread),2.103745,3802736.750000,429.386169,8
2,readseq,64,Intel(R) Xeon(R) Gold 6326 CPU @ 2.90GHz,24576 KB,10/29/22 00:29:01,cmap,1000000,16,1.760191,,/mnt/pmem0/pmemkv,1.760191,2.499807,3.397851,29.895613,44.488625,991.821289,1024,(1000000 of 10000000 found by one thread),2.210923,7161786.000000,808.673340,16
2,readseq,64,Intel(R) Xeon(R) Gold 6326 CPU @ 2.90GHz,24576 KB,10/29/22 00:30:02,cmap,1000000,16,2.226073,,/mnt/pmem0/pmemkv,2.226073,3.015763,4.238581,44.063845,96.962366,991.821289,1024,(1000000 of 10000000 found by one thread),2.933229,10866359.000000,1226.975342,32
readseq_threads_3.csv
id,Benchmark,CPU,CPU model,CPUCache,Date:,Engine,Entries,Keys [bytes each],Median [micros/op],Open [millis/op],Path,Percentilie P50.000000 [micros/op],Percentilie P75.000000 [micros/op],Percentilie P90.000000 [micros/op],Percentilie P99.900000 [micros/op],Percentilie P99.990000 [micros/op],RawSize [MB (estimated)],Values [bytes each],extra_data,micros/op (avarage),ops/sec,throughput [MB/s],Threads
2,readseq,64,Intel(R) Xeon(R) Gold 6326 CPU @ 2.90GHz,24576 KB,10/29/22 00:30:54,cmap,1000000,16,1.736713,,/mnt/pmem0/pmemkv,1.736713,2.505656,3.566671,16.509294,23.443018,991.821289,1024,(1000000 of 10000000 found by one thread),1.691391,591229.437500,66.758698,1
2,readseq,64,Intel(R) Xeon(R) Gold 6326 CPU @ 2.90GHz,24576 KB,10/29/22 00:31:36,cmap,1000000,16,1.680260,,/mnt/pmem0/pmemkv,1.680260,2.377811,3.475082,19.832095,28.326787,991.821289,1024,(1000000 of 10000000 found by one thread),1.761556,1135360.125000,128.199234,2
2,readseq,64,Intel(R) Xeon(R) Gold 6326 CPU @ 2.90GHz,24576 KB,10/29/22 00:32:19,cmap,1000000,16,1.652424,,/mnt/pmem0/pmemkv,1.652424,2.312651,3.378070,22.549314,30.673784,991.821289,1024,(1000000 of 10000000 found by one thread),1.837029,2177426.500000,245.864197,4
2,readseq,64,Intel(R) Xeon(R) Gold 6326 CPU @ 2.90GHz,24576 KB,10/29/22 00:33:04,cmap,1000000,16,1.695663,,/mnt/pmem0/pmemkv,1.695663,2.414532,3.378685,24.302294,33.724113,991.821289,1024,(1000000 of 10000000 found by one thread),1.993884,4012264.500000,453.045013,8
2,readseq,64,Intel(R) Xeon(R) Gold 6326 CPU @ 2.90GHz,24576 KB,10/29/22 00:33:50,cmap,1000000,16,1.730576,,/mnt/pmem0/pmemkv,1.730576,2.473028,3.359137,27.776135,37.747708,991.821289,1024,(1000000 of 10000000 found by one thread),2.109876,7528406.500000,850.070312,16
2,readseq,64,Intel(R) Xeon(R) Gold 6326 CPU @ 2.90GHz,24576 KB,10/29/22 00:34:49,cmap,1000000,16,2.122412,,/mnt/pmem0/pmemkv,2.122412,2.981017,4.224161,41.739565,60.740180,991.821289,1024,(1000000 of 10000000 found by one thread),2.853532,11158819.000000,1259.998413,32
