id,Benchmark,CPU,CPU model,CPUCache,Date:,Engine,Entries,Keys [bytes each],Median [micros/op],Open [millis/op],Path,Percentilie P50.000000 [micros/op],Percentilie P75.000000 [micros/op],Percentilie P90.000000 [micros/op],Percentilie P99.900000 [micros/op],Percentilie P99.990000 [micros/op],RawSize [MB (estimated)],Values [bytes each],extra_data,micros/op (avarage),ops/sec,throughput [MB/s],Threads
2,readrandom,64,Intel(R) Xeon(R) Gold 6326 CPU @ 2.90GHz,24576 KB,10/29/22 00:45:02,cmap,1000000,16,1.817958,,/mnt/pmem0/pmemkv,1.817958,2.866866,4.013104,15.899472,22.521700,991.821289,1024,(1002361 of 10000000 found by one thread),1.919972,520859.531250,58.932967,1
2,readrandom,64,Intel(R) Xeon(R) Gold 6326 CPU @ 2.90GHz,24576 KB,10/29/22 00:45:46,cmap,1000000,16,1.785510,,/mnt/pmem0/pmemkv,1.785510,2.742708,3.826067,14.944965,22.481905,991.821289,1024,(1002361 of 10000000 found by one thread),1.771778,1127504.291667,127.420042,2
2,readrandom,64,Intel(R) Xeon(R) Gold 6326 CPU @ 2.90GHz,24576 KB,10/29/22 00:46:29,cmap,1000000,16,1.777056,,/mnt/pmem0/pmemkv,1.777056,2.708423,3.771314,13.216083,20.114825,991.821289,1024,(1002361 of 10000000 found by one thread),1.702041,2340659.833333,264.621135,4
2,readrandom,64,Intel(R) Xeon(R) Gold 6326 CPU @ 2.90GHz,24576 KB,10/29/22 00:47:12,cmap,1000000,16,1.794817,,/mnt/pmem0/pmemkv,1.794817,2.761636,3.837148,11.452189,19.321397,991.821289,1024,(1002361 of 10000000 found by one thread),1.720181,4629670.166667,523.451904,8
2,readrandom,64,Intel(R) Xeon(R) Gold 6326 CPU @ 2.90GHz,24576 KB,10/29/22 00:47:55,cmap,1000000,16,1.869878,,/mnt/pmem0/pmemkv,1.869878,2.949993,4.224016,10.483955,19.395645,991.821289,1024,(1002361 of 10000000 found by one thread),1.881010,8243827.333333,931.944051,16
2,readrandom,64,Intel(R) Xeon(R) Gold 6326 CPU @ 2.90GHz,24576 KB,10/29/22 00:48:53,cmap,1000000,16,2.731155,,/mnt/pmem0/pmemkv,2.731155,4.048570,5.814208,11.951069,24.273859,991.821289,1024,(1002361 of 10000000 found by one thread),2.853148,11125187.666667,1257.496338,32
