readrandom_threads_1.csv
id,Benchmark,CPU,CPU model,CPUCache,Date:,Engine,Entries,Keys [bytes each],Median [micros/op],Open [millis/op],Path,Percentilie P50.000000 [micros/op],Percentilie P75.000000 [micros/op],Percentilie P90.000000 [micros/op],Percentilie P99.900000 [micros/op],Percentilie P99.990000 [micros/op],RawSize [MB (estimated)],Values [bytes each],extra_data,micros/op (avarage),ops/sec,throughput [MB/s],Threads
2,readrandom,64,Intel(R) Xeon(R) Gold 6326 CPU @ 2.90GHz,24576 KB,10/29/22 00:35:42,cmap,1000000,16,1.823485,,/mnt/pmem0/pmemkv,1.823485,2.875268,4.023447,16.132687,22.933653,991.821289,1024,(1002361 of 10000000 found by one thread),1.934828,516841.875000,58.478386,1
2,readrandom,64,Intel(R) Xeon(R) Gold 6326 CPU @ 2.90GHz,24576 KB,10/29/22 00:36:26,cmap,1000000,16,1.785460,,/mnt/pmem0/pmemkv,1.785460,2.743999,3.827676,15.133395,23.016617,991.821289,1024,(1002361 of 10000000 found by one thread),1.775741,1124037.375000,127.028244,2
2,readrandom,64,Intel(R) Xeon(R) Gold 6326 CPU @ 2.90GHz,24576 KB,10/29/22 00:37:10,cmap,1000000,16,1.775428,,/mnt/pmem0/pmemkv,1.775428,2.704027,3.766643,13.316281,20.433149,991.821289,1024,(1002361 of 10000000 found by one thread),1.700042,2339902.750000,264.535553,4
2,readrandom,64,Intel(R) Xeon(R) Gold 6326 CPU @ 2.90GHz,24576 KB,10/29/22 00:37:53,cmap,1000000,16,1.792715,,/mnt/pmem0/pmemkv,1.792715,2.757202,3.832116,11.408157,19.223195,991.821289,1024,(1002361 of 10000000 found by one thread),1.715486,4651143.000000,525.879700,8
2,readrandom,64,Intel(R) Xeon(R) Gold 6326 CPU @ 2.90GHz,24576 KB,10/29/22 00:38:36,cmap,1000000,16,1.862623,,/mnt/pmem0/pmemkv,1.862623,2.940856,4.206768,10.298971,19.181251,991.821289,1024,(1002361 of 10000000 found by one thread),1.870120,8415105.000000,951.306580,16
2,readrandom,64,Intel(R) Xeon(R) Gold 6326 CPU @ 2.90GHz,24576 KB,10/29/22 00:39:32,cmap,1000000,16,2.728177,,/mnt/pmem0/pmemkv,2.728177,4.038300,5.810693,11.913290,23.996990,991.821289,1024,(1002361 of 10000000 found by one thread),2.847934,11147406.000000,1260.007690,32
readrandom_threads_2.csv
id,Benchmark,CPU,CPU model,CPUCache,Date:,Engine,Entries,Keys [bytes each],Median [micros/op],Open [millis/op],Path,Percentilie P50.000000 [micros/op],Percentilie P75.000000 [micros/op],Percentilie P90.000000 [micros/op],Percentilie P99.900000 [micros/op],Percentilie P99.990000 [micros/op],RawSize [MB (estimated)],Values [bytes each],extra_data,micros/op (avarage),ops/sec,throughput [MB/s],Threads
2,readrandom,64,Intel(R) Xeon(R) Gold 6326 CPU @ 2.90GHz,24576 KB,10/29/22 00:40:22,cmap,1000000,16,1.816190,,/mnt/pmem0/pmemkv,1.816190,2.865076,4.007574,15.954831,22.880623,991.821289,1024,(1002361 of 10000000 found by one thread),1.918118,521344.343750,58.987820,1
2,readrandom,64,Intel(R) Xeon(R) Gold 6326 CPU @ 2.90GHz,24576 KB,10/29/22 00:41:06,cmap,1000000,16,1.787313,,/mnt/pmem0/pmemkv,1.787313,2.744601,3.827707,14.945392,22.506241,991.821289,1024,(1002361 of 10000000 found by one thread),1.774462,1126573.375000,127.314835,2
2,readrandom,64,Intel(R) Xeon(R) Gold 6326 CPU @ 2.90GHz,24576 KB,10/29/22 00:41:49,cmap,1000000,16,1.775871,,/mnt/pmem0/pmemkv,1.775871,2.706167,3.769835,13.111997,19.898583,991.821289,1024,(1002361 of 10000000 found by one thread),1.698264,2350580.250000,265.742676,4
2,readrandom,64,Intel(R) Xeon(R) Gold 6326 CPU @ 2.90GHz,24576 KB,10/29/22 00:42:32,cmap,1000000,16,1.797020,,/mnt/pmem0/pmemkv,1.797020,2.765420,3.840448,11.524586,19.423238,991.821289,1024,(1002361 of 10000000 found by one thread),1.724689,4610180.000000,521.248291,8
2,readrandom,64,Intel(R) Xeon(R) Gold 6326 CPU @ 2.90GHz,24576 KB,10/29/22 00:43:15,cmap,1000000,16,1.864055,,/mnt/pmem0/pmemkv,1.864055,2.945679,4.218520,10.502785,19.224353,991.821289,1024,(1002361 of 10000000 found by one thread),1.874219,8437700.000000,953.860840,16
2,readrandom,64,Intel(R) Xeon(R) Gold 6326 CPU @ 2.90GHz,24576 KB,10/29/22 00:44:12,cmap,1000000,16,2.732873,,/mnt/pmem0/pmemkv,2.732873,4.052351,5.803957,11.959271,24.305993,991.821289,1024,(1002361 of 10000000 found by one thread),2.852550,11127453.000000,1257.752441,32
readrandom_threads_3.csv
id,Benchmark,CPU,CPU model,CPUCache,Date:,Engine,Entries,Keys [bytes each],Median [micros/op],Open [millis/op],Path,Percentilie P50.000000 [micros/op],Percentilie P75.000000 [micros/op],Percentilie P90.000000 [micros/op],Percentilie P99.900000 [micros/op],Percentilie P99.990000 [micros/op],RawSize [MB (estimated)],Values [bytes each],extra_data,micros/op (avarage),ops/sec,throughput [MB/s],Threads
2,readrandom,64,Intel(R) Xeon(R) Gold 6326 CPU @ 2.90GHz,24576 KB,10/29/22 00:45:02,cmap,1000000,16,1.814198,,/mnt/pmem0/pmemkv,1.814198,2.860253,4.008292,15.610898,21.750823,991.821289,1024,(1002361 of 10000000 found by one thread),1.906969,524392.375000,59.332695,1
2,readrandom,64,Intel(R) Xeon(R) Gold 6326 CPU @ 2.90GHz,24576 KB,10/29/22 00:45:46,cmap,1000000,16,1.783758,,/mnt/pmem0/pmemkv,1.783758,2.739523,3.822819,14.756108,21.922857,991.821289,1024,(1002361 of 10000000 found by one thread),1.765130,1131902.125000,127.917046,2
2,readrandom,64,Intel(R) Xeon(R) Gold 6326 CPU @ 2.90GHz,24576 KB,10/29/22 00:46:29,cmap,1000000,16,1.779868,,/mnt/pmem0/pmemkv,1.779868,2.715076,3.777464,13.219972,20.012744,991.821289,1024,(1002361 of 10000000 found by one thread),1.707816,2331496.500000,263.585175,4
2,readrandom,64,Intel(R) Xeon(R) Gold 6326 CPU @ 2.90GHz,24576 KB,10/29/22 00:47:12,cmap,1000000,16,1.794715,,/mnt/pmem0/pmemkv,1.794715,2.762286,3.838880,11.423825,19.317759,991.821289,1024,(1002361 of 10000000 found by one thread),1.720367,4627687.500000,523.227722,8
2,readrandom,64,Intel(R) Xeon(R) Gold 6326 CPU @ 2.90GHz,24576 KB,10/29/22 00:47:55,cmap,1000000,16,1.882956,,/mnt/pmem0/pmemkv,1.882956,2.963444,4.246760,10.650110,19.781330,991.821289,1024,(1002361 of 10000000 found by one thread),1.898690,7878677.000000,890.664734,16
2,readrandom,64,Intel(R) Xeon(R) Gold 6326 CPU @ 2.90GHz,24576 KB,10/29/22 00:48:53,cmap,1000000,16,2.732415,,/mnt/pmem0/pmemkv,2.732415,4.055058,5.827973,11.980647,24.518593,991.821289,1024,(1002361 of 10000000 found by one thread),2.858961,11100704.000000,1254.728882,32
