deleteseq_threads_1.csv
id,Benchmark,CPU,CPU model,CPUCache,Date:,Engine,Entries,Keys [bytes each],Median [micros/op],Open [millis/op],Path,Percentilie P50.000000 [micros/op],Percentilie P75.000000 [micros/op],Percentilie P90.000000 [micros/op],Percentilie P99.900000 [micros/op],Percentilie P99.990000 [micros/op],RawSize [MB (estimated)],Values [bytes each],extra_data,micros/op (avarage),ops/sec,throughput [MB/s],Threads
2,deleteseq,64,Intel(R) Xeon(R) Gold 6326 CPU @ 2.90GHz,24576 KB,10/29/22 13:23:57,cmap,1000000,16,64.406293,,/mnt/pmem0/pmemkv,64.406293,67.420982,69.229795,88.537926,2830.827068,991.821289,1024,,62.561523,15984.264648,0.000000,1
2,deleteseq,64,Intel(R) Xeon(R) Gold 6326 CPU @ 2.90GHz,24576 KB,10/29/22 13:25:38,cmap,1000000,16,65.409167,,/mnt/pmem0/pmemkv,65.409167,68.114833,69.738232,93.867141,3421.641791,991.821289,1024,,65.659561,30460.146484,0.000000,2
2,deleteseq,64,Intel(R) Xeon(R) Gold 6326 CPU @ 2.90GHz,24576 KB,10/29/22 13:27:23,cmap,1000000,16,65.423524,,/mnt/pmem0/pmemkv,65.423524,68.154658,69.793338,93.745639,3573.529412,991.821289,1024,,65.898651,60699.261719,0.000000,4
2,deleteseq,64,Intel(R) Xeon(R) Gold 6326 CPU @ 2.90GHz,24576 KB,10/29/22 13:29:09,cmap,1000000,16,65.343503,,/mnt/pmem0/pmemkv,65.343503,68.205500,69.922699,95.075415,4548.387097,991.821289,1024,,66.042587,121133.921875,0.000000,8
2,deleteseq,64,Intel(R) Xeon(R) Gold 6326 CPU @ 2.90GHz,24576 KB,10/29/22 13:30:55,cmap,1000000,16,67.216263,,/mnt/pmem0/pmemkv,67.216263,73.063248,78.700374,135.377135,5280.591918,991.821289,1024,,69.242134,231073.031250,0.000000,16
2,deleteseq,64,Intel(R) Xeon(R) Gold 6326 CPU @ 2.90GHz,24576 KB,10/29/22 13:32:59,cmap,1000000,16,77.636056,,/mnt/pmem0/pmemkv,77.636056,100.697716,126.478760,235.512637,6757.815491,991.821289,1024,,73.717636,434088.093750,0.000000,32
deleteseq_threads_2.csv
id,Benchmark,CPU,CPU model,CPUCache,Date:,Engine,Entries,Keys [bytes each],Median [micros/op],Open [millis/op],Path,Percentilie P50.000000 [micros/op],Percentilie P75.000000 [micros/op],Percentilie P90.000000 [micros/op],Percentilie P99.900000 [micros/op],Percentilie P99.990000 [micros/op],RawSize [MB (estimated)],Values [bytes each],extra_data,micros/op (avarage),ops/sec,throughput [MB/s],Threads
2,deleteseq,64,Intel(R) Xeon(R) Gold 6326 CPU @ 2.90GHz,24576 KB,10/29/22 13:34:48,cmap,1000000,16,64.638826,,/mnt/pmem0/pmemkv,64.638826,67.535074,69.272822,88.718200,2830.152672,991.821289,1024,,62.690239,15951.447266,0.000000,1
2,deleteseq,64,Intel(R) Xeon(R) Gold 6326 CPU @ 2.90GHz,24576 KB,10/29/22 13:36:29,cmap,1000000,16,65.418440,,/mnt/pmem0/pmemkv,65.418440,68.128422,69.754411,93.753943,3431.334623,991.821289,1024,,65.876694,30359.750000,0.000000,2
2,deleteseq,64,Intel(R) Xeon(R) Gold 6326 CPU @ 2.90GHz,24576 KB,10/29/22 13:38:14,cmap,1000000,16,65.414795,,/mnt/pmem0/pmemkv,65.414795,68.143744,69.781114,94.203401,3495.212766,991.821289,1024,,65.843460,60750.148438,0.000000,4
2,deleteseq,64,Intel(R) Xeon(R) Gold 6326 CPU @ 2.90GHz,24576 KB,10/29/22 13:40:00,cmap,1000000,16,65.375815,,/mnt/pmem0/pmemkv,65.375815,68.242312,69.962210,95.420668,4576.506024,991.821289,1024,,66.113678,121003.695312,0.000000,8
2,deleteseq,64,Intel(R) Xeon(R) Gold 6326 CPU @ 2.90GHz,24576 KB,10/29/22 13:41:46,cmap,1000000,16,67.508135,,/mnt/pmem0/pmemkv,67.508135,73.639557,78.964799,135.961446,5279.937792,991.821289,1024,,69.655136,229702.875000,0.000000,16
2,deleteseq,64,Intel(R) Xeon(R) Gold 6326 CPU @ 2.90GHz,24576 KB,10/29/22 13:43:51,cmap,1000000,16,77.876014,,/mnt/pmem0/pmemkv,77.876014,100.927102,126.814450,235.638852,6783.311258,991.821289,1024,,73.913475,432938.000000,0.000000,32
deleteseq_threads_3.csv
id,Benchmark,CPU,CPU model,CPUCache,Date:,Engine,Entries,Keys [bytes each],Median [micros/op],Open [millis/op],Path,Percentilie P50.000000 [micros/op],Percentilie P75.000000 [micros/op],Percentilie P90.000000 [micros/op],Percentilie P99.900000 [micros/op],Percentilie P99.990000 [micros/op],RawSize [MB (estimated)],Values [bytes each],extra_data,micros/op (avarage),ops/sec,throughput [MB/s],Threads
2,deleteseq,64,Intel(R) Xeon(R) Gold 6326 CPU @ 2.90GHz,24576 KB,10/29/22 13:45:40,cmap,1000000,16,64.617206,,/mnt/pmem0/pmemkv,64.617206,67.523105,69.266644,88.494236,2830.188679,991.821289,1024,,62.673817,15955.626953,0.000000,1
2,deleteseq,64,Intel(R) Xeon(R) Gold 6326 CPU @ 2.90GHz,24576 KB,10/29/22 13:47:21,cmap,1000000,16,65.420611,,/mnt/pmem0/pmemkv,65.420611,68.131714,69.758376,94.545955,3440.114068,991.821289,1024,,65.907478,30345.570312,0.000000,2
2,deleteseq,64,Intel(R) Xeon(R) Gold 6326 CPU @ 2.90GHz,24576 KB,10/29/22 13:49:06,cmap,1000000,16,65.414867,,/mnt/pmem0/pmemkv,65.414867,68.144377,69.782084,94.277962,3617.647059,991.821289,1024,,65.814987,60776.429688,0.000000,4
2,deleteseq,64,Intel(R) Xeon(R) Gold 6326 CPU @ 2.90GHz,24576 KB,10/29/22 13:50:52,cmap,1000000,16,65.337818,,/mnt/pmem0/pmemkv,65.337818,68.193382,69.906720,95.302440,4343.750000,991.821289,1024,,65.997475,121216.742188,0.000000,8
2,deleteseq,64,Intel(R) Xeon(R) Gold 6326 CPU @ 2.90GHz,24576 KB,10/29/22 13:52:38,cmap,1000000,16,67.294935,,/mnt/pmem0/pmemkv,67.294935,73.176845,78.708322,135.085357,5309.063136,991.821289,1024,,69.352448,230705.484375,0.000000,16
2,deleteseq,64,Intel(R) Xeon(R) Gold 6326 CPU @ 2.90GHz,24576 KB,10/29/22 13:54:42,cmap,1000000,16,77.531927,,/mnt/pmem0/pmemkv,77.531927,100.529718,126.162725,234.116659,6770.925668,991.821289,1024,,73.625801,434629.750000,0.000000,32
