deleterandom_threads_1.csv
id,Benchmark,CPU,CPU model,CPUCache,Date:,Engine,Entries,Keys [bytes each],Median [micros/op],Open [millis/op],Path,Percentilie P50.000000 [micros/op],Percentilie P75.000000 [micros/op],Percentilie P90.000000 [micros/op],Percentilie P99.900000 [micros/op],Percentilie P99.990000 [micros/op],RawSize [MB (estimated)],Values [bytes each],extra_data,micros/op (avarage),ops/sec,throughput [MB/s],Threads
2,deleterandom,64,Intel(R) Xeon(R) Gold 6326 CPU @ 2.90GHz,24576 KB,10/29/22 13:56:36,cmap,1000000,16,62.300625,,/mnt/pmem0/pmemkv,62.300625,66.677001,69.302826,89.465801,2683.006536,991.821289,1024,,41.681541,23991.433594,0.000000,1
2,deleterandom,64,Intel(R) Xeon(R) Gold 6326 CPU @ 2.90GHz,24576 KB,10/29/22 13:57:56,cmap,1000000,16,3.856915,,/mnt/pmem0/pmemkv,3.856915,64.615785,68.414066,89.658066,3236.206897,991.821289,1024,,29.629086,67441.000000,0.000000,2
2,deleterandom,64,Intel(R) Xeon(R) Gold 6326 CPU @ 2.90GHz,24576 KB,10/29/22 13:59:05,cmap,1000000,16,2.563776,,/mnt/pmem0/pmemkv,2.563776,5.491296,66.435681,88.523856,750.000000,991.821289,1024,,17.473866,228814.921875,0.000000,4
2,deleterandom,64,Intel(R) Xeon(R) Gold 6326 CPU @ 2.90GHz,24576 KB,10/29/22 14:00:02,cmap,1000000,16,2.034778,,/mnt/pmem0/pmemkv,2.034778,2.818136,62.170245,85.864082,125.982533,991.821289,1024,,9.593363,832483.187500,0.000000,8
2,deleterandom,64,Intel(R) Xeon(R) Gold 6326 CPU @ 2.90GHz,24576 KB,10/29/22 14:00:52,cmap,1000000,16,1.817798,,/mnt/pmem0/pmemkv,1.817798,2.508560,3.372595,83.725942,125.454545,991.821289,1024,,5.524129,2872704.750000,0.000000,16
2,deleterandom,64,Intel(R) Xeon(R) Gold 6326 CPU @ 2.90GHz,24576 KB,10/29/22 14:01:53,cmap,1000000,16,2.773425,,/mnt/pmem0/pmemkv,2.773425,3.399138,3.913255,138.156734,158.244860,991.821289,1024,,6.044359,5203851.000000,0.000000,32
deleterandom_threads_2.csv
id,Benchmark,CPU,CPU model,CPUCache,Date:,Engine,Entries,Keys [bytes each],Median [micros/op],Open [millis/op],Path,Percentilie P50.000000 [micros/op],Percentilie P75.000000 [micros/op],Percentilie P90.000000 [micros/op],Percentilie P99.900000 [micros/op],Percentilie P99.990000 [micros/op],RawSize [MB (estimated)],Values [bytes each],extra_data,micros/op (avarage),ops/sec,throughput [MB/s],Threads
2,deleterandom,64,Intel(R) Xeon(R) Gold 6326 CPU @ 2.90GHz,24576 KB,10/29/22 14:02:34,cmap,1000000,16,62.305268,,/mnt/pmem0/pmemkv,62.305268,66.689841,69.320584,89.483389,2702.453988,991.821289,1024,,41.717987,23970.476562,0.000000,1
2,deleterandom,64,Intel(R) Xeon(R) Gold 6326 CPU @ 2.90GHz,24576 KB,10/29/22 14:03:54,cmap,1000000,16,3.862827,,/mnt/pmem0/pmemkv,3.862827,64.614932,68.412511,89.552275,3236.206897,991.821289,1024,,29.587549,67547.125000,0.000000,2
2,deleterandom,64,Intel(R) Xeon(R) Gold 6326 CPU @ 2.90GHz,24576 KB,10/29/22 14:05:03,cmap,1000000,16,2.572081,,/mnt/pmem0/pmemkv,2.572081,5.505355,66.434002,88.515310,950.000000,991.821289,1024,,17.487938,228566.984375,0.000000,4
2,deleterandom,64,Intel(R) Xeon(R) Gold 6326 CPU @ 2.90GHz,24576 KB,10/29/22 14:06:00,cmap,1000000,16,1.940075,,/mnt/pmem0/pmemkv,1.940075,2.781202,62.170285,85.891182,127.701863,991.821289,1024,,9.545345,836814.375000,0.000000,8
2,deleterandom,64,Intel(R) Xeon(R) Gold 6326 CPU @ 2.90GHz,24576 KB,10/29/22 14:06:50,cmap,1000000,16,1.823083,,/mnt/pmem0/pmemkv,1.823083,2.513778,3.352726,81.558629,99.787645,991.821289,1024,,5.528693,2878394.250000,0.000000,16
2,deleterandom,64,Intel(R) Xeon(R) Gold 6326 CPU @ 2.90GHz,24576 KB,10/29/22 14:07:51,cmap,1000000,16,2.791328,,/mnt/pmem0/pmemkv,2.791328,3.424456,3.920299,138.193440,158.250506,991.821289,1024,,6.071783,5215602.500000,0.000000,32
deleterandom_threads_3.csv
id,Benchmark,CPU,CPU model,CPUCache,Date:,Engine,Entries,Keys [bytes each],Median [micros/op],Open [millis/op],Path,Percentilie P50.000000 [micros/op],Percentilie P75.000000 [micros/op],Percentilie P90.000000 [micros/op],Percentilie P99.900000 [micros/op],Percentilie P99.990000 [micros/op],RawSize [MB (estimated)],Values [bytes each],extra_data,micros/op (avarage),ops/sec,throughput [MB/s],Threads
2,deleterandom,64,Intel(R) Xeon(R) Gold 6326 CPU @ 2.90GHz,24576 KB,10/29/22 14:08:33,cmap,1000000,16,62.295532,,/mnt/pmem0/pmemkv,62.295532,66.662085,69.282016,89.342339,2730.337079,991.821289,1024,,41.683804,23990.132812,0.000000,1
2,deleterandom,64,Intel(R) Xeon(R) Gold 6326 CPU @ 2.90GHz,24576 KB,10/29/22 14:09:53,cmap,1000000,16,3.909961,,/mnt/pmem0/pmemkv,3.909961,64.618325,68.418674,89.675290,3238.675958,991.821289,1024,,29.802814,67055.875000,0.000000,2
2,deleterandom,64,Intel(R) Xeon(R) Gold 6326 CPU @ 2.90GHz,24576 KB,10/29/22 14:11:02,cmap,1000000,16,2.535727,,/mnt/pmem0/pmemkv,2.535727,5.531495,66.434220,88.497744,600.000000,991.821289,1024,,17.469784,228768.187500,0.000000,4
2,deleterandom,64,Intel(R) Xeon(R) Gold 6326 CPU @ 2.90GHz,24576 KB,10/29/22 14:11:59,cmap,1000000,16,1.943193,,/mnt/pmem0/pmemkv,1.943193,2.785322,62.170758,85.799692,126.361746,991.821289,1024,,9.555242,836536.750000,0.000000,8
2,deleterandom,64,Intel(R) Xeon(R) Gold 6326 CPU @ 2.90GHz,24576 KB,10/29/22 14:12:49,cmap,1000000,16,1.865779,,/mnt/pmem0/pmemkv,1.865779,2.556599,3.350463,81.878672,102.411348,991.821289,1024,,5.571098,2859138.250000,0.000000,16
2,deleterandom,64,Intel(R) Xeon(R) Gold 6326 CPU @ 2.90GHz,24576 KB,10/29/22 14:13:50,cmap,1000000,16,2.764567,,/mnt/pmem0/pmemkv,2.764567,3.384706,3.908642,138.180652,158.395323,991.821289,1024,,6.043279,5219772.000000,0.000000,32
