id,Benchmark,CPU,CPU model,CPUCache,Date:,Engine,Entries,Keys [bytes each],Median [micros/op],Open [millis/op],Path,Percentilie P50.000000 [micros/op],Percentilie P75.000000 [micros/op],Percentilie P90.000000 [micros/op],Percentilie P99.900000 [micros/op],Percentilie P99.990000 [micros/op],RawSize [MB (estimated)],Values [bytes each],extra_data,micros/op (avarage),ops/sec,throughput [MB/s],Threads
2,deleteseq,64,Intel(R) Xeon(R) Gold 6326 CPU @ 2.90GHz,24576 KB,10/29/22 13:45:40,cmap,1000000,16,64.554108,,/mnt/pmem0/pmemkv,64.554108,67.493054,69.256420,88.583454,2830.389473,991.821289,1024,,62.641860,15963.779622,0.000000,1
2,deleteseq,64,Intel(R) Xeon(R) Gold 6326 CPU @ 2.90GHz,24576 KB,10/29/22 13:47:21,cmap,1000000,16,65.416073,,/mnt/pmem0/pmemkv,65.416073,68.124990,69.750340,94.055680,3431.030161,991.821289,1024,,65.814578,30388.488932,0.000000,2
2,deleteseq,64,Intel(R) Xeon(R) Gold 6326 CPU @ 2.90GHz,24576 KB,10/29/22 13:49:06,cmap,1000000,16,65.417729,,/mnt/pmem0/pmemkv,65.417729,68.147593,69.785512,94.075667,3562.129746,991.821289,1024,,65.852366,60741.946615,0.000000,4
2,deleteseq,64,Intel(R) Xeon(R) Gold 6326 CPU @ 2.90GHz,24576 KB,10/29/22 13:50:52,cmap,1000000,16,65.352379,,/mnt/pmem0/pmemkv,65.352379,68.213731,69.930543,95.266174,4489.547707,991.821289,1024,,66.051247,121118.119792,0.000000,8
2,deleteseq,64,Intel(R) Xeon(R) Gold 6326 CPU @ 2.90GHz,24576 KB,10/29/22 13:52:38,cmap,1000000,16,67.339778,,/mnt/pmem0/pmemkv,67.339778,73.293217,78.791165,135.474646,5289.864282,991.821289,1024,,69.416573,230493.796875,0.000000,16
2,deleteseq,64,Intel(R) Xeon(R) Gold 6326 CPU @ 2.90GHz,24576 KB,10/29/22 13:54:42,cmap,1000000,16,77.681332,,/mnt/pmem0/pmemkv,77.681332,100.718179,126.485312,235.089383,6770.684139,991.821289,1024,,73.752304,433885.281250,0.000000,32
