id,Benchmark,CPU,CPU model,CPUCache,Date:,Engine,Entries,Keys [bytes each],Median [micros/op],Open [millis/op],Path,Percentilie P50.000000 [micros/op],Percentilie P75.000000 [micros/op],Percentilie P90.000000 [micros/op],Percentilie P99.900000 [micros/op],Percentilie P99.990000 [micros/op],RawSize [MB (estimated)],Values [bytes each],extra_data,micros/op (avarage),ops/sec,throughput [MB/s],Threads
2,deleterandom,64,Intel(R) Xeon(R) Gold 6326 CPU @ 2.90GHz,24576 KB,10/29/22 14:08:33,cmap,1000000,16,62.300475,,/mnt/pmem0/pmemkv,62.300475,66.676309,69.301809,89.430510,2705.265868,991.821289,1024,,41.694444,23984.014323,0.000000,1
2,deleterandom,64,Intel(R) Xeon(R) Gold 6326 CPU @ 2.90GHz,24576 KB,10/29/22 14:09:53,cmap,1000000,16,3.876568,,/mnt/pmem0/pmemkv,3.876568,64.616347,68.415084,89.628544,3237.029917,991.821289,1024,,29.673150,67348.000000,0.000000,2
2,deleterandom,64,Intel(R) Xeon(R) Gold 6326 CPU @ 2.90GHz,24576 KB,10/29/22 14:11:02,cmap,1000000,16,2.557195,,/mnt/pmem0/pmemkv,2.557195,5.509382,66.434634,88.512303,766.666667,991.821289,1024,,17.477196,228716.697917,0.000000,4
2,deleterandom,64,Intel(R) Xeon(R) Gold 6326 CPU @ 2.90GHz,24576 KB,10/29/22 14:11:59,cmap,1000000,16,1.972682,,/mnt/pmem0/pmemkv,1.972682,2.794887,62.170429,85.851652,126.682047,991.821289,1024,,9.564650,835278.104167,0.000000,8
2,deleterandom,64,Intel(R) Xeon(R) Gold 6326 CPU @ 2.90GHz,24576 KB,10/29/22 14:12:49,cmap,1000000,16,1.835553,,/mnt/pmem0/pmemkv,1.835553,2.526312,3.358595,82.387748,109.217846,991.821289,1024,,5.541307,2870079.083333,0.000000,16
2,deleterandom,64,Intel(R) Xeon(R) Gold 6326 CPU @ 2.90GHz,24576 KB,10/29/22 14:13:50,cmap,1000000,16,2.776440,,/mnt/pmem0/pmemkv,2.776440,3.402767,3.914065,138.176942,158.296896,991.821289,1024,,6.053140,5213075.166667,0.000000,32
