readrandomwriterandom_threads_1.csv
id,Benchmark,CPU,CPU model,CPUCache,Date:,Engine,Entries,Keys [bytes each],Median [micros/op],Open [millis/op],Path,Percentilie P50.000000 [micros/op],Percentilie P75.000000 [micros/op],Percentilie P90.000000 [micros/op],Percentilie P99.900000 [micros/op],Percentilie P99.990000 [micros/op],RawSize [MB (estimated)],Values [bytes each],extra_data,micros/op (avarage),ops/sec,throughput [MB/s],Threads
2,readrandomwriterandom,64,Intel(R) Xeon(R) Gold 6326 CPU @ 2.90GHz,24576 KB,10/29/22 10:30:56,cmap,1000000,16,3.753295,,/mnt/pmem0/pmemkv,3.753295,4.618193,5.707092,11.986997,16.199461,991.821289,1024,(reads:9500000 writes:500000 total:10000000 found:9500000),3.547491,281889.343750,279.583862,1
2,readrandomwriterandom,64,Intel(R) Xeon(R) Gold 6326 CPU @ 2.90GHz,24576 KB,10/29/22 10:31:53,cmap,1000000,16,3.771435,,/mnt/pmem0/pmemkv,3.771435,4.642726,5.720432,11.690138,15.481619,991.821289,1024,(reads:9500000 writes:500000 total:10000000 found:9500000),3.567504,560201.062500,555.619324,2
2,readrandomwriterandom,64,Intel(R) Xeon(R) Gold 6326 CPU @ 2.90GHz,24576 KB,10/29/22 10:32:51,cmap,1000000,16,3.834697,,/mnt/pmem0/pmemkv,3.834697,4.733398,5.783704,11.408334,14.582062,991.821289,1024,(reads:9500000 writes:500000 total:10000000 found:9500000),3.631176,1099454.875000,1090.462646,4
2,readrandomwriterandom,64,Intel(R) Xeon(R) Gold 6326 CPU @ 2.90GHz,24576 KB,10/29/22 10:33:49,cmap,1000000,16,3.960763,,/mnt/pmem0/pmemkv,3.960763,4.897011,5.950828,11.560681,13.831546,991.821289,1024,(reads:9500000 writes:500000 total:10000000 found:9500000),3.778774,2110053.250000,2092.795654,8
2,readrandomwriterandom,64,Intel(R) Xeon(R) Gold 6326 CPU @ 2.90GHz,24576 KB,10/29/22 10:34:49,cmap,1000000,16,4.449946,,/mnt/pmem0/pmemkv,4.449946,5.530443,6.847689,12.669748,15.184151,991.821289,1024,(reads:9500000 writes:500000 total:10000000 found:9500000),4.249143,3754256.500000,3723.551514,16
2,readrandomwriterandom,64,Intel(R) Xeon(R) Gold 6326 CPU @ 2.90GHz,24576 KB,10/29/22 10:36:05,cmap,1000000,16,6.339573,,/mnt/pmem0/pmemkv,6.339573,7.832893,9.778934,19.507225,24.585082,991.821289,1024,(reads:9500000 writes:500000 total:10000000 found:9500000),6.342008,4988084.500000,4947.288574,32
readrandomwriterandom_threads_2.csv
id,Benchmark,CPU,CPU model,CPUCache,Date:,Engine,Entries,Keys [bytes each],Median [micros/op],Open [millis/op],Path,Percentilie P50.000000 [micros/op],Percentilie P75.000000 [micros/op],Percentilie P90.000000 [micros/op],Percentilie P99.900000 [micros/op],Percentilie P99.990000 [micros/op],RawSize [MB (estimated)],Values [bytes each],extra_data,micros/op (avarage),ops/sec,throughput [MB/s],Threads
2,readrandomwriterandom,64,Intel(R) Xeon(R) Gold 6326 CPU @ 2.90GHz,24576 KB,10/29/22 10:37:29,cmap,1000000,16,3.755616,,/mnt/pmem0/pmemkv,3.755616,4.623036,5.719865,12.314209,16.525529,991.821289,1024,(reads:9500000 writes:500000 total:10000000 found:9500000),3.558266,281035.750000,278.737244,1
2,readrandomwriterandom,64,Intel(R) Xeon(R) Gold 6326 CPU @ 2.90GHz,24576 KB,10/29/22 10:38:29,cmap,1000000,16,3.764134,,/mnt/pmem0/pmemkv,3.764134,4.633451,5.707683,11.940615,16.392749,991.821289,1024,(reads:9500000 writes:500000 total:10000000 found:9500000),3.576317,558638.625000,554.069702,2
2,readrandomwriterandom,64,Intel(R) Xeon(R) Gold 6326 CPU @ 2.90GHz,24576 KB,10/29/22 10:39:26,cmap,1000000,16,3.814503,,/mnt/pmem0/pmemkv,3.814503,4.709319,5.782025,11.457363,14.457504,991.821289,1024,(reads:9500000 writes:500000 total:10000000 found:9500000),3.611411,1106875.375000,1097.822632,4
2,readrandomwriterandom,64,Intel(R) Xeon(R) Gold 6326 CPU @ 2.90GHz,24576 KB,10/29/22 10:40:25,cmap,1000000,16,3.964140,,/mnt/pmem0/pmemkv,3.964140,4.899422,5.953255,11.653366,13.837007,991.821289,1024,(reads:9500000 writes:500000 total:10000000 found:9500000),3.790172,2102458.500000,2085.263184,8
2,readrandomwriterandom,64,Intel(R) Xeon(R) Gold 6326 CPU @ 2.90GHz,24576 KB,10/29/22 10:41:25,cmap,1000000,16,4.438412,,/mnt/pmem0/pmemkv,4.438412,5.519657,6.838029,12.606347,15.107070,991.821289,1024,(reads:9500000 writes:500000 total:10000000 found:9500000),4.235628,3766768.000000,3735.960693,16
2,readrandomwriterandom,64,Intel(R) Xeon(R) Gold 6326 CPU @ 2.90GHz,24576 KB,10/29/22 10:42:41,cmap,1000000,16,6.329433,,/mnt/pmem0/pmemkv,6.329433,7.819975,9.769366,19.614929,24.666716,991.821289,1024,(reads:9500000 writes:500000 total:10000000 found:9500000),6.342558,5000879.500000,4959.978516,32
readrandomwriterandom_threads_3.csv
id,Benchmark,CPU,CPU model,CPUCache,Date:,Engine,Entries,Keys [bytes each],Median [micros/op],Open [millis/op],Path,Percentilie P50.000000 [micros/op],Percentilie P75.000000 [micros/op],Percentilie P90.000000 [micros/op],Percentilie P99.900000 [micros/op],Percentilie P99.990000 [micros/op],RawSize [MB (estimated)],Values [bytes each],extra_data,micros/op (avarage),ops/sec,throughput [MB/s],Threads
2,readrandomwriterandom,64,Intel(R) Xeon(R) Gold 6326 CPU @ 2.90GHz,24576 KB,10/29/22 10:44:04,cmap,1000000,16,3.742155,,/mnt/pmem0/pmemkv,3.742155,4.604399,5.703916,12.204589,16.282667,991.821289,1024,(reads:9500000 writes:500000 total:10000000 found:9500000),3.537060,282720.718750,280.408417,1
2,readrandomwriterandom,64,Intel(R) Xeon(R) Gold 6326 CPU @ 2.90GHz,24576 KB,10/29/22 10:45:01,cmap,1000000,16,3.762151,,/mnt/pmem0/pmemkv,3.762151,4.633012,5.711663,11.669842,15.506691,991.821289,1024,(reads:9500000 writes:500000 total:10000000 found:9500000),3.553604,562327.375000,557.728271,2
2,readrandomwriterandom,64,Intel(R) Xeon(R) Gold 6326 CPU @ 2.90GHz,24576 KB,10/29/22 10:45:58,cmap,1000000,16,3.823245,,/mnt/pmem0/pmemkv,3.823245,4.716243,5.771703,11.288432,14.462500,991.821289,1024,(reads:9500000 writes:500000 total:10000000 found:9500000),3.610562,1104312.250000,1095.280396,4
2,readrandomwriterandom,64,Intel(R) Xeon(R) Gold 6326 CPU @ 2.90GHz,24576 KB,10/29/22 10:46:59,cmap,1000000,16,3.973825,,/mnt/pmem0/pmemkv,3.973825,4.904525,5.966551,11.857783,14.535636,991.821289,1024,(reads:9500000 writes:500000 total:10000000 found:9500000),3.818517,2086615.750000,2069.550049,8
2,readrandomwriterandom,64,Intel(R) Xeon(R) Gold 6326 CPU @ 2.90GHz,24576 KB,10/29/22 10:48:00,cmap,1000000,16,4.443710,,/mnt/pmem0/pmemkv,4.443710,5.525544,6.843007,12.785314,15.433550,991.821289,1024,(reads:9500000 writes:500000 total:10000000 found:9500000),4.245497,3758095.000000,3727.358643,16
2,readrandomwriterandom,64,Intel(R) Xeon(R) Gold 6326 CPU @ 2.90GHz,24576 KB,10/29/22 10:49:16,cmap,1000000,16,6.298585,,/mnt/pmem0/pmemkv,6.298585,7.806640,9.765486,19.519898,24.642531,991.821289,1024,(reads:9500000 writes:500000 total:10000000 found:9500000),6.306157,5022071.000000,4980.997070,32
