id,Benchmark,CPU,CPU model,CPUCache,Date:,Engine,Entries,Keys [bytes each],Median [micros/op],Open [millis/op],Path,Percentilie P50.000000 [micros/op],Percentilie P75.000000 [micros/op],Percentilie P90.000000 [micros/op],Percentilie P99.900000 [micros/op],Percentilie P99.990000 [micros/op],RawSize [MB (estimated)],Values [bytes each],extra_data,micros/op (avarage),ops/sec,throughput [MB/s],Threads
2,readrandomwriterandom,64,Intel(R) Xeon(R) Gold 6326 CPU @ 2.90GHz,24576 KB,10/29/22 10:44:04,cmap,1000000,16,3.750355,,/mnt/pmem0/pmemkv,3.750355,4.615209,5.710291,12.168598,16.335886,991.821289,1024,(reads:9500000 writes:500000 total:10000000 found:9500000),3.547606,281881.937500,279.576508,1
2,readrandomwriterandom,64,Intel(R) Xeon(R) Gold 6326 CPU @ 2.90GHz,24576 KB,10/29/22 10:45:01,cmap,1000000,16,3.765907,,/mnt/pmem0/pmemkv,3.765907,4.636396,5.713259,11.766865,15.793686,991.821289,1024,(reads:9500000 writes:500000 total:10000000 found:9500000),3.565808,560389.020833,555.805766,2
2,readrandomwriterandom,64,Intel(R) Xeon(R) Gold 6326 CPU @ 2.90GHz,24576 KB,10/29/22 10:45:58,cmap,1000000,16,3.824148,,/mnt/pmem0/pmemkv,3.824148,4.719653,5.779144,11.384710,14.500689,991.821289,1024,(reads:9500000 writes:500000 total:10000000 found:9500000),3.617716,1103547.500000,1094.521891,4
2,readrandomwriterandom,64,Intel(R) Xeon(R) Gold 6326 CPU @ 2.90GHz,24576 KB,10/29/22 10:46:59,cmap,1000000,16,3.966243,,/mnt/pmem0/pmemkv,3.966243,4.900319,5.956878,11.690610,14.068063,991.821289,1024,(reads:9500000 writes:500000 total:10000000 found:9500000),3.795821,2099709.166667,2082.536296,8
2,readrandomwriterandom,64,Intel(R) Xeon(R) Gold 6326 CPU @ 2.90GHz,24576 KB,10/29/22 10:48:00,cmap,1000000,16,4.444023,,/mnt/pmem0/pmemkv,4.444023,5.525215,6.842908,12.687136,15.241590,991.821289,1024,(reads:9500000 writes:500000 total:10000000 found:9500000),4.243423,3759706.500000,3728.956950,16
2,readrandomwriterandom,64,Intel(R) Xeon(R) Gold 6326 CPU @ 2.90GHz,24576 KB,10/29/22 10:49:16,cmap,1000000,16,6.322530,,/mnt/pmem0/pmemkv,6.322530,7.819836,9.771262,19.547351,24.631443,991.821289,1024,(reads:9500000 writes:500000 total:10000000 found:9500000),6.330241,5003678.333333,4962.754720,32
