Threads: 1
***** SPP runtime statistics *****
__spp_extract_tagval_cnt		: 2651427759 
__spp_is_pm_ptr_cnt			: 2754119315 
__spp_vol_ptr_check_cnt			: 108453213 
__spp_cleantag_cnt			: 2657322147 
USELESS__spp_cleantag_cnt		: 2000002 
__spp_cleantag_external_cnt		: 27297033 
USELESS__spp_cleantag_external_cnt	: 10550133 
__spp_checkbound_cnt			: 1397738620 
USELESS__spp_checkbound_cnt		: 78356865 
__spp_updatetag_cnt			: 741537500 
USELESS__spp_updatetag_cnt		: 55498933 
__spp_memintr_check_and_clean_cnt	: 667920104 

***** SPP direct runtime statistics *****
__spp_cleantag_cnt_direct		: 2652059221 
__spp_cleantag_external_cnt_direct	: 16668401 
__spp_checkbound_cnt_direct		: 2341423 
__spp_updatetag_cnt_direct		: 8471618 
__spp_memintr_check_and_clean_cnt_direct: 0 

Threads: 2
***** SPP runtime statistics *****
__spp_extract_tagval_cnt		: 2296535265 
__spp_is_pm_ptr_cnt			: 2352305084 
__spp_vol_ptr_check_cnt			: 168877314 
__spp_cleantag_cnt			: 2301334452 
USELESS__spp_cleantag_cnt		: 3951724 
__spp_cleantag_external_cnt		: 38731553 
USELESS__spp_cleantag_external_cnt	: 16320894 
__spp_checkbound_cnt			: 1198198458 
USELESS__spp_checkbound_cnt		: 122961290 
__spp_updatetag_cnt			: 630631264 
USELESS__spp_updatetag_cnt		: 92141650 
__spp_memintr_check_and_clean_cnt	: 578544635 

***** SPP direct runtime statistics *****
__spp_cleantag_cnt_direct		: 2297407385 
__spp_cleantag_external_cnt_direct	: 23140721 
__spp_checkbound_cnt_direct		: 3776424 
__spp_updatetag_cnt_direct		: 12638572 
__spp_memintr_check_and_clean_cnt_direct: 0 

Threads: 4
***** SPP runtime statistics *****
__spp_extract_tagval_cnt		: 1158589466 
__spp_is_pm_ptr_cnt			: 1159780552 
__spp_vol_ptr_check_cnt			: 242983895 
__spp_cleantag_cnt			: 1158877426 
USELESS__spp_cleantag_cnt		: 7526616 
__spp_cleantag_external_cnt		: 49758590 
USELESS__spp_cleantag_external_cnt	: 23240220 
__spp_checkbound_cnt			: 582788555 
USELESS__spp_checkbound_cnt		: 177009437 
__spp_updatetag_cnt			: 295115602 
USELESS__spp_updatetag_cnt		: 138908453 
__spp_memintr_check_and_clean_cnt	: 290499676 

***** SPP direct runtime statistics *****
__spp_cleantag_cnt_direct		: 1158580886 
__spp_cleantag_external_cnt_direct	: 29184250 
__spp_checkbound_cnt_direct		: 5960133 
__spp_updatetag_cnt_direct		: 17640612 
__spp_memintr_check_and_clean_cnt_direct: 0 

Threads: 8
***** SPP runtime statistics *****
__spp_extract_tagval_cnt		: 619783820 
__spp_is_pm_ptr_cnt			: 627946611 
__spp_vol_ptr_check_cnt			: 239958948 
__spp_cleantag_cnt			: 619819567 
USELESS__spp_cleantag_cnt		: 11765493 
__spp_cleantag_external_cnt		: 51390082 
USELESS__spp_cleantag_external_cnt	: 26206636 
__spp_checkbound_cnt			: 318881894 
USELESS__spp_checkbound_cnt		: 172891572 
__spp_updatetag_cnt			: 164884703 
USELESS__spp_updatetag_cnt		: 135329770 
__spp_memintr_check_and_clean_cnt	: 157360942 

***** SPP direct runtime statistics *****
__spp_cleantag_cnt_direct		: 619800115 
__spp_cleantag_external_cnt_direct	: 34409006 
__spp_checkbound_cnt_direct		: 9236644 
__spp_updatetag_cnt_direct		: 24029303 
__spp_memintr_check_and_clean_cnt_direct: 0 

Threads: 16
***** SPP runtime statistics *****
__spp_extract_tagval_cnt		: 339834051 
__spp_is_pm_ptr_cnt			: 351462406 
__spp_vol_ptr_check_cnt			: 206082849 
__spp_cleantag_cnt			: 339429934 
USELESS__spp_cleantag_cnt		: 16947159 
__spp_cleantag_external_cnt		: 49312875 
USELESS__spp_cleantag_external_cnt	: 27415632 
__spp_checkbound_cnt			: 192858569 
USELESS__spp_checkbound_cnt		: 149348304 
__spp_updatetag_cnt			: 115053353 
USELESS__spp_updatetag_cnt		: 119425851 
__spp_memintr_check_and_clean_cnt	: 99462213 

***** SPP direct runtime statistics *****
__spp_cleantag_cnt_direct		: 340746408 
__spp_cleantag_external_cnt_direct	: 40412603 
__spp_checkbound_cnt_direct		: 14033109 
__spp_updatetag_cnt_direct		: 32507306 
__spp_memintr_check_and_clean_cnt_direct: 0 

Threads: 32
***** SPP runtime statistics *****
__spp_extract_tagval_cnt		: 253523803 
__spp_is_pm_ptr_cnt			: 256520399 
__spp_vol_ptr_check_cnt			: 193314407 
__spp_cleantag_cnt			: 257487666 
USELESS__spp_cleantag_cnt		: 34335795 
__spp_cleantag_external_cnt		: 69186044 
USELESS__spp_cleantag_external_cnt	: 41930302 
__spp_checkbound_cnt			: 157435930 
USELESS__spp_checkbound_cnt		: 145613299 
__spp_updatetag_cnt			: 114722579 
USELESS__spp_updatetag_cnt		: 131281752 
__spp_memintr_check_and_clean_cnt	: 90020965 

***** SPP direct runtime statistics *****
__spp_cleantag_cnt_direct		: 258379500 
__spp_cleantag_external_cnt_direct	: 56764336 
__spp_checkbound_cnt_direct		: 23017669 
__spp_updatetag_cnt_direct		: 46693876 
__spp_memintr_check_and_clean_cnt_direct: 0 

