Threads: 1
***** SPP runtime statistics *****
__spp_extract_tagval_cnt		: 4186060268 
__spp_is_pm_ptr_cnt			: 4313725595 
__spp_vol_ptr_check_cnt			: 136755646 
__spp_cleantag_cnt			: 4193060270 
USELESS__spp_cleantag_cnt		: 2000002 
__spp_cleantag_external_cnt		: 39250002 
USELESS__spp_cleantag_external_cnt	: 14270973 
__spp_checkbound_cnt			: 2180229964 
USELESS__spp_checkbound_cnt		: 97204826 
__spp_updatetag_cnt			: 1142039952 
USELESS__spp_updatetag_cnt		: 64356874 
__spp_memintr_check_and_clean_cnt	: 1054559052 

***** SPP direct runtime statistics *****
__spp_cleantag_cnt_direct		: 4187060268 
__spp_cleantag_external_cnt_direct	: 24888710 
__spp_checkbound_cnt_direct		: 3090319 
__spp_updatetag_cnt_direct		: 12180638 
__spp_memintr_check_and_clean_cnt_direct: 0 

Threads: 2
***** SPP runtime statistics *****
__spp_extract_tagval_cnt		: 4191528923 
__spp_is_pm_ptr_cnt			: 4326798608 
__spp_vol_ptr_check_cnt			: 189088725 
__spp_cleantag_cnt			: 4198975767 
USELESS__spp_cleantag_cnt		: 4000002 
__spp_cleantag_external_cnt		: 44798952 
USELESS__spp_cleantag_external_cnt	: 18058811 
__spp_checkbound_cnt			: 2188332753 
USELESS__spp_checkbound_cnt		: 136699646 
__spp_updatetag_cnt			: 1153667631 
USELESS__spp_updatetag_cnt		: 99710159 
__spp_memintr_check_and_clean_cnt	: 1056016192 

***** SPP direct runtime statistics *****
__spp_cleantag_cnt_direct		: 4192484616 
__spp_cleantag_external_cnt_direct	: 26840221 
__spp_checkbound_cnt_direct		: 4077505 
__spp_updatetag_cnt_direct		: 14145664 
__spp_memintr_check_and_clean_cnt_direct: 0 

Threads: 4
***** SPP runtime statistics *****
__spp_extract_tagval_cnt		: 4191795315 
__spp_is_pm_ptr_cnt			: 4324865744 
__spp_vol_ptr_check_cnt			: 264938841 
__spp_cleantag_cnt			: 4199094906 
USELESS__spp_cleantag_cnt		: 7993813 
__spp_cleantag_external_cnt		: 53976663 
USELESS__spp_cleantag_external_cnt	: 25377826 
__spp_checkbound_cnt			: 2187409159 
USELESS__spp_checkbound_cnt		: 190308404 
__spp_updatetag_cnt			: 1153962435 
USELESS__spp_updatetag_cnt		: 143803511 
__spp_memintr_check_and_clean_cnt	: 1056111273 

***** SPP direct runtime statistics *****
__spp_cleantag_cnt_direct		: 4192722584 
__spp_cleantag_external_cnt_direct	: 30625942 
__spp_checkbound_cnt_direct		: 6071921 
__spp_updatetag_cnt_direct		: 18136757 
__spp_memintr_check_and_clean_cnt_direct: 0 

Threads: 8
***** SPP runtime statistics *****
__spp_extract_tagval_cnt		: 4192284458 
__spp_is_pm_ptr_cnt			: 4326856922 
__spp_vol_ptr_check_cnt			: 400167220 
__spp_cleantag_cnt			: 4199864899 
USELESS__spp_cleantag_cnt		: 15968397 
__spp_cleantag_external_cnt		: 70468080 
USELESS__spp_cleantag_external_cnt	: 39099679 
__spp_checkbound_cnt			: 2189485671 
USELESS__spp_checkbound_cnt		: 286721362 
__spp_updatetag_cnt			: 1157541491 
USELESS__spp_updatetag_cnt		: 225204908 
__spp_memintr_check_and_clean_cnt	: 1056386362 

***** SPP direct runtime statistics *****
__spp_cleantag_cnt_direct		: 4193263251 
__spp_cleantag_external_cnt_direct	: 37981573 
__spp_checkbound_cnt_direct		: 10059371 
__spp_updatetag_cnt_direct		: 26111289 
__spp_memintr_check_and_clean_cnt_direct: 0 

Threads: 16
***** SPP runtime statistics *****
__spp_extract_tagval_cnt		: 4196223455 
__spp_is_pm_ptr_cnt			: 4346009189 
__spp_vol_ptr_check_cnt			: 678102809 
__spp_cleantag_cnt			: 4204642995 
USELESS__spp_cleantag_cnt		: 31680108 
__spp_cleantag_external_cnt		: 104206562 
USELESS__spp_cleantag_external_cnt	: 66101623 
__spp_checkbound_cnt			: 2211946952 
USELESS__spp_checkbound_cnt		: 486889493 
__spp_updatetag_cnt			: 1190505551 
USELESS__spp_updatetag_cnt		: 395314481 
__spp_memintr_check_and_clean_cnt	: 1059934009 

***** SPP direct runtime statistics *****
__spp_cleantag_cnt_direct		: 4197500458 
__spp_cleantag_external_cnt_direct	: 52393100 
__spp_checkbound_cnt_direct		: 17948327 
__spp_updatetag_cnt_direct		: 41846479 
__spp_memintr_check_and_clean_cnt_direct: 0 

Threads: 32
***** SPP runtime statistics *****
__spp_extract_tagval_cnt		: 4204552501 
__spp_is_pm_ptr_cnt			: 4383834888 
__spp_vol_ptr_check_cnt			: 1174914429 
__spp_cleantag_cnt			: 4214557968 
USELESS__spp_cleantag_cnt		: 60543116 
__spp_cleantag_external_cnt		: 165225679 
USELESS__spp_cleantag_external_cnt	: 115606381 
__spp_checkbound_cnt			: 2262444105 
USELESS__spp_checkbound_cnt		: 846221895 
__spp_updatetag_cnt			: 1269840762 
USELESS__spp_updatetag_cnt		: 700943662 
__spp_memintr_check_and_clean_cnt	: 1067764410 

***** SPP direct runtime statistics *****
__spp_cleantag_cnt_direct		: 4206397798 
__spp_cleantag_external_cnt_direct	: 79921123 
__spp_checkbound_cnt_direct		: 33323421 
__spp_updatetag_cnt_direct		: 72410640 
__spp_memintr_check_and_clean_cnt_direct: 0 

