deleteseq_threads_1.csv
id,Benchmark,CPU,CPU model,CPUCache,Date:,Engine,Entries,Keys [bytes each],Median [micros/op],Open [millis/op],Path,Percentilie P50.000000 [micros/op],Percentilie P75.000000 [micros/op],Percentilie P90.000000 [micros/op],Percentilie P99.900000 [micros/op],Percentilie P99.990000 [micros/op],RawSize [MB (estimated)],Values [bytes each],extra_data,micros/op (avarage),ops/sec,throughput [MB/s],Threads
2,deleteseq,64,Intel(R) Xeon(R) Gold 6326 CPU @ 2.90GHz,24576 KB,10/28/22 22:57:34,cmap,1000000,16,8.367598,,/mnt/pmem0/pmemkv,8.367598,8.992837,10.310164,18.466225,78.402778,991.821289,1024,,8.189494,122107.664062,0.000000,1
2,deleteseq,64,Intel(R) Xeon(R) Gold 6326 CPU @ 2.90GHz,24576 KB,10/28/22 22:57:52,cmap,1000000,16,9.230207,,/mnt/pmem0/pmemkv,9.230207,9.908445,11.575274,19.576421,81.340206,991.821289,1024,,9.075745,220367.531250,0.000000,2
2,deleteseq,64,Intel(R) Xeon(R) Gold 6326 CPU @ 2.90GHz,24576 KB,10/28/22 22:58:11,cmap,1000000,16,9.817077,,/mnt/pmem0/pmemkv,9.817077,12.918950,14.841695,23.878781,72.519685,991.821289,1024,,9.009554,443972.906250,0.000000,4
2,deleteseq,64,Intel(R) Xeon(R) Gold 6326 CPU @ 2.90GHz,24576 KB,10/28/22 22:58:30,cmap,1000000,16,10.731176,,/mnt/pmem0/pmemkv,10.731176,14.957189,18.941503,30.838430,58.712871,991.821289,1024,,9.238917,865900.750000,0.000000,8
2,deleteseq,64,Intel(R) Xeon(R) Gold 6326 CPU @ 2.90GHz,24576 KB,10/28/22 22:58:49,cmap,1000000,16,9.272033,,/mnt/pmem0/pmemkv,9.272033,16.896679,24.684403,57.719748,65.213229,991.821289,1024,,9.793864,1633669.875000,0.000000,16
2,deleteseq,64,Intel(R) Xeon(R) Gold 6326 CPU @ 2.90GHz,24576 KB,10/28/22 22:59:14,cmap,1000000,16,4.608760,,/mnt/pmem0/pmemkv,4.608760,18.911582,25.301890,94.257163,117.502459,991.821289,1024,,10.730361,2982181.250000,0.000000,32
deleteseq_threads_2.csv
id,Benchmark,CPU,CPU model,CPUCache,Date:,Engine,Entries,Keys [bytes each],Median [micros/op],Open [millis/op],Path,Percentilie P50.000000 [micros/op],Percentilie P75.000000 [micros/op],Percentilie P90.000000 [micros/op],Percentilie P99.900000 [micros/op],Percentilie P99.990000 [micros/op],RawSize [MB (estimated)],Values [bytes each],extra_data,micros/op (avarage),ops/sec,throughput [MB/s],Threads
2,deleteseq,64,Intel(R) Xeon(R) Gold 6326 CPU @ 2.90GHz,24576 KB,10/28/22 22:59:33,cmap,1000000,16,8.396400,,/mnt/pmem0/pmemkv,8.396400,9.061555,10.383919,18.747909,79.538462,991.821289,1024,,8.218871,121671.210938,0.000000,1
2,deleteseq,64,Intel(R) Xeon(R) Gold 6326 CPU @ 2.90GHz,24576 KB,10/28/22 22:59:50,cmap,1000000,16,9.304117,,/mnt/pmem0/pmemkv,9.304117,9.936633,11.609766,19.583357,79.294606,991.821289,1024,,9.128773,219087.421875,0.000000,2
2,deleteseq,64,Intel(R) Xeon(R) Gold 6326 CPU @ 2.90GHz,24576 KB,10/28/22 23:00:09,cmap,1000000,16,9.869127,,/mnt/pmem0/pmemkv,9.869127,13.020176,14.936942,23.940691,74.144144,991.821289,1024,,9.082685,440398.218750,0.000000,4
2,deleteseq,64,Intel(R) Xeon(R) Gold 6326 CPU @ 2.90GHz,24576 KB,10/28/22 23:00:28,cmap,1000000,16,10.673962,,/mnt/pmem0/pmemkv,10.673962,14.860265,18.772134,30.548440,62.336449,991.821289,1024,,9.190423,870469.812500,0.000000,8
2,deleteseq,64,Intel(R) Xeon(R) Gold 6326 CPU @ 2.90GHz,24576 KB,10/28/22 23:00:48,cmap,1000000,16,9.212597,,/mnt/pmem0/pmemkv,9.212597,16.780275,24.563701,57.775826,66.563758,991.821289,1024,,9.725003,1645238.000000,0.000000,16
2,deleteseq,64,Intel(R) Xeon(R) Gold 6326 CPU @ 2.90GHz,24576 KB,10/28/22 23:01:13,cmap,1000000,16,4.682535,,/mnt/pmem0/pmemkv,4.682535,19.101413,25.779296,95.017459,117.747678,991.821289,1024,,10.881211,2940838.500000,0.000000,32
deleteseq_threads_3.csv
id,Benchmark,CPU,CPU model,CPUCache,Date:,Engine,Entries,Keys [bytes each],Median [micros/op],Open [millis/op],Path,Percentilie P50.000000 [micros/op],Percentilie P75.000000 [micros/op],Percentilie P90.000000 [micros/op],Percentilie P99.900000 [micros/op],Percentilie P99.990000 [micros/op],RawSize [MB (estimated)],Values [bytes each],extra_data,micros/op (avarage),ops/sec,throughput [MB/s],Threads
2,deleteseq,64,Intel(R) Xeon(R) Gold 6326 CPU @ 2.90GHz,24576 KB,10/28/22 23:01:32,cmap,1000000,16,8.367023,,/mnt/pmem0/pmemkv,8.367023,9.011653,10.355597,18.443843,79.343066,991.821289,1024,,8.190718,122089.421875,0.000000,1
2,deleteseq,64,Intel(R) Xeon(R) Gold 6326 CPU @ 2.90GHz,24576 KB,10/28/22 23:01:49,cmap,1000000,16,9.256868,,/mnt/pmem0/pmemkv,9.256868,9.923910,11.602740,19.638912,80.000000,991.821289,1024,,9.095052,219899.734375,0.000000,2
2,deleteseq,64,Intel(R) Xeon(R) Gold 6326 CPU @ 2.90GHz,24576 KB,10/28/22 23:02:08,cmap,1000000,16,9.814372,,/mnt/pmem0/pmemkv,9.814372,12.858647,14.702472,23.648036,72.547529,991.821289,1024,,9.013804,443763.562500,0.000000,4
2,deleteseq,64,Intel(R) Xeon(R) Gold 6326 CPU @ 2.90GHz,24576 KB,10/28/22 23:02:27,cmap,1000000,16,10.598035,,/mnt/pmem0/pmemkv,10.598035,14.794210,18.730465,30.391796,64.652778,991.821289,1024,,9.142159,875066.250000,0.000000,8
2,deleteseq,64,Intel(R) Xeon(R) Gold 6326 CPU @ 2.90GHz,24576 KB,10/28/22 23:02:47,cmap,1000000,16,9.133892,,/mnt/pmem0/pmemkv,9.133892,16.420081,24.143143,57.174271,63.639381,991.821289,1024,,9.520970,1680496.250000,0.000000,16
2,deleteseq,64,Intel(R) Xeon(R) Gold 6326 CPU @ 2.90GHz,24576 KB,10/28/22 23:03:11,cmap,1000000,16,4.663662,,/mnt/pmem0/pmemkv,4.663662,18.989857,25.464486,94.797291,117.555730,991.821289,1024,,10.798684,2963309.750000,0.000000,32
