deleterandom_threads_1.csv
id,Benchmark,CPU,CPU model,CPUCache,Date:,Engine,Entries,Keys [bytes each],Median [micros/op],Open [millis/op],Path,Percentilie P50.000000 [micros/op],Percentilie P75.000000 [micros/op],Percentilie P90.000000 [micros/op],Percentilie P99.900000 [micros/op],Percentilie P99.990000 [micros/op],RawSize [MB (estimated)],Values [bytes each],extra_data,micros/op (avarage),ops/sec,throughput [MB/s],Threads
2,deleterandom,64,Intel(R) Xeon(R) Gold 6326 CPU @ 2.90GHz,24576 KB,10/28/22 23:03:35,cmap,1000000,16,8.636287,,/mnt/pmem0/pmemkv,8.636287,9.695924,11.387387,19.754555,81.538462,991.821289,1024,,6.289640,158991.609375,0.000000,1
2,deleterandom,64,Intel(R) Xeon(R) Gold 6326 CPU @ 2.90GHz,24576 KB,10/28/22 23:03:51,cmap,1000000,16,1.927740,,/mnt/pmem0/pmemkv,1.927740,9.183101,10.126302,19.231087,79.213974,991.821289,1024,,4.418098,452534.250000,0.000000,2
2,deleterandom,64,Intel(R) Xeon(R) Gold 6326 CPU @ 2.90GHz,24576 KB,10/28/22 23:04:05,cmap,1000000,16,1.336344,,/mnt/pmem0/pmemkv,1.336344,2.914915,9.668127,18.898574,77.175573,991.821289,1024,,2.700649,1478198.250000,0.000000,4
2,deleterandom,64,Intel(R) Xeon(R) Gold 6326 CPU @ 2.90GHz,24576 KB,10/28/22 23:04:18,cmap,1000000,16,0.954340,,/mnt/pmem0/pmemkv,0.954340,1.680917,9.045320,18.555081,72.557545,991.821289,1024,,1.607982,4964460.500000,0.000000,8
2,deleterandom,64,Intel(R) Xeon(R) Gold 6326 CPU @ 2.90GHz,24576 KB,10/28/22 23:04:30,cmap,1000000,16,0.836196,,/mnt/pmem0/pmemkv,0.836196,1.476817,1.947194,23.518623,41.122995,991.821289,1024,,1.113649,14298813.000000,0.000000,16
2,deleterandom,64,Intel(R) Xeon(R) Gold 6326 CPU @ 2.90GHz,24576 KB,10/28/22 23:04:46,cmap,1000000,16,0.882839,,/mnt/pmem0/pmemkv,0.882839,1.489839,1.889936,53.469544,82.336165,991.821289,1024,,1.200748,26176662.000000,0.000000,32
deleterandom_threads_2.csv
id,Benchmark,CPU,CPU model,CPUCache,Date:,Engine,Entries,Keys [bytes each],Median [micros/op],Open [millis/op],Path,Percentilie P50.000000 [micros/op],Percentilie P75.000000 [micros/op],Percentilie P90.000000 [micros/op],Percentilie P99.900000 [micros/op],Percentilie P99.990000 [micros/op],RawSize [MB (estimated)],Values [bytes each],extra_data,micros/op (avarage),ops/sec,throughput [MB/s],Threads
2,deleterandom,64,Intel(R) Xeon(R) Gold 6326 CPU @ 2.90GHz,24576 KB,10/28/22 23:04:55,cmap,1000000,16,8.662668,,/mnt/pmem0/pmemkv,8.662668,9.722316,11.421339,19.757287,81.862745,991.821289,1024,,6.312902,158405.750000,0.000000,1
2,deleterandom,64,Intel(R) Xeon(R) Gold 6326 CPU @ 2.90GHz,24576 KB,10/28/22 23:05:11,cmap,1000000,16,1.930359,,/mnt/pmem0/pmemkv,1.930359,9.218530,10.210864,19.290664,79.180328,991.821289,1024,,4.433146,450917.093750,0.000000,2
2,deleterandom,64,Intel(R) Xeon(R) Gold 6326 CPU @ 2.90GHz,24576 KB,10/28/22 23:05:25,cmap,1000000,16,1.340690,,/mnt/pmem0/pmemkv,1.340690,2.918823,9.679211,18.993723,77.864583,991.821289,1024,,2.706847,1476457.125000,0.000000,4
2,deleterandom,64,Intel(R) Xeon(R) Gold 6326 CPU @ 2.90GHz,24576 KB,10/28/22 23:05:38,cmap,1000000,16,0.955795,,/mnt/pmem0/pmemkv,0.955795,1.682275,9.055144,18.774266,72.722646,991.821289,1024,,1.611850,4958254.500000,0.000000,8
2,deleterandom,64,Intel(R) Xeon(R) Gold 6326 CPU @ 2.90GHz,24576 KB,10/28/22 23:05:50,cmap,1000000,16,0.835892,,/mnt/pmem0/pmemkv,0.835892,1.476571,1.947378,23.582011,38.322148,991.821289,1024,,1.101198,14493883.000000,0.000000,16
2,deleterandom,64,Intel(R) Xeon(R) Gold 6326 CPU @ 2.90GHz,24576 KB,10/28/22 23:06:06,cmap,1000000,16,0.882205,,/mnt/pmem0/pmemkv,0.882205,1.489570,1.890335,53.641647,82.262142,991.821289,1024,,1.221146,25777804.000000,0.000000,32
deleterandom_threads_3.csv
id,Benchmark,CPU,CPU model,CPUCache,Date:,Engine,Entries,Keys [bytes each],Median [micros/op],Open [millis/op],Path,Percentilie P50.000000 [micros/op],Percentilie P75.000000 [micros/op],Percentilie P90.000000 [micros/op],Percentilie P99.900000 [micros/op],Percentilie P99.990000 [micros/op],RawSize [MB (estimated)],Values [bytes each],extra_data,micros/op (avarage),ops/sec,throughput [MB/s],Threads
2,deleterandom,64,Intel(R) Xeon(R) Gold 6326 CPU @ 2.90GHz,24576 KB,10/28/22 23:06:15,cmap,1000000,16,8.612001,,/mnt/pmem0/pmemkv,8.612001,9.690210,11.379074,19.677011,82.477876,991.821289,1024,,6.278000,159286.390625,0.000000,1
2,deleterandom,64,Intel(R) Xeon(R) Gold 6326 CPU @ 2.90GHz,24576 KB,10/28/22 23:06:31,cmap,1000000,16,1.925346,,/mnt/pmem0/pmemkv,1.925346,9.201828,10.137986,19.263532,79.324895,991.821289,1024,,4.422751,452138.343750,0.000000,2
2,deleterandom,64,Intel(R) Xeon(R) Gold 6326 CPU @ 2.90GHz,24576 KB,10/28/22 23:06:45,cmap,1000000,16,1.338118,,/mnt/pmem0/pmemkv,1.338118,2.915744,9.675185,18.956998,77.924528,991.821289,1024,,2.703908,1477073.750000,0.000000,4
2,deleterandom,64,Intel(R) Xeon(R) Gold 6326 CPU @ 2.90GHz,24576 KB,10/28/22 23:06:57,cmap,1000000,16,0.957233,,/mnt/pmem0/pmemkv,0.957233,1.682756,9.047965,18.579065,72.524752,991.821289,1024,,1.609205,4965625.500000,0.000000,8
2,deleterandom,64,Intel(R) Xeon(R) Gold 6326 CPU @ 2.90GHz,24576 KB,10/28/22 23:07:09,cmap,1000000,16,0.836817,,/mnt/pmem0/pmemkv,0.836817,1.478559,1.949279,23.366768,37.488636,991.821289,1024,,1.084029,14690072.000000,0.000000,16
2,deleterandom,64,Intel(R) Xeon(R) Gold 6326 CPU @ 2.90GHz,24576 KB,10/28/22 23:07:25,cmap,1000000,16,0.882991,,/mnt/pmem0/pmemkv,0.882991,1.490589,1.891086,53.248007,81.724368,991.821289,1024,,1.219646,25807930.000000,0.000000,32
