id,Benchmark,CPU,CPU model,CPUCache,Date:,Engine,Entries,Keys [bytes each],Median [micros/op],Open [millis/op],Path,Percentilie P50.000000 [micros/op],Percentilie P75.000000 [micros/op],Percentilie P90.000000 [micros/op],Percentilie P99.900000 [micros/op],Percentilie P99.990000 [micros/op],RawSize [MB (estimated)],Values [bytes each],extra_data,micros/op (avarage),ops/sec,throughput [MB/s],Threads
2,deleteseq,64,Intel(R) Xeon(R) Gold 6326 CPU @ 2.90GHz,24576 KB,10/28/22 23:01:32,cmap,1000000,16,8.377007,,/mnt/pmem0/pmemkv,8.377007,9.022015,10.349893,18.552659,79.094769,991.821289,1024,,8.199694,121956.098958,0.000000,1
2,deleteseq,64,Intel(R) Xeon(R) Gold 6326 CPU @ 2.90GHz,24576 KB,10/28/22 23:01:49,cmap,1000000,16,9.263731,,/mnt/pmem0/pmemkv,9.263731,9.922996,11.595927,19.599563,80.211604,991.821289,1024,,9.099857,219784.895833,0.000000,2
2,deleteseq,64,Intel(R) Xeon(R) Gold 6326 CPU @ 2.90GHz,24576 KB,10/28/22 23:02:08,cmap,1000000,16,9.833525,,/mnt/pmem0/pmemkv,9.833525,12.932591,14.827036,23.822503,73.070453,991.821289,1024,,9.035348,442711.562500,0.000000,4
2,deleteseq,64,Intel(R) Xeon(R) Gold 6326 CPU @ 2.90GHz,24576 KB,10/28/22 23:02:27,cmap,1000000,16,10.667724,,/mnt/pmem0/pmemkv,10.667724,14.870555,18.814701,30.592889,61.900699,991.821289,1024,,9.190500,870478.937500,0.000000,8
2,deleteseq,64,Intel(R) Xeon(R) Gold 6326 CPU @ 2.90GHz,24576 KB,10/28/22 23:02:47,cmap,1000000,16,9.206174,,/mnt/pmem0/pmemkv,9.206174,16.699012,24.463749,57.556615,65.138789,991.821289,1024,,9.679946,1653134.708333,0.000000,16
2,deleteseq,64,Intel(R) Xeon(R) Gold 6326 CPU @ 2.90GHz,24576 KB,10/28/22 23:03:11,cmap,1000000,16,4.651652,,/mnt/pmem0/pmemkv,4.651652,19.000951,25.515224,94.690638,117.601956,991.821289,1024,,10.803419,2962109.833333,0.000000,32
