id,Benchmark,CPU,CPU model,CPUCache,Date:,Engine,Entries,Keys [bytes each],Median [micros/op],Open [millis/op],Path,Percentilie P50.000000 [micros/op],Percentilie P75.000000 [micros/op],Percentilie P90.000000 [micros/op],Percentilie P99.900000 [micros/op],Percentilie P99.990000 [micros/op],RawSize [MB (estimated)],Values [bytes each],extra_data,micros/op (avarage),ops/sec,throughput [MB/s],Threads
2,deleterandom,64,Intel(R) Xeon(R) Gold 6326 CPU @ 2.90GHz,24576 KB,10/28/22 23:06:15,cmap,1000000,16,8.636985,,/mnt/pmem0/pmemkv,8.636985,9.702817,11.395933,19.729618,81.959694,991.821289,1024,,6.293514,158894.583333,0.000000,1
2,deleterandom,64,Intel(R) Xeon(R) Gold 6326 CPU @ 2.90GHz,24576 KB,10/28/22 23:06:31,cmap,1000000,16,1.927815,,/mnt/pmem0/pmemkv,1.927815,9.201153,10.158384,19.261761,79.239732,991.821289,1024,,4.424665,451863.229167,0.000000,2
2,deleterandom,64,Intel(R) Xeon(R) Gold 6326 CPU @ 2.90GHz,24576 KB,10/28/22 23:06:45,cmap,1000000,16,1.338384,,/mnt/pmem0/pmemkv,1.338384,2.916494,9.674174,18.949765,77.654895,991.821289,1024,,2.703801,1477243.041667,0.000000,4
2,deleterandom,64,Intel(R) Xeon(R) Gold 6326 CPU @ 2.90GHz,24576 KB,10/28/22 23:06:57,cmap,1000000,16,0.955789,,/mnt/pmem0/pmemkv,0.955789,1.681983,9.049476,18.636137,72.601648,991.821289,1024,,1.609679,4962780.166667,0.000000,8
2,deleterandom,64,Intel(R) Xeon(R) Gold 6326 CPU @ 2.90GHz,24576 KB,10/28/22 23:07:09,cmap,1000000,16,0.836302,,/mnt/pmem0/pmemkv,0.836302,1.477316,1.947950,23.489134,38.977926,991.821289,1024,,1.099625,14494256.000000,0.000000,16
2,deleterandom,64,Intel(R) Xeon(R) Gold 6326 CPU @ 2.90GHz,24576 KB,10/28/22 23:07:25,cmap,1000000,16,0.882678,,/mnt/pmem0/pmemkv,0.882678,1.489999,1.890452,53.453066,82.107558,991.821289,1024,,1.213847,25920798.666667,0.000000,32
