readrandomwriterandom_threads_1.csv
id,Benchmark,CPU,CPU model,CPUCache,Date:,Engine,Entries,Keys [bytes each],Median [micros/op],Open [millis/op],Path,Percentilie P50.000000 [micros/op],Percentilie P75.000000 [micros/op],Percentilie P90.000000 [micros/op],Percentilie P99.900000 [micros/op],Percentilie P99.990000 [micros/op],RawSize [MB (estimated)],Values [bytes each],extra_data,micros/op (avarage),ops/sec,throughput [MB/s],Threads
2,readrandomwriterandom,64,Intel(R) Xeon(R) Gold 6326 CPU @ 2.90GHz,24576 KB,10/29/22 10:02:25,cmap,1000000,16,6.109621,,/mnt/pmem0/pmemkv,6.109621,7.667176,8.647560,14.645793,60.338983,991.821289,1024,(reads:5000000 writes:5000000 total:10000000 found:5000000),5.339159,187295.421875,185.763596,1
2,readrandomwriterandom,64,Intel(R) Xeon(R) Gold 6326 CPU @ 2.90GHz,24576 KB,10/29/22 10:03:40,cmap,1000000,16,6.139586,,/mnt/pmem0/pmemkv,6.139586,7.773754,8.774210,13.707231,70.363054,991.821289,1024,(reads:5000000 writes:5000000 total:10000000 found:5000000),5.425713,368288.781250,365.276642,2
2,readrandomwriterandom,64,Intel(R) Xeon(R) Gold 6326 CPU @ 2.90GHz,24576 KB,10/29/22 10:04:59,cmap,1000000,16,6.462406,,/mnt/pmem0/pmemkv,6.462406,8.256914,9.277900,14.456382,75.513498,991.821289,1024,(reads:5000000 writes:5000000 total:10000000 found:5000000),5.718980,695690.250000,690.000366,4
2,readrandomwriterandom,64,Intel(R) Xeon(R) Gold 6326 CPU @ 2.90GHz,24576 KB,10/29/22 10:06:21,cmap,1000000,16,6.945549,,/mnt/pmem0/pmemkv,6.945549,8.621419,9.755257,53.881595,78.673280,991.821289,1024,(reads:5000000 writes:5000000 total:10000000 found:5000000),6.061610,1314058.000000,1303.310669,8
2,readrandomwriterandom,64,Intel(R) Xeon(R) Gold 6326 CPU @ 2.90GHz,24576 KB,10/29/22 10:07:44,cmap,1000000,16,7.289313,,/mnt/pmem0/pmemkv,7.289313,9.427752,11.385640,68.906126,86.306072,991.821289,1024,(reads:5000000 writes:5000000 total:10000000 found:5000000),6.943013,2292566.250000,2273.815918,16
2,readrandomwriterandom,64,Intel(R) Xeon(R) Gold 6326 CPU @ 2.90GHz,24576 KB,10/29/22 10:09:28,cmap,1000000,16,11.367385,,/mnt/pmem0/pmemkv,11.367385,18.052855,23.794866,76.471719,90.103063,991.821289,1024,(reads:5000000 writes:5000000 total:10000000 found:5000000),12.731733,2413006.500000,2393.271240,32
readrandomwriterandom_threads_2.csv
id,Benchmark,CPU,CPU model,CPUCache,Date:,Engine,Entries,Keys [bytes each],Median [micros/op],Open [millis/op],Path,Percentilie P50.000000 [micros/op],Percentilie P75.000000 [micros/op],Percentilie P90.000000 [micros/op],Percentilie P99.900000 [micros/op],Percentilie P99.990000 [micros/op],RawSize [MB (estimated)],Values [bytes each],extra_data,micros/op (avarage),ops/sec,throughput [MB/s],Threads
2,readrandomwriterandom,64,Intel(R) Xeon(R) Gold 6326 CPU @ 2.90GHz,24576 KB,10/29/22 10:12:00,cmap,1000000,16,6.118041,,/mnt/pmem0/pmemkv,6.118041,7.682934,8.664849,14.822522,24.962312,991.821289,1024,(reads:5000000 writes:5000000 total:10000000 found:5000000),5.362481,186480.843750,184.955673,1
2,readrandomwriterandom,64,Intel(R) Xeon(R) Gold 6326 CPU @ 2.90GHz,24576 KB,10/29/22 10:13:15,cmap,1000000,16,6.110374,,/mnt/pmem0/pmemkv,6.110374,7.696979,8.692390,13.794991,70.405050,991.821289,1024,(reads:5000000 writes:5000000 total:10000000 found:5000000),5.371462,371950.312500,368.908234,2
2,readrandomwriterandom,64,Intel(R) Xeon(R) Gold 6326 CPU @ 2.90GHz,24576 KB,10/29/22 10:14:30,cmap,1000000,16,6.166886,,/mnt/pmem0/pmemkv,6.166886,7.806061,8.837531,13.773654,75.025938,991.821289,1024,(reads:5000000 writes:5000000 total:10000000 found:5000000),5.498538,722641.500000,716.731201,4
2,readrandomwriterandom,64,Intel(R) Xeon(R) Gold 6326 CPU @ 2.90GHz,24576 KB,10/29/22 10:15:47,cmap,1000000,16,6.618706,,/mnt/pmem0/pmemkv,6.618706,8.361396,9.501334,42.158531,78.235547,991.821289,1024,(reads:5000000 writes:5000000 total:10000000 found:5000000),5.935752,1335228.625000,1324.308105,8
2,readrandomwriterandom,64,Intel(R) Xeon(R) Gold 6326 CPU @ 2.90GHz,24576 KB,10/29/22 10:17:10,cmap,1000000,16,7.307009,,/mnt/pmem0/pmemkv,7.307009,9.456010,11.387470,68.751886,86.185593,991.821289,1024,(reads:5000000 writes:5000000 total:10000000 found:5000000),6.953896,2288021.750000,2269.308594,16
2,readrandomwriterandom,64,Intel(R) Xeon(R) Gold 6326 CPU @ 2.90GHz,24576 KB,10/29/22 10:18:53,cmap,1000000,16,11.407204,,/mnt/pmem0/pmemkv,11.407204,18.857854,24.615160,74.838557,89.655182,991.821289,1024,(reads:5000000 writes:5000000 total:10000000 found:5000000),13.054902,2350453.000000,2331.229248,32
readrandomwriterandom_threads_3.csv
id,Benchmark,CPU,CPU model,CPUCache,Date:,Engine,Entries,Keys [bytes each],Median [micros/op],Open [millis/op],Path,Percentilie P50.000000 [micros/op],Percentilie P75.000000 [micros/op],Percentilie P90.000000 [micros/op],Percentilie P99.900000 [micros/op],Percentilie P99.990000 [micros/op],RawSize [MB (estimated)],Values [bytes each],extra_data,micros/op (avarage),ops/sec,throughput [MB/s],Threads
2,readrandomwriterandom,64,Intel(R) Xeon(R) Gold 6326 CPU @ 2.90GHz,24576 KB,10/29/22 10:21:29,cmap,1000000,16,6.110842,,/mnt/pmem0/pmemkv,6.110842,7.673154,8.652978,14.769314,25.666667,991.821289,1024,(reads:5000000 writes:5000000 total:10000000 found:5000000),5.342243,187187.296875,185.656357,1
2,readrandomwriterandom,64,Intel(R) Xeon(R) Gold 6326 CPU @ 2.90GHz,24576 KB,10/29/22 10:22:43,cmap,1000000,16,6.110027,,/mnt/pmem0/pmemkv,6.110027,7.705917,8.699510,13.630922,70.365154,991.821289,1024,(reads:5000000 writes:5000000 total:10000000 found:5000000),5.373303,371834.031250,368.792908,2
2,readrandomwriterandom,64,Intel(R) Xeon(R) Gold 6326 CPU @ 2.90GHz,24576 KB,10/29/22 10:24:02,cmap,1000000,16,6.429124,,/mnt/pmem0/pmemkv,6.429124,8.237188,9.266043,14.642227,75.442367,991.821289,1024,(reads:5000000 writes:5000000 total:10000000 found:5000000),5.703117,699437.875000,693.717346,4
2,readrandomwriterandom,64,Intel(R) Xeon(R) Gold 6326 CPU @ 2.90GHz,24576 KB,10/29/22 10:25:21,cmap,1000000,16,6.396741,,/mnt/pmem0/pmemkv,6.396741,8.071228,9.226345,32.467320,78.296046,991.821289,1024,(reads:5000000 writes:5000000 total:10000000 found:5000000),5.789015,1375735.000000,1364.483276,8
2,readrandomwriterandom,64,Intel(R) Xeon(R) Gold 6326 CPU @ 2.90GHz,24576 KB,10/29/22 10:26:41,cmap,1000000,16,7.338430,,/mnt/pmem0/pmemkv,7.338430,9.484395,11.395800,68.877831,86.401910,991.821289,1024,(reads:5000000 writes:5000000 total:10000000 found:5000000),6.962282,2284124.500000,2265.443359,16
2,readrandomwriterandom,64,Intel(R) Xeon(R) Gold 6326 CPU @ 2.90GHz,24576 KB,10/29/22 10:28:24,cmap,1000000,16,11.320241,,/mnt/pmem0/pmemkv,11.320241,18.176134,23.858297,76.431552,89.921683,991.821289,1024,(reads:5000000 writes:5000000 total:10000000 found:5000000),12.752749,2422509.750000,2402.696777,32
