id,Benchmark,CPU,CPU model,CPUCache,Date:,Engine,Entries,Keys [bytes each],Median [micros/op],Open [millis/op],Path,Percentilie P50.000000 [micros/op],Percentilie P75.000000 [micros/op],Percentilie P90.000000 [micros/op],Percentilie P99.900000 [micros/op],Percentilie P99.990000 [micros/op],RawSize [MB (estimated)],Values [bytes each],extra_data,micros/op (avarage),ops/sec,throughput [MB/s],Threads
2,readrandomwriterandom,64,Intel(R) Xeon(R) Gold 6326 CPU @ 2.90GHz,24576 KB,10/29/22 10:21:29,cmap,1000000,16,6.112835,,/mnt/pmem0/pmemkv,6.112835,7.674421,8.655129,14.745876,36.989321,991.821289,1024,(reads:5000000 writes:5000000 total:10000000 found:5000000),5.347961,186987.854167,185.458542,1
2,readrandomwriterandom,64,Intel(R) Xeon(R) Gold 6326 CPU @ 2.90GHz,24576 KB,10/29/22 10:22:43,cmap,1000000,16,6.119996,,/mnt/pmem0/pmemkv,6.119996,7.725550,8.722037,13.711048,70.377753,991.821289,1024,(reads:5000000 writes:5000000 total:10000000 found:5000000),5.390159,370691.041667,367.659261,2
2,readrandomwriterandom,64,Intel(R) Xeon(R) Gold 6326 CPU @ 2.90GHz,24576 KB,10/29/22 10:24:02,cmap,1000000,16,6.352805,,/mnt/pmem0/pmemkv,6.352805,8.100054,9.127158,14.290754,75.327268,991.821289,1024,(reads:5000000 writes:5000000 total:10000000 found:5000000),5.640212,705923.208333,700.149638,4
2,readrandomwriterandom,64,Intel(R) Xeon(R) Gold 6326 CPU @ 2.90GHz,24576 KB,10/29/22 10:25:21,cmap,1000000,16,6.653665,,/mnt/pmem0/pmemkv,6.653665,8.351348,9.494312,42.835815,78.401624,991.821289,1024,(reads:5000000 writes:5000000 total:10000000 found:5000000),5.928792,1341673.875000,1330.700683,8
2,readrandomwriterandom,64,Intel(R) Xeon(R) Gold 6326 CPU @ 2.90GHz,24576 KB,10/29/22 10:26:41,cmap,1000000,16,7.311584,,/mnt/pmem0/pmemkv,7.311584,9.456052,11.389637,68.845281,86.297858,991.821289,1024,(reads:5000000 writes:5000000 total:10000000 found:5000000),6.953064,2288237.500000,2269.522624,16
2,readrandomwriterandom,64,Intel(R) Xeon(R) Gold 6326 CPU @ 2.90GHz,24576 KB,10/29/22 10:28:24,cmap,1000000,16,11.364943,,/mnt/pmem0/pmemkv,11.364943,18.362281,24.089441,75.913943,89.893309,991.821289,1024,(reads:5000000 writes:5000000 total:10000000 found:5000000),12.846461,2395323.083333,2375.732422,32
