id,Benchmark,CPU,CPU model,CPUCache,Date:,Engine,Entries,Keys [bytes each],Median [micros/op],Open [millis/op],Path,Percentilie P50.000000 [micros/op],Percentilie P75.000000 [micros/op],Percentilie P90.000000 [micros/op],Percentilie P99.900000 [micros/op],Percentilie P99.990000 [micros/op],RawSize [MB (estimated)],Values [bytes each],extra_data,micros/op (avarage),ops/sec,throughput [MB/s],Threads
2,readrandom,64,Intel(R) Xeon(R) Gold 6326 CPU @ 2.90GHz,24576 KB,10/29/22 11:53:42,cmap,1000000,16,2.786005,,/mnt/pmem0/pmemkv,2.786005,4.602154,6.010088,19.564269,26.285653,991.821289,1024,(1002361 of 10000000 found by one thread),3.096792,322947.052083,36.540039,1
2,readrandom,64,Intel(R) Xeon(R) Gold 6326 CPU @ 2.90GHz,24576 KB,10/29/22 11:54:52,cmap,1000000,16,2.743990,,/mnt/pmem0/pmemkv,2.743990,4.379109,5.795070,17.918094,25.524966,991.821289,1024,(1002361 of 10000000 found by one thread),2.932591,680594.291667,76.914433,2
2,readrandom,64,Intel(R) Xeon(R) Gold 6326 CPU @ 2.90GHz,24576 KB,10/29/22 11:56:01,cmap,1000000,16,2.697319,,/mnt/pmem0/pmemkv,2.697319,4.206932,5.674762,15.963077,24.467058,991.821289,1024,(1002361 of 10000000 found by one thread),2.790931,1420015.666667,160.538559,4
2,readrandom,64,Intel(R) Xeon(R) Gold 6326 CPU @ 2.90GHz,24576 KB,10/29/22 11:57:09,cmap,1000000,16,2.718847,,/mnt/pmem0/pmemkv,2.718847,4.302219,5.735804,13.933536,23.628879,991.821289,1024,(1002361 of 10000000 found by one thread),2.835557,2805823.583333,317.239380,8
2,readrandom,64,Intel(R) Xeon(R) Gold 6326 CPU @ 2.90GHz,24576 KB,10/29/22 11:58:17,cmap,1000000,16,2.751662,,/mnt/pmem0/pmemkv,2.751662,4.457817,5.942610,12.452489,22.594172,991.821289,1024,(1002361 of 10000000 found by one thread),2.939211,5371787.500000,607.267151,16
2,readrandom,64,Intel(R) Xeon(R) Gold 6326 CPU @ 2.90GHz,24576 KB,10/29/22 11:59:41,cmap,1000000,16,3.880691,,/mnt/pmem0/pmemkv,3.880691,6.129626,8.260638,14.903826,27.781531,991.821289,1024,(1002361 of 10000000 found by one thread),4.492948,7038327.333333,795.552531,32
