id,Benchmark,CPU,CPU model,CPUCache,Date:,Engine,Entries,Keys [bytes each],Median [micros/op],Open [millis/op],Path,Percentilie P50.000000 [micros/op],Percentilie P75.000000 [micros/op],Percentilie P90.000000 [micros/op],Percentilie P99.900000 [micros/op],Percentilie P99.990000 [micros/op],RawSize [MB (estimated)],Values [bytes each],extra_data,micros/op (avarage),ops/sec,throughput [MB/s],Threads
2,readseq,64,Intel(R) Xeon(R) Gold 6326 CPU @ 2.90GHz,24576 KB,10/29/22 11:31:28,cmap,1000000,16,2.716937,,/mnt/pmem0/pmemkv,2.716937,3.939581,5.645543,21.790527,29.259334,991.821289,1024,(1000000 of 10000000 found by one thread),2.855504,350220.927083,39.545211,1
2,readseq,64,Intel(R) Xeon(R) Gold 6326 CPU @ 2.90GHz,24576 KB,10/29/22 11:32:35,cmap,1000000,16,2.666742,,/mnt/pmem0/pmemkv,2.666742,3.821034,5.523191,24.726558,34.216062,991.821289,1024,(1000000 of 10000000 found by one thread),2.951203,677746.854167,76.527814,2
2,readseq,64,Intel(R) Xeon(R) Gold 6326 CPU @ 2.90GHz,24576 KB,10/29/22 11:33:44,cmap,1000000,16,2.598362,,/mnt/pmem0/pmemkv,2.598362,3.666018,5.403976,27.793410,38.180987,991.821289,1024,(1000000 of 10000000 found by one thread),2.995418,1335955.916667,150.849518,4
2,readseq,64,Intel(R) Xeon(R) Gold 6326 CPU @ 2.90GHz,24576 KB,10/29/22 11:34:53,cmap,1000000,16,2.662561,,/mnt/pmem0/pmemkv,2.662561,3.727234,5.447252,30.031012,42.114369,991.821289,1024,(1000000 of 10000000 found by one thread),3.199085,2500780.083333,282.375681,8
2,readseq,64,Intel(R) Xeon(R) Gold 6326 CPU @ 2.90GHz,24576 KB,10/29/22 11:36:05,cmap,1000000,16,2.768444,,/mnt/pmem0/pmemkv,2.768444,3.794417,5.326847,33.176965,44.309740,991.821289,1024,(1000000 of 10000000 found by one thread),3.388073,4719351.333333,532.885742,16
2,readseq,64,Intel(R) Xeon(R) Gold 6326 CPU @ 2.90GHz,24576 KB,10/29/22 11:37:34,cmap,1000000,16,3.748096,,/mnt/pmem0/pmemkv,3.748096,5.144709,6.807639,46.504341,64.703731,991.821289,1024,(1000000 of 10000000 found by one thread),4.639065,6844047.333333,772.795898,32
