readseq_threads_1.csv
id,Benchmark,CPU,CPU model,CPUCache,Date:,Engine,Entries,Keys [bytes each],Median [micros/op],Open [millis/op],Path,Percentilie P50.000000 [micros/op],Percentilie P75.000000 [micros/op],Percentilie P90.000000 [micros/op],Percentilie P99.900000 [micros/op],Percentilie P99.990000 [micros/op],RawSize [MB (estimated)],Values [bytes each],extra_data,micros/op (avarage),ops/sec,throughput [MB/s],Threads
2,readseq,64,Intel(R) Xeon(R) Gold 6326 CPU @ 2.90GHz,24576 KB,10/29/22 11:16:21,cmap,1000000,16,2.700724,,/mnt/pmem0/pmemkv,2.700724,3.919339,5.627775,21.704464,29.023732,991.821289,1024,(1000000 of 10000000 found by one thread),2.826241,353826.781250,39.952366,1
2,readseq,64,Intel(R) Xeon(R) Gold 6326 CPU @ 2.90GHz,24576 KB,10/29/22 11:17:29,cmap,1000000,16,2.676924,,/mnt/pmem0/pmemkv,2.676924,3.829100,5.525453,24.684441,34.073084,991.821289,1024,(1000000 of 10000000 found by one thread),2.963086,674971.812500,76.214470,2
2,readseq,64,Intel(R) Xeon(R) Gold 6326 CPU @ 2.90GHz,24576 KB,10/29/22 11:18:38,cmap,1000000,16,2.633764,,/mnt/pmem0/pmemkv,2.633764,3.709781,5.451398,27.717836,37.921287,991.821289,1024,(1000000 of 10000000 found by one thread),3.040381,1315622.375000,148.553558,4
2,readseq,64,Intel(R) Xeon(R) Gold 6326 CPU @ 2.90GHz,24576 KB,10/29/22 11:19:48,cmap,1000000,16,2.670317,,/mnt/pmem0/pmemkv,2.670317,3.721726,5.435507,30.290255,43.458086,991.821289,1024,(1000000 of 10000000 found by one thread),3.183344,2513076.250000,283.764099,8
2,readseq,64,Intel(R) Xeon(R) Gold 6326 CPU @ 2.90GHz,24576 KB,10/29/22 11:21:01,cmap,1000000,16,2.791628,,/mnt/pmem0/pmemkv,2.791628,3.787739,5.260074,32.885904,43.965241,991.821289,1024,(1000000 of 10000000 found by one thread),3.370720,4742696.000000,535.521667,16
2,readseq,64,Intel(R) Xeon(R) Gold 6326 CPU @ 2.90GHz,24576 KB,10/29/22 11:22:31,cmap,1000000,16,3.735381,,/mnt/pmem0/pmemkv,3.735381,5.130975,6.797365,46.427589,64.816787,991.821289,1024,(1000000 of 10000000 found by one thread),4.600154,6908662.500000,780.091919,32
readseq_threads_2.csv
id,Benchmark,CPU,CPU model,CPUCache,Date:,Engine,Entries,Keys [bytes each],Median [micros/op],Open [millis/op],Path,Percentilie P50.000000 [micros/op],Percentilie P75.000000 [micros/op],Percentilie P90.000000 [micros/op],Percentilie P99.900000 [micros/op],Percentilie P99.990000 [micros/op],RawSize [MB (estimated)],Values [bytes each],extra_data,micros/op (avarage),ops/sec,throughput [MB/s],Threads
2,readseq,64,Intel(R) Xeon(R) Gold 6326 CPU @ 2.90GHz,24576 KB,10/29/22 11:23:53,cmap,1000000,16,2.731905,,/mnt/pmem0/pmemkv,2.731905,3.958680,5.658900,21.720022,29.182692,991.821289,1024,(1000000 of 10000000 found by one thread),2.877572,347515.218750,39.239697,1
2,readseq,64,Intel(R) Xeon(R) Gold 6326 CPU @ 2.90GHz,24576 KB,10/29/22 11:25:00,cmap,1000000,16,2.676597,,/mnt/pmem0/pmemkv,2.676597,3.854688,5.549142,24.941635,34.339582,991.821289,1024,(1000000 of 10000000 found by one thread),2.976837,671853.250000,75.862335,2
2,readseq,64,Intel(R) Xeon(R) Gold 6326 CPU @ 2.90GHz,24576 KB,10/29/22 11:26:10,cmap,1000000,16,2.635976,,/mnt/pmem0/pmemkv,2.635976,3.709304,5.441678,28.170381,39.380200,991.821289,1024,(1000000 of 10000000 found by one thread),3.038844,1316289.375000,148.628860,4
2,readseq,64,Intel(R) Xeon(R) Gold 6326 CPU @ 2.90GHz,24576 KB,10/29/22 11:27:20,cmap,1000000,16,2.705350,,/mnt/pmem0/pmemkv,2.705350,3.783972,5.494702,29.958484,41.890022,991.821289,1024,(1000000 of 10000000 found by one thread),3.270988,2445734.000000,276.160156,8
2,readseq,64,Intel(R) Xeon(R) Gold 6326 CPU @ 2.90GHz,24576 KB,10/29/22 11:28:34,cmap,1000000,16,2.752795,,/mnt/pmem0/pmemkv,2.752795,3.798917,5.355140,33.498965,44.643413,991.821289,1024,(1000000 of 10000000 found by one thread),3.394855,4708172.500000,531.623474,16
2,readseq,64,Intel(R) Xeon(R) Gold 6326 CPU @ 2.90GHz,24576 KB,10/29/22 11:30:04,cmap,1000000,16,3.795407,,/mnt/pmem0/pmemkv,3.795407,5.201082,6.837741,46.776234,65.132718,991.821289,1024,(1000000 of 10000000 found by one thread),4.702594,6758309.500000,763.114807,32
readseq_threads_3.csv
id,Benchmark,CPU,CPU model,CPUCache,Date:,Engine,Entries,Keys [bytes each],Median [micros/op],Open [millis/op],Path,Percentilie P50.000000 [micros/op],Percentilie P75.000000 [micros/op],Percentilie P90.000000 [micros/op],Percentilie P99.900000 [micros/op],Percentilie P99.990000 [micros/op],RawSize [MB (estimated)],Values [bytes each],extra_data,micros/op (avarage),ops/sec,throughput [MB/s],Threads
2,readseq,64,Intel(R) Xeon(R) Gold 6326 CPU @ 2.90GHz,24576 KB,10/29/22 11:31:28,cmap,1000000,16,2.718181,,/mnt/pmem0/pmemkv,2.718181,3.940723,5.649953,21.947096,29.571578,991.821289,1024,(1000000 of 10000000 found by one thread),2.862698,349320.781250,39.443569,1
2,readseq,64,Intel(R) Xeon(R) Gold 6326 CPU @ 2.90GHz,24576 KB,10/29/22 11:32:35,cmap,1000000,16,2.646706,,/mnt/pmem0/pmemkv,2.646706,3.779314,5.494979,24.553598,34.235521,991.821289,1024,(1000000 of 10000000 found by one thread),2.913687,686415.500000,77.506638,2
2,readseq,64,Intel(R) Xeon(R) Gold 6326 CPU @ 2.90GHz,24576 KB,10/29/22 11:33:44,cmap,1000000,16,2.525346,,/mnt/pmem0/pmemkv,2.525346,3.578968,5.318853,27.492014,37.241474,991.821289,1024,(1000000 of 10000000 found by one thread),2.907029,1375956.000000,155.366135,4
2,readseq,64,Intel(R) Xeon(R) Gold 6326 CPU @ 2.90GHz,24576 KB,10/29/22 11:34:53,cmap,1000000,16,2.612017,,/mnt/pmem0/pmemkv,2.612017,3.676004,5.411547,29.844298,40.994998,991.821289,1024,(1000000 of 10000000 found by one thread),3.142923,2543530.000000,287.202789,8
2,readseq,64,Intel(R) Xeon(R) Gold 6326 CPU @ 2.90GHz,24576 KB,10/29/22 11:36:05,cmap,1000000,16,2.760910,,/mnt/pmem0/pmemkv,2.760910,3.796595,5.365327,33.146025,44.320565,991.821289,1024,(1000000 of 10000000 found by one thread),3.398643,4707185.500000,531.512085,16
2,readseq,64,Intel(R) Xeon(R) Gold 6326 CPU @ 2.90GHz,24576 KB,10/29/22 11:37:34,cmap,1000000,16,3.713500,,/mnt/pmem0/pmemkv,3.713500,5.102071,6.787811,46.309199,64.161688,991.821289,1024,(1000000 of 10000000 found by one thread),4.614447,6865170.000000,775.180969,32
