readrandom_threads_1.csv
id,Benchmark,CPU,CPU model,CPUCache,Date:,Engine,Entries,Keys [bytes each],Median [micros/op],Open [millis/op],Path,Percentilie P50.000000 [micros/op],Percentilie P75.000000 [micros/op],Percentilie P90.000000 [micros/op],Percentilie P99.900000 [micros/op],Percentilie P99.990000 [micros/op],RawSize [MB (estimated)],Values [bytes each],extra_data,micros/op (avarage),ops/sec,throughput [MB/s],Threads
2,readrandom,64,Intel(R) Xeon(R) Gold 6326 CPU @ 2.90GHz,24576 KB,10/29/22 11:38:59,cmap,1000000,16,2.768675,,/mnt/pmem0/pmemkv,2.768675,4.543998,5.980301,19.525902,26.169468,991.821289,1024,(1002361 of 10000000 found by one thread),3.053210,327524.093750,37.057911,1
2,readrandom,64,Intel(R) Xeon(R) Gold 6326 CPU @ 2.90GHz,24576 KB,10/29/22 11:40:07,cmap,1000000,16,2.756538,,/mnt/pmem0/pmemkv,2.756538,4.406804,5.810761,17.945502,25.641221,991.821289,1024,(1002361 of 10000000 found by one thread),2.958242,674328.312500,76.206306,2
2,readrandom,64,Intel(R) Xeon(R) Gold 6326 CPU @ 2.90GHz,24576 KB,10/29/22 11:41:16,cmap,1000000,16,2.675490,,/mnt/pmem0/pmemkv,2.675490,4.147148,5.654946,15.931065,24.471927,991.821289,1024,(1002361 of 10000000 found by one thread),2.753611,1449022.500000,163.817902,4
2,readrandom,64,Intel(R) Xeon(R) Gold 6326 CPU @ 2.90GHz,24576 KB,10/29/22 11:42:24,cmap,1000000,16,2.741321,,/mnt/pmem0/pmemkv,2.741321,4.369005,5.770277,13.938537,23.677909,991.821289,1024,(1002361 of 10000000 found by one thread),2.880548,2753628.250000,311.337921,8
2,readrandom,64,Intel(R) Xeon(R) Gold 6326 CPU @ 2.90GHz,24576 KB,10/29/22 11:43:33,cmap,1000000,16,2.802403,,/mnt/pmem0/pmemkv,2.802403,4.551382,6.055927,12.487603,22.484481,991.821289,1024,(1002361 of 10000000 found by one thread),3.043997,5199975.500000,587.844238,16
2,readrandom,64,Intel(R) Xeon(R) Gold 6326 CPU @ 2.90GHz,24576 KB,10/29/22 11:44:59,cmap,1000000,16,3.891347,,/mnt/pmem0/pmemkv,3.891347,6.122785,8.263438,14.883600,27.563942,991.821289,1024,(1002361 of 10000000 found by one thread),4.500771,7018640.000000,793.327209,32
readrandom_threads_2.csv
id,Benchmark,CPU,CPU model,CPUCache,Date:,Engine,Entries,Keys [bytes each],Median [micros/op],Open [millis/op],Path,Percentilie P50.000000 [micros/op],Percentilie P75.000000 [micros/op],Percentilie P90.000000 [micros/op],Percentilie P99.900000 [micros/op],Percentilie P99.990000 [micros/op],RawSize [MB (estimated)],Values [bytes each],extra_data,micros/op (avarage),ops/sec,throughput [MB/s],Threads
2,readrandom,64,Intel(R) Xeon(R) Gold 6326 CPU @ 2.90GHz,24576 KB,10/29/22 11:46:20,cmap,1000000,16,2.794143,,/mnt/pmem0/pmemkv,2.794143,4.643117,6.046209,19.376431,25.770925,991.821289,1024,(1002361 of 10000000 found by one thread),3.117213,320799.375000,36.297039,1
2,readrandom,64,Intel(R) Xeon(R) Gold 6326 CPU @ 2.90GHz,24576 KB,10/29/22 11:47:30,cmap,1000000,16,2.740646,,/mnt/pmem0/pmemkv,2.740646,4.363412,5.784359,18.022916,25.936396,991.821289,1024,(1002361 of 10000000 found by one thread),2.924780,682391.500000,77.117538,2
2,readrandom,64,Intel(R) Xeon(R) Gold 6326 CPU @ 2.90GHz,24576 KB,10/29/22 11:48:39,cmap,1000000,16,2.706875,,/mnt/pmem0/pmemkv,2.706875,4.222076,5.677393,15.988031,24.446644,991.821289,1024,(1002361 of 10000000 found by one thread),2.803784,1396485.375000,157.878357,4
2,readrandom,64,Intel(R) Xeon(R) Gold 6326 CPU @ 2.90GHz,24576 KB,10/29/22 11:49:47,cmap,1000000,16,2.752007,,/mnt/pmem0/pmemkv,2.752007,4.387418,5.789931,13.971403,23.653004,991.821289,1024,(1002361 of 10000000 found by one thread),2.901828,2741249.000000,309.938293,8
2,readrandom,64,Intel(R) Xeon(R) Gold 6326 CPU @ 2.90GHz,24576 KB,10/29/22 11:50:57,cmap,1000000,16,2.706840,,/mnt/pmem0/pmemkv,2.706840,4.369206,5.851633,12.535704,23.127064,991.821289,1024,(1002361 of 10000000 found by one thread),2.846962,5514607.500000,623.412598,16
2,readrandom,64,Intel(R) Xeon(R) Gold 6326 CPU @ 2.90GHz,24576 KB,10/29/22 11:52:21,cmap,1000000,16,3.888351,,/mnt/pmem0/pmemkv,3.888351,6.207889,8.319267,14.999556,28.048493,991.821289,1024,(1002361 of 10000000 found by one thread),4.520411,7003672.500000,791.635437,32
readrandom_threads_3.csv
id,Benchmark,CPU,CPU model,CPUCache,Date:,Engine,Entries,Keys [bytes each],Median [micros/op],Open [millis/op],Path,Percentilie P50.000000 [micros/op],Percentilie P75.000000 [micros/op],Percentilie P90.000000 [micros/op],Percentilie P99.900000 [micros/op],Percentilie P99.990000 [micros/op],RawSize [MB (estimated)],Values [bytes each],extra_data,micros/op (avarage),ops/sec,throughput [MB/s],Threads
2,readrandom,64,Intel(R) Xeon(R) Gold 6326 CPU @ 2.90GHz,24576 KB,10/29/22 11:53:42,cmap,1000000,16,2.795198,,/mnt/pmem0/pmemkv,2.795198,4.619347,6.003755,19.790473,26.916566,991.821289,1024,(1002361 of 10000000 found by one thread),3.119953,320517.687500,36.265167,1
2,readrandom,64,Intel(R) Xeon(R) Gold 6326 CPU @ 2.90GHz,24576 KB,10/29/22 11:54:52,cmap,1000000,16,2.734785,,/mnt/pmem0/pmemkv,2.734785,4.367112,5.790091,17.785864,24.997281,991.821289,1024,(1002361 of 10000000 found by one thread),2.914751,685063.062500,77.419456,2
2,readrandom,64,Intel(R) Xeon(R) Gold 6326 CPU @ 2.90GHz,24576 KB,10/29/22 11:56:01,cmap,1000000,16,2.709593,,/mnt/pmem0/pmemkv,2.709593,4.251573,5.691946,15.970136,24.482604,991.821289,1024,(1002361 of 10000000 found by one thread),2.815398,1414539.125000,159.919418,4
2,readrandom,64,Intel(R) Xeon(R) Gold 6326 CPU @ 2.90GHz,24576 KB,10/29/22 11:57:09,cmap,1000000,16,2.663214,,/mnt/pmem0/pmemkv,2.663214,4.150233,5.647203,13.890668,23.555724,991.821289,1024,(1002361 of 10000000 found by one thread),2.724295,2922593.500000,330.441925,8
2,readrandom,64,Intel(R) Xeon(R) Gold 6326 CPU @ 2.90GHz,24576 KB,10/29/22 11:58:17,cmap,1000000,16,2.745743,,/mnt/pmem0/pmemkv,2.745743,4.452862,5.920269,12.334160,22.170972,991.821289,1024,(1002361 of 10000000 found by one thread),2.926673,5400779.500000,610.544617,16
2,readrandom,64,Intel(R) Xeon(R) Gold 6326 CPU @ 2.90GHz,24576 KB,10/29/22 11:59:41,cmap,1000000,16,3.862375,,/mnt/pmem0/pmemkv,3.862375,6.058203,8.199209,14.828321,27.732159,991.821289,1024,(1002361 of 10000000 found by one thread),4.457662,7092669.500000,801.694946,32
