Running readseq for threads 1
***** SPP runtime statistics *****
__spp_extract_tagval_cnt		: 221305604 
__spp_is_pm_ptr_cnt			: 886430719 
__spp_vol_ptr_check_cnt			: 670664893 
__spp_cleantag_cnt			: 260305606 
USELESS__spp_cleantag_cnt		: 20000002 
__spp_cleantag_external_cnt		: 91019469 
USELESS__spp_cleantag_external_cnt	: 64619352 
__spp_checkbound_cnt			: 565274528 
USELESS__spp_checkbound_cnt		: 461662991 
__spp_updatetag_cnt			: 545706378 
USELESS__spp_updatetag_cnt		: 402870161 
__spp_memintr_check_and_clean_cnt	: 84764459 

***** SPP direct runtime statistics *****
__spp_cleantag_cnt_direct		: 221305604 
__spp_cleantag_external_cnt_direct	: 25860339 
__spp_checkbound_cnt_direct		: 12539778 
__spp_updatetag_cnt_direct		: 24079556 
__spp_memintr_check_and_clean_cnt_direct: 0 

Running readseq for threads 2
***** SPP runtime statistics *****
__spp_extract_tagval_cnt		: 330626051 
__spp_is_pm_ptr_cnt			: 944361043 
__spp_vol_ptr_check_cnt			: 767434220 
__spp_cleantag_cnt			: 368791206 
USELESS__spp_cleantag_cnt		: 37811781 
__spp_cleantag_external_cnt		: 134487211 
USELESS__spp_cleantag_external_cnt	: 106406751 
__spp_checkbound_cnt			: 604310758 
USELESS__spp_checkbound_cnt		: 524926021 
__spp_updatetag_cnt			: 580599170 
USELESS__spp_updatetag_cnt		: 455471430 
__spp_memintr_check_and_clean_cnt	: 121311621 

***** SPP direct runtime statistics *****
__spp_cleantag_cnt_direct		: 331824598 
__spp_cleantag_external_cnt_direct	: 45495333 
__spp_checkbound_cnt_direct		: 23060554 
__spp_updatetag_cnt_direct		: 43848554 
__spp_memintr_check_and_clean_cnt_direct: 0 

Running readseq for threads 4
***** SPP runtime statistics *****
__spp_extract_tagval_cnt		: 397640002 
__spp_is_pm_ptr_cnt			: 918813341 
__spp_vol_ptr_check_cnt			: 815320421 
__spp_cleantag_cnt			: 419824551 
USELESS__spp_cleantag_cnt		: 63913596 
__spp_cleantag_external_cnt		: 156193665 
USELESS__spp_cleantag_external_cnt	: 133100185 
__spp_checkbound_cnt			: 567836760 
USELESS__spp_checkbound_cnt		: 515373261 
__spp_updatetag_cnt			: 491868920 
USELESS__spp_updatetag_cnt		: 410619187 
__spp_memintr_check_and_clean_cnt	: 146631626 

***** SPP direct runtime statistics *****
__spp_cleantag_cnt_direct		: 401298442 
__spp_cleantag_external_cnt_direct	: 66341307 
__spp_checkbound_cnt_direct		: 35455578 
__spp_updatetag_cnt_direct		: 67270338 
__spp_memintr_check_and_clean_cnt_direct: 0 

Running readseq for threads 8
***** SPP runtime statistics *****
__spp_extract_tagval_cnt		: 455662753 
__spp_is_pm_ptr_cnt			: 916013456 
__spp_vol_ptr_check_cnt			: 821268941 
__spp_cleantag_cnt			: 463504681 
USELESS__spp_cleantag_cnt		: 99781335 
__spp_cleantag_external_cnt		: 183212933 
USELESS__spp_cleantag_external_cnt	: 158209787 
__spp_checkbound_cnt			: 568995004 
USELESS__spp_checkbound_cnt		: 522594861 
__spp_updatetag_cnt			: 493113949 
USELESS__spp_updatetag_cnt		: 411176003 
__spp_memintr_check_and_clean_cnt	: 175401142 

***** SPP direct runtime statistics *****
__spp_cleantag_cnt_direct		: 460269183 
__spp_cleantag_external_cnt_direct	: 96803360 
__spp_checkbound_cnt_direct		: 53752975 
__spp_updatetag_cnt_direct		: 98333745 
__spp_memintr_check_and_clean_cnt_direct: 0 

Running readseq for threads 16
***** SPP runtime statistics *****
__spp_extract_tagval_cnt		: 518440546 
__spp_is_pm_ptr_cnt			: 943225417 
__spp_vol_ptr_check_cnt			: 840192787 
__spp_cleantag_cnt			: 524245382 
USELESS__spp_cleantag_cnt		: 162331175 
__spp_cleantag_external_cnt		: 226200142 
USELESS__spp_cleantag_external_cnt	: 197769420 
__spp_checkbound_cnt			: 608800839 
USELESS__spp_checkbound_cnt		: 556976757 
__spp_updatetag_cnt			: 561001672 
USELESS__spp_updatetag_cnt		: 475570710 
__spp_memintr_check_and_clean_cnt	: 217077886 

***** SPP direct runtime statistics *****
__spp_cleantag_cnt_direct		: 523674297 
__spp_cleantag_external_cnt_direct	: 144075218 
__spp_checkbound_cnt_direct		: 82437710 
__spp_updatetag_cnt_direct		: 141922623 
__spp_memintr_check_and_clean_cnt_direct: 0 

Running readseq for threads 32
***** SPP runtime statistics *****
__spp_extract_tagval_cnt		: 907502220 
__spp_is_pm_ptr_cnt			: 1177540949 
__spp_vol_ptr_check_cnt			: 1072355331 
__spp_cleantag_cnt			: 935531750 
USELESS__spp_cleantag_cnt		: 354482992 
__spp_cleantag_external_cnt		: 501277817 
USELESS__spp_cleantag_external_cnt	: 434017459 
__spp_checkbound_cnt			: 885709665 
USELESS__spp_checkbound_cnt		: 815015214 
__spp_updatetag_cnt			: 906768541 
USELESS__spp_updatetag_cnt		: 852317632 
__spp_memintr_check_and_clean_cnt	: 620781925 

***** SPP direct runtime statistics *****
__spp_cleantag_cnt_direct		: 928448631 
__spp_cleantag_external_cnt_direct	: 342933849 
__spp_checkbound_cnt_direct		: 193642246 
__spp_updatetag_cnt_direct		: 325861173 
__spp_memintr_check_and_clean_cnt_direct: 0 

