Running readrandom for threads 1
***** SPP runtime statistics *****
__spp_extract_tagval_cnt		: 223167022 
__spp_is_pm_ptr_cnt			: 899236569 
__spp_vol_ptr_check_cnt			: 681619464 
__spp_cleantag_cnt			: 262164663 
USELESS__spp_cleantag_cnt		: 20000002 
__spp_cleantag_external_cnt		: 91047157 
USELESS__spp_cleantag_external_cnt	: 64621437 
__spp_checkbound_cnt			: 577035159 
USELESS__spp_checkbound_cnt		: 472441288 
__spp_updatetag_cnt			: 557588677 
USELESS__spp_updatetag_cnt		: 413441331 
__spp_memintr_check_and_clean_cnt	: 85103393 

***** SPP direct runtime statistics *****
__spp_cleantag_cnt_direct		: 223167022 
__spp_cleantag_external_cnt_direct	: 25887608 
__spp_checkbound_cnt_direct		: 12542834 
__spp_updatetag_cnt_direct		: 24083307 
__spp_memintr_check_and_clean_cnt_direct: 0 

Running readrandom for threads 2
***** SPP runtime statistics *****
__spp_extract_tagval_cnt		: 327072044 
__spp_is_pm_ptr_cnt			: 933243320 
__spp_vol_ptr_check_cnt			: 782633412 
__spp_cleantag_cnt			: 362716812 
USELESS__spp_cleantag_cnt		: 37490942 
__spp_cleantag_external_cnt		: 131157474 
USELESS__spp_cleantag_external_cnt	: 101385312 
__spp_checkbound_cnt			: 601538363 
USELESS__spp_checkbound_cnt		: 534505100 
__spp_updatetag_cnt			: 569457741 
USELESS__spp_updatetag_cnt		: 459886725 
__spp_memintr_check_and_clean_cnt	: 120608509 

***** SPP direct runtime statistics *****
__spp_cleantag_cnt_direct		: 328628236 
__spp_cleantag_external_cnt_direct	: 45059041 
__spp_checkbound_cnt_direct		: 22714583 
__spp_updatetag_cnt_direct		: 43193434 
__spp_memintr_check_and_clean_cnt_direct: 0 

Running readrandom for threads 4
***** SPP runtime statistics *****
__spp_extract_tagval_cnt		: 403802062 
__spp_is_pm_ptr_cnt			: 901322586 
__spp_vol_ptr_check_cnt			: 816157727 
__spp_cleantag_cnt			: 421552413 
USELESS__spp_cleantag_cnt		: 64419385 
__spp_cleantag_external_cnt		: 158847951 
USELESS__spp_cleantag_external_cnt	: 133968175 
__spp_checkbound_cnt			: 563652962 
USELESS__spp_checkbound_cnt		: 520244410 
__spp_updatetag_cnt			: 484200356 
USELESS__spp_updatetag_cnt		: 413456104 
__spp_memintr_check_and_clean_cnt	: 147357142 

***** SPP direct runtime statistics *****
__spp_cleantag_cnt_direct		: 407491941 
__spp_cleantag_external_cnt_direct	: 69589550 
__spp_checkbound_cnt_direct		: 36085471 
__spp_updatetag_cnt_direct		: 68286495 
__spp_memintr_check_and_clean_cnt_direct: 0 

Running readrandom for threads 8
***** SPP runtime statistics *****
__spp_extract_tagval_cnt		: 472396206 
__spp_is_pm_ptr_cnt			: 892500256 
__spp_vol_ptr_check_cnt			: 817333990 
__spp_cleantag_cnt			: 473515968 
USELESS__spp_cleantag_cnt		: 101938808 
__spp_cleantag_external_cnt		: 183907128 
USELESS__spp_cleantag_external_cnt	: 160463528 
__spp_checkbound_cnt			: 559004557 
USELESS__spp_checkbound_cnt		: 523827292 
__spp_updatetag_cnt			: 478543585 
USELESS__spp_updatetag_cnt		: 406864857 
__spp_memintr_check_and_clean_cnt	: 176453475 

***** SPP direct runtime statistics *****
__spp_cleantag_cnt_direct		: 476538131 
__spp_cleantag_external_cnt_direct	: 101507553 
__spp_checkbound_cnt_direct		: 55853946 
__spp_updatetag_cnt_direct		: 101938624 
__spp_memintr_check_and_clean_cnt_direct: 0 

Running readrandom for threads 16
***** SPP runtime statistics *****
__spp_extract_tagval_cnt		: 541085570 
__spp_is_pm_ptr_cnt			: 916918371 
__spp_vol_ptr_check_cnt			: 834527591 
__spp_cleantag_cnt			: 540073443 
USELESS__spp_cleantag_cnt		: 166801594 
__spp_cleantag_external_cnt		: 225287402 
USELESS__spp_cleantag_external_cnt	: 198588477 
__spp_checkbound_cnt			: 596518814 
USELESS__spp_checkbound_cnt		: 555391904 
__spp_updatetag_cnt			: 548990977 
USELESS__spp_updatetag_cnt		: 474650728 
__spp_memintr_check_and_clean_cnt	: 223072620 

***** SPP direct runtime statistics *****
__spp_cleantag_cnt_direct		: 545934542 
__spp_cleantag_external_cnt_direct	: 148494135 
__spp_checkbound_cnt_direct		: 87127014 
__spp_updatetag_cnt_direct		: 149011963 
__spp_memintr_check_and_clean_cnt_direct: 0 

Running readrandom for threads 32
***** SPP runtime statistics *****
__spp_extract_tagval_cnt		: 908450202 
__spp_is_pm_ptr_cnt			: 1179782635 
__spp_vol_ptr_check_cnt			: 1087716839 
__spp_cleantag_cnt			: 934623533 
USELESS__spp_cleantag_cnt		: 365911574 
__spp_cleantag_external_cnt		: 502863249 
USELESS__spp_cleantag_external_cnt	: 437230488 
__spp_checkbound_cnt			: 897881252 
USELESS__spp_checkbound_cnt		: 833952120 
__spp_updatetag_cnt			: 916364567 
USELESS__spp_updatetag_cnt		: 873402028 
__spp_memintr_check_and_clean_cnt	: 633954620 

***** SPP direct runtime statistics *****
__spp_cleantag_cnt_direct		: 929361455 
__spp_cleantag_external_cnt_direct	: 348507765 
__spp_checkbound_cnt_direct		: 200561396 
__spp_updatetag_cnt_direct		: 335461151 
__spp_memintr_check_and_clean_cnt_direct: 0 

